============================================================
session_name: rb_livebench__260408_173521
attempt: 1
started_at: 2026-04-08T18:00:47-04:00
config_path: configs/experiments/generated/spring26_2026-04-08__17-35-21/full_livebench_all_strategies.toml
checkpoint_path: outputs/full_livebench__spring26_2026-04-08__17-35-21/results.jsonl
cwd: /mnt/Yanlai/ReasonBench
command: PYTHONUNBUFFERED=1 PYTHONPATH=src /usr/bin/python3 -u -m reasonbench.cli.run --config configs/experiments/generated/spring26_2026-04-08__17-35-21/full_livebench_all_strategies.toml
============================================================
[ReasonBench] livebench_warning missing_ground_truth=528/1436 proxy_scoring_may_be_invalid_for_these_tasks
[ReasonBench] livebench_warning task=LCB_generation missing_ground_truth=78
[ReasonBench] livebench_warning task=coding_completion missing_ground_truth=50
[ReasonBench] livebench_warning task=paraphrase missing_ground_truth=100
[ReasonBench] livebench_warning task=simplify missing_ground_truth=100
[ReasonBench] livebench_warning task=story_generation missing_ground_truth=100
[ReasonBench] livebench_warning task=summarize missing_ground_truth=100
[ReasonBench] experiment=livebench_full_all_strategies__spring26_2026-04-08__17-35-21 examples=1436 strategies=10 expected_total=14360 existing_checkpoint_records=3
[ReasonBench] pending_records=14357 max_workers=3
[ReasonBench] request_retry attempt=1/7 backoff_s=1.0 error=ConnectionError(MaxRetryError('HTTPSConnectionPool(host=\'game.agaii.org\', port=443): Max retries exceeded with url: /mllm/v1/chat/completions (Caused by ReadTimeoutError("HTTPSConnectionPool(host=\'game.agaii.org\', port=443): Read timed out. (read timeout=240)"))'))
[ReasonBench] request_retry attempt=1/7 backoff_s=1.0 error=ConnectionError(MaxRetryError('HTTPSConnectionPool(host=\'game.agaii.org\', port=443): Max retries exceeded with url: /mllm/v1/chat/completions (Caused by ReadTimeoutError("HTTPSConnectionPool(host=\'game.agaii.org\', port=443): Read timed out. (read timeout=240)"))'))
[ReasonBench] request_retry attempt=1/7 backoff_s=1.0 error=ConnectionError(MaxRetryError('HTTPSConnectionPool(host=\'game.agaii.org\', port=443): Max retries exceeded with url: /mllm/v1/chat/completions (Caused by ReadTimeoutError("HTTPSConnectionPool(host=\'game.agaii.org\', port=443): Read timed out. (read timeout=240)"))'))
[ReasonBench] request_retry attempt=2/7 backoff_s=2.0 error=ConnectionError(MaxRetryError('HTTPSConnectionPool(host=\'game.agaii.org\', port=443): Max retries exceeded with url: /mllm/v1/chat/completions (Caused by ReadTimeoutError("HTTPSConnectionPool(host=\'game.agaii.org\', port=443): Read timed out. (read timeout=240)"))'))
[ReasonBench] request_retry attempt=2/7 backoff_s=2.0 error=ConnectionError(MaxRetryError('HTTPSConnectionPool(host=\'game.agaii.org\', port=443): Max retries exceeded with url: /mllm/v1/chat/completions (Caused by ReadTimeoutError("HTTPSConnectionPool(host=\'game.agaii.org\', port=443): Read timed out. (read timeout=240)"))'))
[ReasonBench] request_retry attempt=2/7 backoff_s=2.0 error=ConnectionError(MaxRetryError('HTTPSConnectionPool(host=\'game.agaii.org\', port=443): Max retries exceeded with url: /mllm/v1/chat/completions (Caused by ReadTimeoutError("HTTPSConnectionPool(host=\'game.agaii.org\', port=443): Read timed out. (read timeout=240)"))'))
[ReasonBench] request_retry attempt=3/7 backoff_s=4.0 error=ConnectionError(MaxRetryError('HTTPSConnectionPool(host=\'game.agaii.org\', port=443): Max retries exceeded with url: /mllm/v1/chat/completions (Caused by ReadTimeoutError("HTTPSConnectionPool(host=\'game.agaii.org\', port=443): Read timed out. (read timeout=240)"))'))
[ReasonBench] request_retry attempt=3/7 backoff_s=4.0 error=ConnectionError(MaxRetryError('HTTPSConnectionPool(host=\'game.agaii.org\', port=443): Max retries exceeded with url: /mllm/v1/chat/completions (Caused by ReadTimeoutError("HTTPSConnectionPool(host=\'game.agaii.org\', port=443): Read timed out. (read timeout=240)"))'))
[ReasonBench] request_retry attempt=3/7 backoff_s=4.0 error=ConnectionError(MaxRetryError('HTTPSConnectionPool(host=\'game.agaii.org\', port=443): Max retries exceeded with url: /mllm/v1/chat/completions (Caused by ReadTimeoutError("HTTPSConnectionPool(host=\'game.agaii.org\', port=443): Read timed out. (read timeout=240)"))'))
[ReasonBench] request_retry attempt=4/7 backoff_s=8.0 error=ConnectionError(MaxRetryError('HTTPSConnectionPool(host=\'game.agaii.org\', port=443): Max retries exceeded with url: /mllm/v1/chat/completions (Caused by ReadTimeoutError("HTTPSConnectionPool(host=\'game.agaii.org\', port=443): Read timed out. (read timeout=240)"))'))
[ReasonBench] request_retry attempt=4/7 backoff_s=8.0 error=ConnectionError(MaxRetryError('HTTPSConnectionPool(host=\'game.agaii.org\', port=443): Max retries exceeded with url: /mllm/v1/chat/completions (Caused by ReadTimeoutError("HTTPSConnectionPool(host=\'game.agaii.org\', port=443): Read timed out. (read timeout=240)"))'))
[ReasonBench] request_retry attempt=4/7 backoff_s=8.0 error=ConnectionError(MaxRetryError('HTTPSConnectionPool(host=\'game.agaii.org\', port=443): Max retries exceeded with url: /mllm/v1/chat/completions (Caused by ReadTimeoutError("HTTPSConnectionPool(host=\'game.agaii.org\', port=443): Read timed out. (read timeout=240)"))'))
[ReasonBench] request_retry attempt=5/7 backoff_s=12.0 error=ConnectionError(MaxRetryError('HTTPSConnectionPool(host=\'game.agaii.org\', port=443): Max retries exceeded with url: /mllm/v1/chat/completions (Caused by ReadTimeoutError("HTTPSConnectionPool(host=\'game.agaii.org\', port=443): Read timed out. (read timeout=240)"))'))
[ReasonBench] request_retry attempt=5/7 backoff_s=12.0 error=ConnectionError(MaxRetryError('HTTPSConnectionPool(host=\'game.agaii.org\', port=443): Max retries exceeded with url: /mllm/v1/chat/completions (Caused by ReadTimeoutError("HTTPSConnectionPool(host=\'game.agaii.org\', port=443): Read timed out. (read timeout=240)"))'))
[ReasonBench] request_retry attempt=1/7 backoff_s=1.0 error=ConnectionError(MaxRetryError('HTTPSConnectionPool(host=\'game.agaii.org\', port=443): Max retries exceeded with url: /mllm/v1/chat/completions (Caused by ReadTimeoutError("HTTPSConnectionPool(host=\'game.agaii.org\', port=443): Read timed out. (read timeout=240)"))'))
[ReasonBench] request_retry attempt=6/7 backoff_s=12.0 error=ConnectionError(MaxRetryError('HTTPSConnectionPool(host=\'game.agaii.org\', port=443): Max retries exceeded with url: /mllm/v1/chat/completions (Caused by ReadTimeoutError("HTTPSConnectionPool(host=\'game.agaii.org\', port=443): Read timed out. (read timeout=240)"))'))
[ReasonBench] request_retry attempt=6/7 backoff_s=12.0 error=ConnectionError(MaxRetryError('HTTPSConnectionPool(host=\'game.agaii.org\', port=443): Max retries exceeded with url: /mllm/v1/chat/completions (Caused by ReadTimeoutError("HTTPSConnectionPool(host=\'game.agaii.org\', port=443): Read timed out. (read timeout=240)"))'))
[ReasonBench] request_retry attempt=2/7 backoff_s=2.0 error=ConnectionError(MaxRetryError('HTTPSConnectionPool(host=\'game.agaii.org\', port=443): Max retries exceeded with url: /mllm/v1/chat/completions (Caused by ReadTimeoutError("HTTPSConnectionPool(host=\'game.agaii.org\', port=443): Read timed out. (read timeout=240)"))'))
[ReasonBench] error example_id=eecef5ebcd4b0224ec2404b15759eae2703c32db82dc7fd711af23c0dffc888a strategy=self_verify error=ConnectionError(MaxRetryError('HTTPSConnectionPool(host=\'game.agaii.org\', port=443): Max retries exceeded with url: /mllm/v1/chat/completions (Caused by ReadTimeoutError("HTTPSConnectionPool(host=\'game.agaii.org\', port=443): Read timed out. (read timeout=240)"))'))
[ReasonBench] marked_unscorable example_id=eecef5ebcd4b0224ec2404b15759eae2703c32db82dc7fd711af23c0dffc888a strategy=self_verify error_records=1
[ReasonBench] progress total=4/14360 (0.03%) new=1/14357 elapsed_s=12240.5
[ReasonBench] error example_id=eecef5ebcd4b0224ec2404b15759eae2703c32db82dc7fd711af23c0dffc888a strategy=constraint_decompose error=ConnectionError(MaxRetryError('HTTPSConnectionPool(host=\'game.agaii.org\', port=443): Max retries exceeded with url: /mllm/v1/chat/completions (Caused by ReadTimeoutError("HTTPSConnectionPool(host=\'game.agaii.org\', port=443): Read timed out. (read timeout=240)"))'))
[ReasonBench] marked_unscorable example_id=eecef5ebcd4b0224ec2404b15759eae2703c32db82dc7fd711af23c0dffc888a strategy=constraint_decompose error_records=2
[ReasonBench] request_retry attempt=1/7 backoff_s=1.0 error=ConnectionError(MaxRetryError('HTTPSConnectionPool(host=\'game.agaii.org\', port=443): Max retries exceeded with url: /mllm/v1/chat/completions (Caused by ReadTimeoutError("HTTPSConnectionPool(host=\'game.agaii.org\', port=443): Read timed out. (read timeout=240)"))'))
[ReasonBench] request_retry attempt=1/7 backoff_s=1.0 error=ConnectionError(MaxRetryError('HTTPSConnectionPool(host=\'game.agaii.org\', port=443): Max retries exceeded with url: /mllm/v1/chat/completions (Caused by ReadTimeoutError("HTTPSConnectionPool(host=\'game.agaii.org\', port=443): Read timed out. (read timeout=240)"))'))
[ReasonBench] request_retry attempt=1/7 backoff_s=1.0 error=ConnectionError(MaxRetryError('HTTPSConnectionPool(host=\'game.agaii.org\', port=443): Max retries exceeded with url: /mllm/v1/chat/completions (Caused by ReadTimeoutError("HTTPSConnectionPool(host=\'game.agaii.org\', port=443): Read timed out. (read timeout=240)"))'))
[ReasonBench] request_retry attempt=2/7 backoff_s=2.0 error=ConnectionError(MaxRetryError('HTTPSConnectionPool(host=\'game.agaii.org\', port=443): Max retries exceeded with url: /mllm/v1/chat/completions (Caused by ReadTimeoutError("HTTPSConnectionPool(host=\'game.agaii.org\', port=443): Read timed out. (read timeout=240)"))'))
[ReasonBench] request_retry attempt=2/7 backoff_s=2.0 error=ConnectionError(MaxRetryError('HTTPSConnectionPool(host=\'game.agaii.org\', port=443): Max retries exceeded with url: /mllm/v1/chat/completions (Caused by ReadTimeoutError("HTTPSConnectionPool(host=\'game.agaii.org\', port=443): Read timed out. (read timeout=240)"))'))
[ReasonBench] request_retry attempt=2/7 backoff_s=2.0 error=ConnectionError(MaxRetryError('HTTPSConnectionPool(host=\'game.agaii.org\', port=443): Max retries exceeded with url: /mllm/v1/chat/completions (Caused by ReadTimeoutError("HTTPSConnectionPool(host=\'game.agaii.org\', port=443): Read timed out. (read timeout=240)"))'))
[ReasonBench] request_retry attempt=3/7 backoff_s=4.0 error=ConnectionError(MaxRetryError('HTTPSConnectionPool(host=\'game.agaii.org\', port=443): Max retries exceeded with url: /mllm/v1/chat/completions (Caused by ReadTimeoutError("HTTPSConnectionPool(host=\'game.agaii.org\', port=443): Read timed out. (read timeout=240)"))'))
[ReasonBench] request_retry attempt=3/7 backoff_s=4.0 error=ConnectionError(MaxRetryError('HTTPSConnectionPool(host=\'game.agaii.org\', port=443): Max retries exceeded with url: /mllm/v1/chat/completions (Caused by ReadTimeoutError("HTTPSConnectionPool(host=\'game.agaii.org\', port=443): Read timed out. (read timeout=240)"))'))
[ReasonBench] request_retry attempt=3/7 backoff_s=4.0 error=ConnectionError(MaxRetryError('HTTPSConnectionPool(host=\'game.agaii.org\', port=443): Max retries exceeded with url: /mllm/v1/chat/completions (Caused by ReadTimeoutError("HTTPSConnectionPool(host=\'game.agaii.org\', port=443): Read timed out. (read timeout=240)"))'))
[ReasonBench] request_retry attempt=4/7 backoff_s=8.0 error=ConnectionError(MaxRetryError('HTTPSConnectionPool(host=\'game.agaii.org\', port=443): Max retries exceeded with url: /mllm/v1/chat/completions (Caused by ReadTimeoutError("HTTPSConnectionPool(host=\'game.agaii.org\', port=443): Read timed out. (read timeout=240)"))'))
[ReasonBench] request_retry attempt=4/7 backoff_s=8.0 error=ConnectionError(MaxRetryError('HTTPSConnectionPool(host=\'game.agaii.org\', port=443): Max retries exceeded with url: /mllm/v1/chat/completions (Caused by ReadTimeoutError("HTTPSConnectionPool(host=\'game.agaii.org\', port=443): Read timed out. (read timeout=240)"))'))
[ReasonBench] request_retry attempt=4/7 backoff_s=8.0 error=ConnectionError(MaxRetryError('HTTPSConnectionPool(host=\'game.agaii.org\', port=443): Max retries exceeded with url: /mllm/v1/chat/completions (Caused by ReadTimeoutError("HTTPSConnectionPool(host=\'game.agaii.org\', port=443): Read timed out. (read timeout=240)"))'))
[ReasonBench] request_retry attempt=5/7 backoff_s=12.0 error=ConnectionError(MaxRetryError('HTTPSConnectionPool(host=\'game.agaii.org\', port=443): Max retries exceeded with url: /mllm/v1/chat/completions (Caused by ReadTimeoutError("HTTPSConnectionPool(host=\'game.agaii.org\', port=443): Read timed out. (read timeout=240)"))'))
[ReasonBench] request_retry attempt=5/7 backoff_s=12.0 error=ConnectionError(MaxRetryError('HTTPSConnectionPool(host=\'game.agaii.org\', port=443): Max retries exceeded with url: /mllm/v1/chat/completions (Caused by ReadTimeoutError("HTTPSConnectionPool(host=\'game.agaii.org\', port=443): Read timed out. (read timeout=240)"))'))
[ReasonBench] request_retry attempt=5/7 backoff_s=12.0 error=ConnectionError(MaxRetryError('HTTPSConnectionPool(host=\'game.agaii.org\', port=443): Max retries exceeded with url: /mllm/v1/chat/completions (Caused by ReadTimeoutError("HTTPSConnectionPool(host=\'game.agaii.org\', port=443): Read timed out. (read timeout=240)"))'))
[ReasonBench] request_retry attempt=6/7 backoff_s=12.0 error=ConnectionError(MaxRetryError('HTTPSConnectionPool(host=\'game.agaii.org\', port=443): Max retries exceeded with url: /mllm/v1/chat/completions (Caused by ReadTimeoutError("HTTPSConnectionPool(host=\'game.agaii.org\', port=443): Read timed out. (read timeout=240)"))'))
[ReasonBench] request_retry attempt=6/7 backoff_s=12.0 error=ConnectionError(MaxRetryError('HTTPSConnectionPool(host=\'game.agaii.org\', port=443): Max retries exceeded with url: /mllm/v1/chat/completions (Caused by ReadTimeoutError("HTTPSConnectionPool(host=\'game.agaii.org\', port=443): Read timed out. (read timeout=240)"))'))
[ReasonBench] request_retry attempt=1/7 backoff_s=1.0 error=ConnectionError(MaxRetryError('HTTPSConnectionPool(host=\'game.agaii.org\', port=443): Max retries exceeded with url: /mllm/v1/chat/completions (Caused by ReadTimeoutError("HTTPSConnectionPool(host=\'game.agaii.org\', port=443): Read timed out. (read timeout=240)"))'))
[ReasonBench] error example_id=eecef5ebcd4b0224ec2404b15759eae2703c32db82dc7fd711af23c0dffc888a strategy=selective_self_consistency error=ConnectionError(MaxRetryError('HTTPSConnectionPool(host=\'game.agaii.org\', port=443): Max retries exceeded with url: /mllm/v1/chat/completions (Caused by ReadTimeoutError("HTTPSConnectionPool(host=\'game.agaii.org\', port=443): Read timed out. (read timeout=240)"))'))
[ReasonBench] marked_unscorable example_id=eecef5ebcd4b0224ec2404b15759eae2703c32db82dc7fd711af23c0dffc888a strategy=selective_self_consistency error_records=3
[ReasonBench] error example_id=eecef5ebcd4b0224ec2404b15759eae2703c32db82dc7fd711af23c0dffc888a strategy=critique_refine error=ConnectionError(MaxRetryError('HTTPSConnectionPool(host=\'game.agaii.org\', port=443): Max retries exceeded with url: /mllm/v1/chat/completions (Caused by ReadTimeoutError("HTTPSConnectionPool(host=\'game.agaii.org\', port=443): Read timed out. (read timeout=240)"))'))
[ReasonBench] marked_unscorable example_id=eecef5ebcd4b0224ec2404b15759eae2703c32db82dc7fd711af23c0dffc888a strategy=critique_refine error_records=4
[ReasonBench] request_retry attempt=2/7 backoff_s=2.0 error=ConnectionError(MaxRetryError('HTTPSConnectionPool(host=\'game.agaii.org\', port=443): Max retries exceeded with url: /mllm/v1/chat/completions (Caused by ReadTimeoutError("HTTPSConnectionPool(host=\'game.agaii.org\', port=443): Read timed out. (read timeout=240)"))'))
[ReasonBench] request_retry attempt=1/7 backoff_s=1.0 error=ConnectionError(MaxRetryError('HTTPSConnectionPool(host=\'game.agaii.org\', port=443): Max retries exceeded with url: /mllm/v1/chat/completions (Caused by ReadTimeoutError("HTTPSConnectionPool(host=\'game.agaii.org\', port=443): Read timed out. (read timeout=240)"))'))
[ReasonBench] request_retry attempt=1/7 backoff_s=1.0 error=ConnectionError(MaxRetryError('HTTPSConnectionPool(host=\'game.agaii.org\', port=443): Max retries exceeded with url: /mllm/v1/chat/completions (Caused by ReadTimeoutError("HTTPSConnectionPool(host=\'game.agaii.org\', port=443): Read timed out. (read timeout=240)"))'))
[ReasonBench] request_retry attempt=3/7 backoff_s=4.0 error=ConnectionError(MaxRetryError('HTTPSConnectionPool(host=\'game.agaii.org\', port=443): Max retries exceeded with url: /mllm/v1/chat/completions (Caused by ReadTimeoutError("HTTPSConnectionPool(host=\'game.agaii.org\', port=443): Read timed out. (read timeout=240)"))'))
[ReasonBench] request_retry attempt=2/7 backoff_s=2.0 error=ConnectionError(MaxRetryError('HTTPSConnectionPool(host=\'game.agaii.org\', port=443): Max retries exceeded with url: /mllm/v1/chat/completions (Caused by ReadTimeoutError("HTTPSConnectionPool(host=\'game.agaii.org\', port=443): Read timed out. (read timeout=240)"))'))
[ReasonBench] request_retry attempt=2/7 backoff_s=2.0 error=ConnectionError(MaxRetryError('HTTPSConnectionPool(host=\'game.agaii.org\', port=443): Max retries exceeded with url: /mllm/v1/chat/completions (Caused by ReadTimeoutError("HTTPSConnectionPool(host=\'game.agaii.org\', port=443): Read timed out. (read timeout=240)"))'))
[ReasonBench] request_retry attempt=4/7 backoff_s=8.0 error=ConnectionError(MaxRetryError('HTTPSConnectionPool(host=\'game.agaii.org\', port=443): Max retries exceeded with url: /mllm/v1/chat/completions (Caused by ReadTimeoutError("HTTPSConnectionPool(host=\'game.agaii.org\', port=443): Read timed out. (read timeout=240)"))'))
[ReasonBench] request_retry attempt=3/7 backoff_s=4.0 error=ConnectionError(MaxRetryError('HTTPSConnectionPool(host=\'game.agaii.org\', port=443): Max retries exceeded with url: /mllm/v1/chat/completions (Caused by ReadTimeoutError("HTTPSConnectionPool(host=\'game.agaii.org\', port=443): Read timed out. (read timeout=240)"))'))
[ReasonBench] request_retry attempt=3/7 backoff_s=4.0 error=ConnectionError(MaxRetryError('HTTPSConnectionPool(host=\'game.agaii.org\', port=443): Max retries exceeded with url: /mllm/v1/chat/completions (Caused by ReadTimeoutError("HTTPSConnectionPool(host=\'game.agaii.org\', port=443): Read timed out. (read timeout=240)"))'))
[ReasonBench] request_retry attempt=5/7 backoff_s=12.0 error=ConnectionError(MaxRetryError('HTTPSConnectionPool(host=\'game.agaii.org\', port=443): Max retries exceeded with url: /mllm/v1/chat/completions (Caused by ReadTimeoutError("HTTPSConnectionPool(host=\'game.agaii.org\', port=443): Read timed out. (read timeout=240)"))'))
[ReasonBench] request_retry attempt=4/7 backoff_s=8.0 error=ConnectionError(MaxRetryError('HTTPSConnectionPool(host=\'game.agaii.org\', port=443): Max retries exceeded with url: /mllm/v1/chat/completions (Caused by ReadTimeoutError("HTTPSConnectionPool(host=\'game.agaii.org\', port=443): Read timed out. (read timeout=240)"))'))
[ReasonBench] request_retry attempt=6/7 backoff_s=12.0 error=ConnectionError(MaxRetryError('HTTPSConnectionPool(host=\'game.agaii.org\', port=443): Max retries exceeded with url: /mllm/v1/chat/completions (Caused by ReadTimeoutError("HTTPSConnectionPool(host=\'game.agaii.org\', port=443): Read timed out. (read timeout=240)"))'))
[ReasonBench] request_retry attempt=1/7 backoff_s=1.0 error=ConnectionError(MaxRetryError('HTTPSConnectionPool(host=\'game.agaii.org\', port=443): Max retries exceeded with url: /mllm/v1/chat/completions (Caused by ReadTimeoutError("HTTPSConnectionPool(host=\'game.agaii.org\', port=443): Read timed out. (read timeout=240)"))'))
[ReasonBench] request_retry attempt=5/7 backoff_s=12.0 error=ConnectionError(MaxRetryError('HTTPSConnectionPool(host=\'game.agaii.org\', port=443): Max retries exceeded with url: /mllm/v1/chat/completions (Caused by ReadTimeoutError("HTTPSConnectionPool(host=\'game.agaii.org\', port=443): Read timed out. (read timeout=240)"))'))
[ReasonBench] error example_id=eecef5ebcd4b0224ec2404b15759eae2703c32db82dc7fd711af23c0dffc888a strategy=budgeted_cascade error=ConnectionError(MaxRetryError('HTTPSConnectionPool(host=\'game.agaii.org\', port=443): Max retries exceeded with url: /mllm/v1/chat/completions (Caused by ReadTimeoutError("HTTPSConnectionPool(host=\'game.agaii.org\', port=443): Read timed out. (read timeout=240)"))'))
[ReasonBench] marked_unscorable example_id=eecef5ebcd4b0224ec2404b15759eae2703c32db82dc7fd711af23c0dffc888a strategy=budgeted_cascade error_records=5
[ReasonBench] request_retry attempt=2/7 backoff_s=2.0 error=ConnectionError(MaxRetryError('HTTPSConnectionPool(host=\'game.agaii.org\', port=443): Max retries exceeded with url: /mllm/v1/chat/completions (Caused by ReadTimeoutError("HTTPSConnectionPool(host=\'game.agaii.org\', port=443): Read timed out. (read timeout=240)"))'))
[ReasonBench] request_retry attempt=6/7 backoff_s=12.0 error=ConnectionError(MaxRetryError('HTTPSConnectionPool(host=\'game.agaii.org\', port=443): Max retries exceeded with url: /mllm/v1/chat/completions (Caused by ReadTimeoutError("HTTPSConnectionPool(host=\'game.agaii.org\', port=443): Read timed out. (read timeout=240)"))'))
[ReasonBench] request_retry attempt=1/7 backoff_s=1.0 error=ConnectionError(MaxRetryError('HTTPSConnectionPool(host=\'game.agaii.org\', port=443): Max retries exceeded with url: /mllm/v1/chat/completions (Caused by ReadTimeoutError("HTTPSConnectionPool(host=\'game.agaii.org\', port=443): Read timed out. (read timeout=240)"))'))
[ReasonBench] request_retry attempt=3/7 backoff_s=4.0 error=ConnectionError(MaxRetryError('HTTPSConnectionPool(host=\'game.agaii.org\', port=443): Max retries exceeded with url: /mllm/v1/chat/completions (Caused by ReadTimeoutError("HTTPSConnectionPool(host=\'game.agaii.org\', port=443): Read timed out. (read timeout=240)"))'))
[ReasonBench] error example_id=0664f46bd7bf6217d229be6762834af2aa642e7b97b14469f478c93a382ee520 strategy=concise_cot error=ConnectionError(MaxRetryError('HTTPSConnectionPool(host=\'game.agaii.org\', port=443): Max retries exceeded with url: /mllm/v1/chat/completions (Caused by ReadTimeoutError("HTTPSConnectionPool(host=\'game.agaii.org\', port=443): Read timed out. (read timeout=240)"))'))
[ReasonBench] marked_unscorable example_id=0664f46bd7bf6217d229be6762834af2aa642e7b97b14469f478c93a382ee520 strategy=concise_cot error_records=6
[ReasonBench] request_retry attempt=2/7 backoff_s=2.0 error=ConnectionError(MaxRetryError('HTTPSConnectionPool(host=\'game.agaii.org\', port=443): Max retries exceeded with url: /mllm/v1/chat/completions (Caused by ReadTimeoutError("HTTPSConnectionPool(host=\'game.agaii.org\', port=443): Read timed out. (read timeout=240)"))'))
[ReasonBench] request_retry attempt=4/7 backoff_s=8.0 error=ConnectionError(MaxRetryError('HTTPSConnectionPool(host=\'game.agaii.org\', port=443): Max retries exceeded with url: /mllm/v1/chat/completions (Caused by ReadTimeoutError("HTTPSConnectionPool(host=\'game.agaii.org\', port=443): Read timed out. (read timeout=240)"))'))
[ReasonBench] request_retry attempt=1/7 backoff_s=1.0 error=ConnectionError(MaxRetryError('HTTPSConnectionPool(host=\'game.agaii.org\', port=443): Max retries exceeded with url: /mllm/v1/chat/completions (Caused by ReadTimeoutError("HTTPSConnectionPool(host=\'game.agaii.org\', port=443): Read timed out. (read timeout=240)"))'))
[ReasonBench] request_retry attempt=3/7 backoff_s=4.0 error=ConnectionError(MaxRetryError('HTTPSConnectionPool(host=\'game.agaii.org\', port=443): Max retries exceeded with url: /mllm/v1/chat/completions (Caused by ReadTimeoutError("HTTPSConnectionPool(host=\'game.agaii.org\', port=443): Read timed out. (read timeout=240)"))'))
[ReasonBench] request_retry attempt=5/7 backoff_s=12.0 error=ConnectionError(MaxRetryError('HTTPSConnectionPool(host=\'game.agaii.org\', port=443): Max retries exceeded with url: /mllm/v1/chat/completions (Caused by ReadTimeoutError("HTTPSConnectionPool(host=\'game.agaii.org\', port=443): Read timed out. (read timeout=240)"))'))
[ReasonBench] request_retry attempt=2/7 backoff_s=2.0 error=ConnectionError(MaxRetryError('HTTPSConnectionPool(host=\'game.agaii.org\', port=443): Max retries exceeded with url: /mllm/v1/chat/completions (Caused by ReadTimeoutError("HTTPSConnectionPool(host=\'game.agaii.org\', port=443): Read timed out. (read timeout=240)"))'))
[ReasonBench] request_retry attempt=4/7 backoff_s=8.0 error=ConnectionError(MaxRetryError('HTTPSConnectionPool(host=\'game.agaii.org\', port=443): Max retries exceeded with url: /mllm/v1/chat/completions (Caused by ReadTimeoutError("HTTPSConnectionPool(host=\'game.agaii.org\', port=443): Read timed out. (read timeout=240)"))'))
[ReasonBench] request_retry attempt=6/7 backoff_s=12.0 error=ConnectionError(MaxRetryError('HTTPSConnectionPool(host=\'game.agaii.org\', port=443): Max retries exceeded with url: /mllm/v1/chat/completions (Caused by ReadTimeoutError("HTTPSConnectionPool(host=\'game.agaii.org\', port=443): Read timed out. (read timeout=240)"))'))
[ReasonBench] request_retry attempt=3/7 backoff_s=4.0 error=ConnectionError(MaxRetryError('HTTPSConnectionPool(host=\'game.agaii.org\', port=443): Max retries exceeded with url: /mllm/v1/chat/completions (Caused by ReadTimeoutError("HTTPSConnectionPool(host=\'game.agaii.org\', port=443): Read timed out. (read timeout=240)"))'))
[ReasonBench] request_retry attempt=5/7 backoff_s=12.0 error=ConnectionError(MaxRetryError('HTTPSConnectionPool(host=\'game.agaii.org\', port=443): Max retries exceeded with url: /mllm/v1/chat/completions (Caused by ReadTimeoutError("HTTPSConnectionPool(host=\'game.agaii.org\', port=443): Read timed out. (read timeout=240)"))'))
[ReasonBench] error example_id=0664f46bd7bf6217d229be6762834af2aa642e7b97b14469f478c93a382ee520 strategy=least_to_most error=ConnectionError(MaxRetryError('HTTPSConnectionPool(host=\'game.agaii.org\', port=443): Max retries exceeded with url: /mllm/v1/chat/completions (Caused by ReadTimeoutError("HTTPSConnectionPool(host=\'game.agaii.org\', port=443): Read timed out. (read timeout=240)"))'))
[ReasonBench] marked_unscorable example_id=0664f46bd7bf6217d229be6762834af2aa642e7b97b14469f478c93a382ee520 strategy=least_to_most error_records=7
[ReasonBench] request_retry attempt=4/7 backoff_s=8.0 error=ConnectionError(MaxRetryError('HTTPSConnectionPool(host=\'game.agaii.org\', port=443): Max retries exceeded with url: /mllm/v1/chat/completions (Caused by ReadTimeoutError("HTTPSConnectionPool(host=\'game.agaii.org\', port=443): Read timed out. (read timeout=240)"))'))
[ReasonBench] request_retry attempt=6/7 backoff_s=12.0 error=ConnectionError(MaxRetryError('HTTPSConnectionPool(host=\'game.agaii.org\', port=443): Max retries exceeded with url: /mllm/v1/chat/completions (Caused by ReadTimeoutError("HTTPSConnectionPool(host=\'game.agaii.org\', port=443): Read timed out. (read timeout=240)"))'))
[ReasonBench] request_retry attempt=1/7 backoff_s=1.0 error=ConnectionError(MaxRetryError('HTTPSConnectionPool(host=\'game.agaii.org\', port=443): Max retries exceeded with url: /mllm/v1/chat/completions (Caused by ReadTimeoutError("HTTPSConnectionPool(host=\'game.agaii.org\', port=443): Read timed out. (read timeout=240)"))'))
[ReasonBench] request_retry attempt=5/7 backoff_s=12.0 error=ConnectionError(MaxRetryError('HTTPSConnectionPool(host=\'game.agaii.org\', port=443): Max retries exceeded with url: /mllm/v1/chat/completions (Caused by ReadTimeoutError("HTTPSConnectionPool(host=\'game.agaii.org\', port=443): Read timed out. (read timeout=240)"))'))
[ReasonBench] error example_id=0664f46bd7bf6217d229be6762834af2aa642e7b97b14469f478c93a382ee520 strategy=constraint_decompose error=ConnectionError(MaxRetryError('HTTPSConnectionPool(host=\'game.agaii.org\', port=443): Max retries exceeded with url: /mllm/v1/chat/completions (Caused by ReadTimeoutError("HTTPSConnectionPool(host=\'game.agaii.org\', port=443): Read timed out. (read timeout=240)"))'))
[ReasonBench] marked_unscorable example_id=0664f46bd7bf6217d229be6762834af2aa642e7b97b14469f478c93a382ee520 strategy=constraint_decompose error_records=8
[ReasonBench] request_retry attempt=1/7 backoff_s=1.0 error=ConnectionError(MaxRetryError('HTTPSConnectionPool(host=\'game.agaii.org\', port=443): Max retries exceeded with url: /mllm/v1/chat/completions (Caused by ReadTimeoutError("HTTPSConnectionPool(host=\'game.agaii.org\', port=443): Read timed out. (read timeout=240)"))'))
[ReasonBench] request_retry attempt=6/7 backoff_s=12.0 error=ConnectionError(MaxRetryError('HTTPSConnectionPool(host=\'game.agaii.org\', port=443): Max retries exceeded with url: /mllm/v1/chat/completions (Caused by ReadTimeoutError("HTTPSConnectionPool(host=\'game.agaii.org\', port=443): Read timed out. (read timeout=240)"))'))
[ReasonBench] request_retry attempt=1/7 backoff_s=1.0 error=ConnectionError(MaxRetryError('HTTPSConnectionPool(host=\'game.agaii.org\', port=443): Max retries exceeded with url: /mllm/v1/chat/completions (Caused by ReadTimeoutError("HTTPSConnectionPool(host=\'game.agaii.org\', port=443): Read timed out. (read timeout=240)"))'))
[ReasonBench] request_retry attempt=1/7 backoff_s=1.0 error=ConnectionError(MaxRetryError('HTTPSConnectionPool(host=\'game.agaii.org\', port=443): Max retries exceeded with url: /mllm/v1/chat/completions (Caused by ReadTimeoutError("HTTPSConnectionPool(host=\'game.agaii.org\', port=443): Read timed out. (read timeout=240)"))'))
[ReasonBench] error example_id=0664f46bd7bf6217d229be6762834af2aa642e7b97b14469f478c93a382ee520 strategy=self_verify error=ConnectionError(MaxRetryError('HTTPSConnectionPool(host=\'game.agaii.org\', port=443): Max retries exceeded with url: /mllm/v1/chat/completions (Caused by ReadTimeoutError("HTTPSConnectionPool(host=\'game.agaii.org\', port=443): Read timed out. (read timeout=240)"))'))
[ReasonBench] marked_unscorable example_id=0664f46bd7bf6217d229be6762834af2aa642e7b97b14469f478c93a382ee520 strategy=self_verify error_records=9
[ReasonBench] request_retry attempt=2/7 backoff_s=2.0 error=ConnectionError(MaxRetryError('HTTPSConnectionPool(host=\'game.agaii.org\', port=443): Max retries exceeded with url: /mllm/v1/chat/completions (Caused by ReadTimeoutError("HTTPSConnectionPool(host=\'game.agaii.org\', port=443): Read timed out. (read timeout=240)"))'))
[ReasonBench] request_retry attempt=2/7 backoff_s=2.0 error=ConnectionError(MaxRetryError('HTTPSConnectionPool(host=\'game.agaii.org\', port=443): Max retries exceeded with url: /mllm/v1/chat/completions (Caused by ReadTimeoutError("HTTPSConnectionPool(host=\'game.agaii.org\', port=443): Read timed out. (read timeout=240)"))'))
[ReasonBench] request_retry attempt=1/7 backoff_s=1.0 error=ConnectionError(MaxRetryError('HTTPSConnectionPool(host=\'game.agaii.org\', port=443): Max retries exceeded with url: /mllm/v1/chat/completions (Caused by ReadTimeoutError("HTTPSConnectionPool(host=\'game.agaii.org\', port=443): Read timed out. (read timeout=240)"))'))
[ReasonBench] request_retry attempt=3/7 backoff_s=4.0 error=ConnectionError(MaxRetryError('HTTPSConnectionPool(host=\'game.agaii.org\', port=443): Max retries exceeded with url: /mllm/v1/chat/completions (Caused by ReadTimeoutError("HTTPSConnectionPool(host=\'game.agaii.org\', port=443): Read timed out. (read timeout=240)"))'))
[ReasonBench] request_retry attempt=3/7 backoff_s=4.0 error=ConnectionError(MaxRetryError('HTTPSConnectionPool(host=\'game.agaii.org\', port=443): Max retries exceeded with url: /mllm/v1/chat/completions (Caused by ReadTimeoutError("HTTPSConnectionPool(host=\'game.agaii.org\', port=443): Read timed out. (read timeout=240)"))'))
[ReasonBench] request_retry attempt=2/7 backoff_s=2.0 error=ConnectionError(MaxRetryError('HTTPSConnectionPool(host=\'game.agaii.org\', port=443): Max retries exceeded with url: /mllm/v1/chat/completions (Caused by ReadTimeoutError("HTTPSConnectionPool(host=\'game.agaii.org\', port=443): Read timed out. (read timeout=240)"))'))
[ReasonBench] request_retry attempt=4/7 backoff_s=8.0 error=ConnectionError(MaxRetryError('HTTPSConnectionPool(host=\'game.agaii.org\', port=443): Max retries exceeded with url: /mllm/v1/chat/completions (Caused by ReadTimeoutError("HTTPSConnectionPool(host=\'game.agaii.org\', port=443): Read timed out. (read timeout=240)"))'))
[ReasonBench] request_retry attempt=4/7 backoff_s=8.0 error=ConnectionError(MaxRetryError('HTTPSConnectionPool(host=\'game.agaii.org\', port=443): Max retries exceeded with url: /mllm/v1/chat/completions (Caused by ReadTimeoutError("HTTPSConnectionPool(host=\'game.agaii.org\', port=443): Read timed out. (read timeout=240)"))'))
[ReasonBench] request_retry attempt=3/7 backoff_s=4.0 error=ConnectionError(MaxRetryError('HTTPSConnectionPool(host=\'game.agaii.org\', port=443): Max retries exceeded with url: /mllm/v1/chat/completions (Caused by ReadTimeoutError("HTTPSConnectionPool(host=\'game.agaii.org\', port=443): Read timed out. (read timeout=240)"))'))
[ReasonBench] request_retry attempt=5/7 backoff_s=12.0 error=ConnectionError(MaxRetryError('HTTPSConnectionPool(host=\'game.agaii.org\', port=443): Max retries exceeded with url: /mllm/v1/chat/completions (Caused by ReadTimeoutError("HTTPSConnectionPool(host=\'game.agaii.org\', port=443): Read timed out. (read timeout=240)"))'))
[ReasonBench] request_retry attempt=4/7 backoff_s=8.0 error=ConnectionError(MaxRetryError('HTTPSConnectionPool(host=\'game.agaii.org\', port=443): Max retries exceeded with url: /mllm/v1/chat/completions (Caused by ReadTimeoutError("HTTPSConnectionPool(host=\'game.agaii.org\', port=443): Read timed out. (read timeout=240)"))'))
[ReasonBench] request_retry attempt=6/7 backoff_s=12.0 error=ConnectionError(MaxRetryError('HTTPSConnectionPool(host=\'game.agaii.org\', port=443): Max retries exceeded with url: /mllm/v1/chat/completions (Caused by ReadTimeoutError("HTTPSConnectionPool(host=\'game.agaii.org\', port=443): Read timed out. (read timeout=240)"))'))
[ReasonBench] request_retry attempt=5/7 backoff_s=12.0 error=ConnectionError(MaxRetryError('HTTPSConnectionPool(host=\'game.agaii.org\', port=443): Max retries exceeded with url: /mllm/v1/chat/completions (Caused by ReadTimeoutError("HTTPSConnectionPool(host=\'game.agaii.org\', port=443): Read timed out. (read timeout=240)"))'))
[ReasonBench] request_retry attempt=1/7 backoff_s=1.0 error=ConnectionError(MaxRetryError('HTTPSConnectionPool(host=\'game.agaii.org\', port=443): Max retries exceeded with url: /mllm/v1/chat/completions (Caused by ReadTimeoutError("HTTPSConnectionPool(host=\'game.agaii.org\', port=443): Read timed out. (read timeout=240)"))'))
[ReasonBench] error example_id=0664f46bd7bf6217d229be6762834af2aa642e7b97b14469f478c93a382ee520 strategy=budgeted_cascade error=ConnectionError(MaxRetryError('HTTPSConnectionPool(host=\'game.agaii.org\', port=443): Max retries exceeded with url: /mllm/v1/chat/completions (Caused by ReadTimeoutError("HTTPSConnectionPool(host=\'game.agaii.org\', port=443): Read timed out. (read timeout=240)"))'))
[ReasonBench] marked_unscorable example_id=0664f46bd7bf6217d229be6762834af2aa642e7b97b14469f478c93a382ee520 strategy=budgeted_cascade error_records=10
[ReasonBench] request_retry attempt=2/7 backoff_s=2.0 error=ConnectionError(MaxRetryError('HTTPSConnectionPool(host=\'game.agaii.org\', port=443): Max retries exceeded with url: /mllm/v1/chat/completions (Caused by ReadTimeoutError("HTTPSConnectionPool(host=\'game.agaii.org\', port=443): Read timed out. (read timeout=240)"))'))
[ReasonBench] request_retry attempt=1/7 backoff_s=1.0 error=ConnectionError(MaxRetryError('HTTPSConnectionPool(host=\'game.agaii.org\', port=443): Max retries exceeded with url: /mllm/v1/chat/completions (Caused by ReadTimeoutError("HTTPSConnectionPool(host=\'game.agaii.org\', port=443): Read timed out. (read timeout=240)"))'))
[ReasonBench] request_retry attempt=1/7 backoff_s=1.0 error=ConnectionError(MaxRetryError('HTTPSConnectionPool(host=\'game.agaii.org\', port=443): Max retries exceeded with url: /mllm/v1/chat/completions (Caused by ReadTimeoutError("HTTPSConnectionPool(host=\'game.agaii.org\', port=443): Read timed out. (read timeout=240)"))'))
[ReasonBench] request_retry attempt=1/7 backoff_s=1.0 error=ConnectionError(MaxRetryError('HTTPSConnectionPool(host=\'game.agaii.org\', port=443): Max retries exceeded with url: /mllm/v1/chat/completions (Caused by ReadTimeoutError("HTTPSConnectionPool(host=\'game.agaii.org\', port=443): Read timed out. (read timeout=240)"))'))
[ReasonBench] request_retry attempt=2/7 backoff_s=2.0 error=ConnectionError(MaxRetryError('HTTPSConnectionPool(host=\'game.agaii.org\', port=443): Max retries exceeded with url: /mllm/v1/chat/completions (Caused by ReadTimeoutError("HTTPSConnectionPool(host=\'game.agaii.org\', port=443): Read timed out. (read timeout=240)"))'))
[ReasonBench] request_retry attempt=2/7 backoff_s=2.0 error=ConnectionError(MaxRetryError('HTTPSConnectionPool(host=\'game.agaii.org\', port=443): Max retries exceeded with url: /mllm/v1/chat/completions (Caused by ReadTimeoutError("HTTPSConnectionPool(host=\'game.agaii.org\', port=443): Read timed out. (read timeout=240)"))'))
[ReasonBench] request_retry attempt=2/7 backoff_s=2.0 error=ConnectionError(MaxRetryError('HTTPSConnectionPool(host=\'game.agaii.org\', port=443): Max retries exceeded with url: /mllm/v1/chat/completions (Caused by ReadTimeoutError("HTTPSConnectionPool(host=\'game.agaii.org\', port=443): Read timed out. (read timeout=240)"))'))
[ReasonBench] request_retry attempt=3/7 backoff_s=4.0 error=ConnectionError(MaxRetryError('HTTPSConnectionPool(host=\'game.agaii.org\', port=443): Max retries exceeded with url: /mllm/v1/chat/completions (Caused by ReadTimeoutError("HTTPSConnectionPool(host=\'game.agaii.org\', port=443): Read timed out. (read timeout=240)"))'))
[ReasonBench] request_retry attempt=3/7 backoff_s=4.0 error=ConnectionError(MaxRetryError('HTTPSConnectionPool(host=\'game.agaii.org\', port=443): Max retries exceeded with url: /mllm/v1/chat/completions (Caused by ReadTimeoutError("HTTPSConnectionPool(host=\'game.agaii.org\', port=443): Read timed out. (read timeout=240)"))'))
[ReasonBench] request_retry attempt=3/7 backoff_s=4.0 error=ConnectionError(MaxRetryError('HTTPSConnectionPool(host=\'game.agaii.org\', port=443): Max retries exceeded with url: /mllm/v1/chat/completions (Caused by ReadTimeoutError("HTTPSConnectionPool(host=\'game.agaii.org\', port=443): Read timed out. (read timeout=240)"))'))
[ReasonBench] request_retry attempt=4/7 backoff_s=8.0 error=ConnectionError(MaxRetryError('HTTPSConnectionPool(host=\'game.agaii.org\', port=443): Max retries exceeded with url: /mllm/v1/chat/completions (Caused by ReadTimeoutError("HTTPSConnectionPool(host=\'game.agaii.org\', port=443): Read timed out. (read timeout=240)"))'))
[ReasonBench] request_retry attempt=4/7 backoff_s=8.0 error=ConnectionError(MaxRetryError('HTTPSConnectionPool(host=\'game.agaii.org\', port=443): Max retries exceeded with url: /mllm/v1/chat/completions (Caused by ReadTimeoutError("HTTPSConnectionPool(host=\'game.agaii.org\', port=443): Read timed out. (read timeout=240)"))'))
[ReasonBench] request_retry attempt=4/7 backoff_s=8.0 error=ConnectionError(MaxRetryError('HTTPSConnectionPool(host=\'game.agaii.org\', port=443): Max retries exceeded with url: /mllm/v1/chat/completions (Caused by ReadTimeoutError("HTTPSConnectionPool(host=\'game.agaii.org\', port=443): Read timed out. (read timeout=240)"))'))
[ReasonBench] request_retry attempt=5/7 backoff_s=12.0 error=ConnectionError(MaxRetryError('HTTPSConnectionPool(host=\'game.agaii.org\', port=443): Max retries exceeded with url: /mllm/v1/chat/completions (Caused by ReadTimeoutError("HTTPSConnectionPool(host=\'game.agaii.org\', port=443): Read timed out. (read timeout=240)"))'))
[ReasonBench] request_retry attempt=5/7 backoff_s=12.0 error=ConnectionError(MaxRetryError('HTTPSConnectionPool(host=\'game.agaii.org\', port=443): Max retries exceeded with url: /mllm/v1/chat/completions (Caused by ReadTimeoutError("HTTPSConnectionPool(host=\'game.agaii.org\', port=443): Read timed out. (read timeout=240)"))'))
[ReasonBench] request_retry attempt=5/7 backoff_s=12.0 error=ConnectionError(MaxRetryError('HTTPSConnectionPool(host=\'game.agaii.org\', port=443): Max retries exceeded with url: /mllm/v1/chat/completions (Caused by ReadTimeoutError("HTTPSConnectionPool(host=\'game.agaii.org\', port=443): Read timed out. (read timeout=240)"))'))
[ReasonBench] request_retry attempt=6/7 backoff_s=12.0 error=ConnectionError(MaxRetryError('HTTPSConnectionPool(host=\'game.agaii.org\', port=443): Max retries exceeded with url: /mllm/v1/chat/completions (Caused by ReadTimeoutError("HTTPSConnectionPool(host=\'game.agaii.org\', port=443): Read timed out. (read timeout=240)"))'))
[ReasonBench] request_retry attempt=6/7 backoff_s=12.0 error=ConnectionError(MaxRetryError('HTTPSConnectionPool(host=\'game.agaii.org\', port=443): Max retries exceeded with url: /mllm/v1/chat/completions (Caused by ReadTimeoutError("HTTPSConnectionPool(host=\'game.agaii.org\', port=443): Read timed out. (read timeout=240)"))'))
[ReasonBench] request_retry attempt=6/7 backoff_s=12.0 error=ConnectionError(MaxRetryError('HTTPSConnectionPool(host=\'game.agaii.org\', port=443): Max retries exceeded with url: /mllm/v1/chat/completions (Caused by ReadTimeoutError("HTTPSConnectionPool(host=\'game.agaii.org\', port=443): Read timed out. (read timeout=240)"))'))
[ReasonBench] error example_id=f62daa0a810a70c8048484566eb0dcfb331b5299ce2a104f71cbbed4a98ed2b1 strategy=least_to_most error=ConnectionError(MaxRetryError('HTTPSConnectionPool(host=\'game.agaii.org\', port=443): Max retries exceeded with url: /mllm/v1/chat/completions (Caused by ReadTimeoutError("HTTPSConnectionPool(host=\'game.agaii.org\', port=443): Read timed out. (read timeout=240)"))'))
[ReasonBench] marked_unscorable example_id=f62daa0a810a70c8048484566eb0dcfb331b5299ce2a104f71cbbed4a98ed2b1 strategy=least_to_most error_records=11
[ReasonBench] error example_id=f62daa0a810a70c8048484566eb0dcfb331b5299ce2a104f71cbbed4a98ed2b1 strategy=constraint_decompose error=ConnectionError(MaxRetryError('HTTPSConnectionPool(host=\'game.agaii.org\', port=443): Max retries exceeded with url: /mllm/v1/chat/completions (Caused by ReadTimeoutError("HTTPSConnectionPool(host=\'game.agaii.org\', port=443): Read timed out. (read timeout=240)"))'))
[ReasonBench] marked_unscorable example_id=f62daa0a810a70c8048484566eb0dcfb331b5299ce2a104f71cbbed4a98ed2b1 strategy=constraint_decompose error_records=12
[ReasonBench] error example_id=f62daa0a810a70c8048484566eb0dcfb331b5299ce2a104f71cbbed4a98ed2b1 strategy=self_verify error=ConnectionError(MaxRetryError('HTTPSConnectionPool(host=\'game.agaii.org\', port=443): Max retries exceeded with url: /mllm/v1/chat/completions (Caused by ReadTimeoutError("HTTPSConnectionPool(host=\'game.agaii.org\', port=443): Read timed out. (read timeout=240)"))'))
[ReasonBench] marked_unscorable example_id=f62daa0a810a70c8048484566eb0dcfb331b5299ce2a104f71cbbed4a98ed2b1 strategy=self_verify error_records=13
[ReasonBench] request_retry attempt=1/7 backoff_s=1.0 error=ConnectionError(MaxRetryError('HTTPSConnectionPool(host=\'game.agaii.org\', port=443): Max retries exceeded with url: /mllm/v1/chat/completions (Caused by ReadTimeoutError("HTTPSConnectionPool(host=\'game.agaii.org\', port=443): Read timed out. (read timeout=240)"))'))
[ReasonBench] request_retry attempt=1/7 backoff_s=1.0 error=ConnectionError(MaxRetryError('HTTPSConnectionPool(host=\'game.agaii.org\', port=443): Max retries exceeded with url: /mllm/v1/chat/completions (Caused by ReadTimeoutError("HTTPSConnectionPool(host=\'game.agaii.org\', port=443): Read timed out. (read timeout=240)"))'))
[ReasonBench] request_retry attempt=1/7 backoff_s=1.0 error=ConnectionError(MaxRetryError('HTTPSConnectionPool(host=\'game.agaii.org\', port=443): Max retries exceeded with url: /mllm/v1/chat/completions (Caused by ReadTimeoutError("HTTPSConnectionPool(host=\'game.agaii.org\', port=443): Read timed out. (read timeout=240)"))'))
[ReasonBench] request_retry attempt=2/7 backoff_s=2.0 error=ConnectionError(MaxRetryError('HTTPSConnectionPool(host=\'game.agaii.org\', port=443): Max retries exceeded with url: /mllm/v1/chat/completions (Caused by ReadTimeoutError("HTTPSConnectionPool(host=\'game.agaii.org\', port=443): Read timed out. (read timeout=240)"))'))
[ReasonBench] request_retry attempt=1/7 backoff_s=1.0 error=ConnectionError(MaxRetryError('HTTPSConnectionPool(host=\'game.agaii.org\', port=443): Max retries exceeded with url: /mllm/v1/chat/completions (Caused by ReadTimeoutError("HTTPSConnectionPool(host=\'game.agaii.org\', port=443): Read timed out. (read timeout=240)"))'))
[ReasonBench] request_retry attempt=2/7 backoff_s=2.0 error=ConnectionError(MaxRetryError('HTTPSConnectionPool(host=\'game.agaii.org\', port=443): Max retries exceeded with url: /mllm/v1/chat/completions (Caused by ReadTimeoutError("HTTPSConnectionPool(host=\'game.agaii.org\', port=443): Read timed out. (read timeout=240)"))'))
[ReasonBench] request_retry attempt=3/7 backoff_s=4.0 error=ConnectionError(MaxRetryError('HTTPSConnectionPool(host=\'game.agaii.org\', port=443): Max retries exceeded with url: /mllm/v1/chat/completions (Caused by ReadTimeoutError("HTTPSConnectionPool(host=\'game.agaii.org\', port=443): Read timed out. (read timeout=240)"))'))
[ReasonBench] request_retry attempt=2/7 backoff_s=2.0 error=ConnectionError(MaxRetryError('HTTPSConnectionPool(host=\'game.agaii.org\', port=443): Max retries exceeded with url: /mllm/v1/chat/completions (Caused by ReadTimeoutError("HTTPSConnectionPool(host=\'game.agaii.org\', port=443): Read timed out. (read timeout=240)"))'))
[ReasonBench] request_retry attempt=3/7 backoff_s=4.0 error=ConnectionError(MaxRetryError('HTTPSConnectionPool(host=\'game.agaii.org\', port=443): Max retries exceeded with url: /mllm/v1/chat/completions (Caused by ReadTimeoutError("HTTPSConnectionPool(host=\'game.agaii.org\', port=443): Read timed out. (read timeout=240)"))'))
[ReasonBench] request_retry attempt=4/7 backoff_s=8.0 error=ConnectionError(MaxRetryError('HTTPSConnectionPool(host=\'game.agaii.org\', port=443): Max retries exceeded with url: /mllm/v1/chat/completions (Caused by ReadTimeoutError("HTTPSConnectionPool(host=\'game.agaii.org\', port=443): Read timed out. (read timeout=240)"))'))
[ReasonBench] request_retry attempt=3/7 backoff_s=4.0 error=ConnectionError(MaxRetryError('HTTPSConnectionPool(host=\'game.agaii.org\', port=443): Max retries exceeded with url: /mllm/v1/chat/completions (Caused by ReadTimeoutError("HTTPSConnectionPool(host=\'game.agaii.org\', port=443): Read timed out. (read timeout=240)"))'))
[ReasonBench] request_retry attempt=4/7 backoff_s=8.0 error=ConnectionError(MaxRetryError('HTTPSConnectionPool(host=\'game.agaii.org\', port=443): Max retries exceeded with url: /mllm/v1/chat/completions (Caused by ReadTimeoutError("HTTPSConnectionPool(host=\'game.agaii.org\', port=443): Read timed out. (read timeout=240)"))'))
[ReasonBench] request_retry attempt=5/7 backoff_s=12.0 error=ConnectionError(MaxRetryError('HTTPSConnectionPool(host=\'game.agaii.org\', port=443): Max retries exceeded with url: /mllm/v1/chat/completions (Caused by ReadTimeoutError("HTTPSConnectionPool(host=\'game.agaii.org\', port=443): Read timed out. (read timeout=240)"))'))
[ReasonBench] request_retry attempt=4/7 backoff_s=8.0 error=ConnectionError(MaxRetryError('HTTPSConnectionPool(host=\'game.agaii.org\', port=443): Max retries exceeded with url: /mllm/v1/chat/completions (Caused by ReadTimeoutError("HTTPSConnectionPool(host=\'game.agaii.org\', port=443): Read timed out. (read timeout=240)"))'))
[ReasonBench] request_retry attempt=5/7 backoff_s=12.0 error=ConnectionError(MaxRetryError('HTTPSConnectionPool(host=\'game.agaii.org\', port=443): Max retries exceeded with url: /mllm/v1/chat/completions (Caused by ReadTimeoutError("HTTPSConnectionPool(host=\'game.agaii.org\', port=443): Read timed out. (read timeout=240)"))'))
[ReasonBench] request_retry attempt=6/7 backoff_s=12.0 error=ConnectionError(MaxRetryError('HTTPSConnectionPool(host=\'game.agaii.org\', port=443): Max retries exceeded with url: /mllm/v1/chat/completions (Caused by ReadTimeoutError("HTTPSConnectionPool(host=\'game.agaii.org\', port=443): Read timed out. (read timeout=240)"))'))
[ReasonBench] request_retry attempt=5/7 backoff_s=12.0 error=ConnectionError(MaxRetryError('HTTPSConnectionPool(host=\'game.agaii.org\', port=443): Max retries exceeded with url: /mllm/v1/chat/completions (Caused by ReadTimeoutError("HTTPSConnectionPool(host=\'game.agaii.org\', port=443): Read timed out. (read timeout=240)"))'))
[ReasonBench] request_retry attempt=6/7 backoff_s=12.0 error=ConnectionError(MaxRetryError('HTTPSConnectionPool(host=\'game.agaii.org\', port=443): Max retries exceeded with url: /mllm/v1/chat/completions (Caused by ReadTimeoutError("HTTPSConnectionPool(host=\'game.agaii.org\', port=443): Read timed out. (read timeout=240)"))'))
[ReasonBench] error example_id=f62daa0a810a70c8048484566eb0dcfb331b5299ce2a104f71cbbed4a98ed2b1 strategy=selective_self_consistency error=ConnectionError(MaxRetryError('HTTPSConnectionPool(host=\'game.agaii.org\', port=443): Max retries exceeded with url: /mllm/v1/chat/completions (Caused by ReadTimeoutError("HTTPSConnectionPool(host=\'game.agaii.org\', port=443): Read timed out. (read timeout=240)"))'))
[ReasonBench] marked_unscorable example_id=f62daa0a810a70c8048484566eb0dcfb331b5299ce2a104f71cbbed4a98ed2b1 strategy=selective_self_consistency error_records=14
[ReasonBench] error example_id=f62daa0a810a70c8048484566eb0dcfb331b5299ce2a104f71cbbed4a98ed2b1 strategy=few_shot_exemplar error=ConnectionError(MaxRetryError('HTTPSConnectionPool(host=\'game.agaii.org\', port=443): Max retries exceeded with url: /mllm/v1/chat/completions (Caused by ReadTimeoutError("HTTPSConnectionPool(host=\'game.agaii.org\', port=443): Read timed out. (read timeout=240)"))'))
[ReasonBench] marked_unscorable example_id=f62daa0a810a70c8048484566eb0dcfb331b5299ce2a104f71cbbed4a98ed2b1 strategy=few_shot_exemplar error_records=15
[ReasonBench] request_retry attempt=1/7 backoff_s=1.0 error=ConnectionError(MaxRetryError('HTTPSConnectionPool(host=\'game.agaii.org\', port=443): Max retries exceeded with url: /mllm/v1/chat/completions (Caused by ReadTimeoutError("HTTPSConnectionPool(host=\'game.agaii.org\', port=443): Read timed out. (read timeout=240)"))'))
[ReasonBench] request_retry attempt=1/7 backoff_s=1.0 error=ConnectionError(MaxRetryError('HTTPSConnectionPool(host=\'game.agaii.org\', port=443): Max retries exceeded with url: /mllm/v1/chat/completions (Caused by ReadTimeoutError("HTTPSConnectionPool(host=\'game.agaii.org\', port=443): Read timed out. (read timeout=240)"))'))
[ReasonBench] request_retry attempt=1/7 backoff_s=1.0 error=ConnectionError(MaxRetryError('HTTPSConnectionPool(host=\'game.agaii.org\', port=443): Max retries exceeded with url: /mllm/v1/chat/completions (Caused by ReadTimeoutError("HTTPSConnectionPool(host=\'game.agaii.org\', port=443): Read timed out. (read timeout=240)"))'))
[ReasonBench] request_retry attempt=2/7 backoff_s=2.0 error=ConnectionError(MaxRetryError('HTTPSConnectionPool(host=\'game.agaii.org\', port=443): Max retries exceeded with url: /mllm/v1/chat/completions (Caused by ReadTimeoutError("HTTPSConnectionPool(host=\'game.agaii.org\', port=443): Read timed out. (read timeout=240)"))'))
[ReasonBench] request_retry attempt=2/7 backoff_s=2.0 error=ConnectionError(MaxRetryError('HTTPSConnectionPool(host=\'game.agaii.org\', port=443): Max retries exceeded with url: /mllm/v1/chat/completions (Caused by ReadTimeoutError("HTTPSConnectionPool(host=\'game.agaii.org\', port=443): Read timed out. (read timeout=240)"))'))
[ReasonBench] request_retry attempt=2/7 backoff_s=2.0 error=ConnectionError(MaxRetryError('HTTPSConnectionPool(host=\'game.agaii.org\', port=443): Max retries exceeded with url: /mllm/v1/chat/completions (Caused by ReadTimeoutError("HTTPSConnectionPool(host=\'game.agaii.org\', port=443): Read timed out. (read timeout=240)"))'))
[ReasonBench] request_retry attempt=3/7 backoff_s=4.0 error=ConnectionError(MaxRetryError('HTTPSConnectionPool(host=\'game.agaii.org\', port=443): Max retries exceeded with url: /mllm/v1/chat/completions (Caused by ReadTimeoutError("HTTPSConnectionPool(host=\'game.agaii.org\', port=443): Read timed out. (read timeout=240)"))'))
[ReasonBench] request_retry attempt=3/7 backoff_s=4.0 error=ConnectionError(MaxRetryError('HTTPSConnectionPool(host=\'game.agaii.org\', port=443): Max retries exceeded with url: /mllm/v1/chat/completions (Caused by ReadTimeoutError("HTTPSConnectionPool(host=\'game.agaii.org\', port=443): Read timed out. (read timeout=240)"))'))
[ReasonBench] request_retry attempt=3/7 backoff_s=4.0 error=ConnectionError(MaxRetryError('HTTPSConnectionPool(host=\'game.agaii.org\', port=443): Max retries exceeded with url: /mllm/v1/chat/completions (Caused by ReadTimeoutError("HTTPSConnectionPool(host=\'game.agaii.org\', port=443): Read timed out. (read timeout=240)"))'))
[ReasonBench] request_retry attempt=4/7 backoff_s=8.0 error=ConnectionError(MaxRetryError('HTTPSConnectionPool(host=\'game.agaii.org\', port=443): Max retries exceeded with url: /mllm/v1/chat/completions (Caused by ReadTimeoutError("HTTPSConnectionPool(host=\'game.agaii.org\', port=443): Read timed out. (read timeout=240)"))'))
[ReasonBench] request_retry attempt=4/7 backoff_s=8.0 error=ConnectionError(MaxRetryError('HTTPSConnectionPool(host=\'game.agaii.org\', port=443): Max retries exceeded with url: /mllm/v1/chat/completions (Caused by ReadTimeoutError("HTTPSConnectionPool(host=\'game.agaii.org\', port=443): Read timed out. (read timeout=240)"))'))
[ReasonBench] request_retry attempt=4/7 backoff_s=8.0 error=ConnectionError(MaxRetryError('HTTPSConnectionPool(host=\'game.agaii.org\', port=443): Max retries exceeded with url: /mllm/v1/chat/completions (Caused by ReadTimeoutError("HTTPSConnectionPool(host=\'game.agaii.org\', port=443): Read timed out. (read timeout=240)"))'))
[ReasonBench] request_retry attempt=5/7 backoff_s=12.0 error=ConnectionError(MaxRetryError('HTTPSConnectionPool(host=\'game.agaii.org\', port=443): Max retries exceeded with url: /mllm/v1/chat/completions (Caused by ReadTimeoutError("HTTPSConnectionPool(host=\'game.agaii.org\', port=443): Read timed out. (read timeout=240)"))'))
[ReasonBench] request_retry attempt=5/7 backoff_s=12.0 error=ConnectionError(MaxRetryError('HTTPSConnectionPool(host=\'game.agaii.org\', port=443): Max retries exceeded with url: /mllm/v1/chat/completions (Caused by ReadTimeoutError("HTTPSConnectionPool(host=\'game.agaii.org\', port=443): Read timed out. (read timeout=240)"))'))
[ReasonBench] request_retry attempt=1/7 backoff_s=1.0 error=ConnectionError(MaxRetryError('HTTPSConnectionPool(host=\'game.agaii.org\', port=443): Max retries exceeded with url: /mllm/v1/chat/completions (Caused by ReadTimeoutError("HTTPSConnectionPool(host=\'game.agaii.org\', port=443): Read timed out. (read timeout=240)"))'))
[ReasonBench] request_retry attempt=1/7 backoff_s=1.0 error=ConnectionError(MaxRetryError('HTTPSConnectionPool(host=\'game.agaii.org\', port=443): Max retries exceeded with url: /mllm/v1/chat/completions (Caused by ReadTimeoutError("HTTPSConnectionPool(host=\'game.agaii.org\', port=443): Read timed out. (read timeout=240)"))'))
[ReasonBench] request_retry attempt=6/7 backoff_s=12.0 error=ConnectionError(MaxRetryError('HTTPSConnectionPool(host=\'game.agaii.org\', port=443): Max retries exceeded with url: /mllm/v1/chat/completions (Caused by ReadTimeoutError("HTTPSConnectionPool(host=\'game.agaii.org\', port=443): Read timed out. (read timeout=240)"))'))
[ReasonBench] request_retry attempt=2/7 backoff_s=2.0 error=ConnectionError(MaxRetryError('HTTPSConnectionPool(host=\'game.agaii.org\', port=443): Max retries exceeded with url: /mllm/v1/chat/completions (Caused by ReadTimeoutError("HTTPSConnectionPool(host=\'game.agaii.org\', port=443): Read timed out. (read timeout=240)"))'))
[ReasonBench] request_retry attempt=2/7 backoff_s=2.0 error=ConnectionError(MaxRetryError('HTTPSConnectionPool(host=\'game.agaii.org\', port=443): Max retries exceeded with url: /mllm/v1/chat/completions (Caused by ReadTimeoutError("HTTPSConnectionPool(host=\'game.agaii.org\', port=443): Read timed out. (read timeout=240)"))'))
[ReasonBench] error example_id=65369f81842e0735d0dd6619a120d5760217c9b8ac481de89cc20983ea555953 strategy=least_to_most error=ConnectionError(MaxRetryError('HTTPSConnectionPool(host=\'game.agaii.org\', port=443): Max retries exceeded with url: /mllm/v1/chat/completions (Caused by ReadTimeoutError("HTTPSConnectionPool(host=\'game.agaii.org\', port=443): Read timed out. (read timeout=240)"))'))
[ReasonBench] marked_unscorable example_id=65369f81842e0735d0dd6619a120d5760217c9b8ac481de89cc20983ea555953 strategy=least_to_most error_records=16
[ReasonBench] request_retry attempt=3/7 backoff_s=4.0 error=ConnectionError(MaxRetryError('HTTPSConnectionPool(host=\'game.agaii.org\', port=443): Max retries exceeded with url: /mllm/v1/chat/completions (Caused by ReadTimeoutError("HTTPSConnectionPool(host=\'game.agaii.org\', port=443): Read timed out. (read timeout=240)"))'))
[ReasonBench] request_retry attempt=1/7 backoff_s=1.0 error=ConnectionError(MaxRetryError('HTTPSConnectionPool(host=\'game.agaii.org\', port=443): Max retries exceeded with url: /mllm/v1/chat/completions (Caused by ReadTimeoutError("HTTPSConnectionPool(host=\'game.agaii.org\', port=443): Read timed out. (read timeout=240)"))'))
[ReasonBench] request_retry attempt=1/7 backoff_s=1.0 error=ConnectionError(MaxRetryError('HTTPSConnectionPool(host=\'game.agaii.org\', port=443): Max retries exceeded with url: /mllm/v1/chat/completions (Caused by ReadTimeoutError("HTTPSConnectionPool(host=\'game.agaii.org\', port=443): Read timed out. (read timeout=240)"))'))
[ReasonBench] request_retry attempt=4/7 backoff_s=8.0 error=ConnectionError(MaxRetryError('HTTPSConnectionPool(host=\'game.agaii.org\', port=443): Max retries exceeded with url: /mllm/v1/chat/completions (Caused by ReadTimeoutError("HTTPSConnectionPool(host=\'game.agaii.org\', port=443): Read timed out. (read timeout=240)"))'))
[ReasonBench] request_retry attempt=2/7 backoff_s=2.0 error=ConnectionError(MaxRetryError('HTTPSConnectionPool(host=\'game.agaii.org\', port=443): Max retries exceeded with url: /mllm/v1/chat/completions (Caused by ReadTimeoutError("HTTPSConnectionPool(host=\'game.agaii.org\', port=443): Read timed out. (read timeout=240)"))'))
[ReasonBench] request_retry attempt=2/7 backoff_s=2.0 error=ConnectionError(MaxRetryError('HTTPSConnectionPool(host=\'game.agaii.org\', port=443): Max retries exceeded with url: /mllm/v1/chat/completions (Caused by ReadTimeoutError("HTTPSConnectionPool(host=\'game.agaii.org\', port=443): Read timed out. (read timeout=240)"))'))
[ReasonBench] request_retry attempt=5/7 backoff_s=12.0 error=ConnectionError(MaxRetryError('HTTPSConnectionPool(host=\'game.agaii.org\', port=443): Max retries exceeded with url: /mllm/v1/chat/completions (Caused by ReadTimeoutError("HTTPSConnectionPool(host=\'game.agaii.org\', port=443): Read timed out. (read timeout=240)"))'))
[ReasonBench] request_retry attempt=3/7 backoff_s=4.0 error=ConnectionError(MaxRetryError('HTTPSConnectionPool(host=\'game.agaii.org\', port=443): Max retries exceeded with url: /mllm/v1/chat/completions (Caused by ReadTimeoutError("HTTPSConnectionPool(host=\'game.agaii.org\', port=443): Read timed out. (read timeout=240)"))'))
[ReasonBench] request_retry attempt=3/7 backoff_s=4.0 error=ConnectionError(MaxRetryError('HTTPSConnectionPool(host=\'game.agaii.org\', port=443): Max retries exceeded with url: /mllm/v1/chat/completions (Caused by ReadTimeoutError("HTTPSConnectionPool(host=\'game.agaii.org\', port=443): Read timed out. (read timeout=240)"))'))
[ReasonBench] request_retry attempt=6/7 backoff_s=12.0 error=ConnectionError(MaxRetryError('HTTPSConnectionPool(host=\'game.agaii.org\', port=443): Max retries exceeded with url: /mllm/v1/chat/completions (Caused by ReadTimeoutError("HTTPSConnectionPool(host=\'game.agaii.org\', port=443): Read timed out. (read timeout=240)"))'))
[ReasonBench] request_retry attempt=4/7 backoff_s=8.0 error=ConnectionError(MaxRetryError('HTTPSConnectionPool(host=\'game.agaii.org\', port=443): Max retries exceeded with url: /mllm/v1/chat/completions (Caused by ReadTimeoutError("HTTPSConnectionPool(host=\'game.agaii.org\', port=443): Read timed out. (read timeout=240)"))'))
[ReasonBench] request_retry attempt=4/7 backoff_s=8.0 error=ConnectionError(MaxRetryError('HTTPSConnectionPool(host=\'game.agaii.org\', port=443): Max retries exceeded with url: /mllm/v1/chat/completions (Caused by ReadTimeoutError("HTTPSConnectionPool(host=\'game.agaii.org\', port=443): Read timed out. (read timeout=240)"))'))
[ReasonBench] error example_id=65369f81842e0735d0dd6619a120d5760217c9b8ac481de89cc20983ea555953 strategy=self_verify error=ConnectionError(MaxRetryError('HTTPSConnectionPool(host=\'game.agaii.org\', port=443): Max retries exceeded with url: /mllm/v1/chat/completions (Caused by ReadTimeoutError("HTTPSConnectionPool(host=\'game.agaii.org\', port=443): Read timed out. (read timeout=240)"))'))
[ReasonBench] marked_unscorable example_id=65369f81842e0735d0dd6619a120d5760217c9b8ac481de89cc20983ea555953 strategy=self_verify error_records=17
[ReasonBench] request_retry attempt=5/7 backoff_s=12.0 error=ConnectionError(MaxRetryError('HTTPSConnectionPool(host=\'game.agaii.org\', port=443): Max retries exceeded with url: /mllm/v1/chat/completions (Caused by ReadTimeoutError("HTTPSConnectionPool(host=\'game.agaii.org\', port=443): Read timed out. (read timeout=240)"))'))
[ReasonBench] request_retry attempt=5/7 backoff_s=12.0 error=ConnectionError(MaxRetryError('HTTPSConnectionPool(host=\'game.agaii.org\', port=443): Max retries exceeded with url: /mllm/v1/chat/completions (Caused by ReadTimeoutError("HTTPSConnectionPool(host=\'game.agaii.org\', port=443): Read timed out. (read timeout=240)"))'))
[ReasonBench] request_retry attempt=1/7 backoff_s=1.0 error=ConnectionError(MaxRetryError('HTTPSConnectionPool(host=\'game.agaii.org\', port=443): Max retries exceeded with url: /mllm/v1/chat/completions (Caused by ReadTimeoutError("HTTPSConnectionPool(host=\'game.agaii.org\', port=443): Read timed out. (read timeout=240)"))'))
[ReasonBench] request_retry attempt=6/7 backoff_s=12.0 error=ConnectionError(MaxRetryError('HTTPSConnectionPool(host=\'game.agaii.org\', port=443): Max retries exceeded with url: /mllm/v1/chat/completions (Caused by ReadTimeoutError("HTTPSConnectionPool(host=\'game.agaii.org\', port=443): Read timed out. (read timeout=240)"))'))
[ReasonBench] request_retry attempt=6/7 backoff_s=12.0 error=ConnectionError(MaxRetryError('HTTPSConnectionPool(host=\'game.agaii.org\', port=443): Max retries exceeded with url: /mllm/v1/chat/completions (Caused by ReadTimeoutError("HTTPSConnectionPool(host=\'game.agaii.org\', port=443): Read timed out. (read timeout=240)"))'))
[ReasonBench] request_retry attempt=2/7 backoff_s=2.0 error=ConnectionError(MaxRetryError('HTTPSConnectionPool(host=\'game.agaii.org\', port=443): Max retries exceeded with url: /mllm/v1/chat/completions (Caused by ReadTimeoutError("HTTPSConnectionPool(host=\'game.agaii.org\', port=443): Read timed out. (read timeout=240)"))'))
[ReasonBench] error example_id=65369f81842e0735d0dd6619a120d5760217c9b8ac481de89cc20983ea555953 strategy=critique_refine error=ConnectionError(MaxRetryError('HTTPSConnectionPool(host=\'game.agaii.org\', port=443): Max retries exceeded with url: /mllm/v1/chat/completions (Caused by ReadTimeoutError("HTTPSConnectionPool(host=\'game.agaii.org\', port=443): Read timed out. (read timeout=240)"))'))
[ReasonBench] marked_unscorable example_id=65369f81842e0735d0dd6619a120d5760217c9b8ac481de89cc20983ea555953 strategy=critique_refine error_records=18
[ReasonBench] error example_id=65369f81842e0735d0dd6619a120d5760217c9b8ac481de89cc20983ea555953 strategy=self_consistency error=ConnectionError(MaxRetryError('HTTPSConnectionPool(host=\'game.agaii.org\', port=443): Max retries exceeded with url: /mllm/v1/chat/completions (Caused by ReadTimeoutError("HTTPSConnectionPool(host=\'game.agaii.org\', port=443): Read timed out. (read timeout=240)"))'))
[ReasonBench] marked_unscorable example_id=65369f81842e0735d0dd6619a120d5760217c9b8ac481de89cc20983ea555953 strategy=self_consistency error_records=19
[ReasonBench] request_retry attempt=3/7 backoff_s=4.0 error=ConnectionError(MaxRetryError('HTTPSConnectionPool(host=\'game.agaii.org\', port=443): Max retries exceeded with url: /mllm/v1/chat/completions (Caused by ReadTimeoutError("HTTPSConnectionPool(host=\'game.agaii.org\', port=443): Read timed out. (read timeout=240)"))'))
[ReasonBench] request_retry attempt=1/7 backoff_s=1.0 error=ConnectionError(MaxRetryError('HTTPSConnectionPool(host=\'game.agaii.org\', port=443): Max retries exceeded with url: /mllm/v1/chat/completions (Caused by ReadTimeoutError("HTTPSConnectionPool(host=\'game.agaii.org\', port=443): Read timed out. (read timeout=240)"))'))
[ReasonBench] request_retry attempt=4/7 backoff_s=8.0 error=ConnectionError(MaxRetryError('HTTPSConnectionPool(host=\'game.agaii.org\', port=443): Max retries exceeded with url: /mllm/v1/chat/completions (Caused by ReadTimeoutError("HTTPSConnectionPool(host=\'game.agaii.org\', port=443): Read timed out. (read timeout=240)"))'))
[ReasonBench] request_retry attempt=1/7 backoff_s=1.0 error=ConnectionError(MaxRetryError('HTTPSConnectionPool(host=\'game.agaii.org\', port=443): Max retries exceeded with url: /mllm/v1/chat/completions (Caused by ReadTimeoutError("HTTPSConnectionPool(host=\'game.agaii.org\', port=443): Read timed out. (read timeout=240)"))'))
[ReasonBench] request_retry attempt=2/7 backoff_s=2.0 error=ConnectionError(MaxRetryError('HTTPSConnectionPool(host=\'game.agaii.org\', port=443): Max retries exceeded with url: /mllm/v1/chat/completions (Caused by ReadTimeoutError("HTTPSConnectionPool(host=\'game.agaii.org\', port=443): Read timed out. (read timeout=240)"))'))
[ReasonBench] request_retry attempt=5/7 backoff_s=12.0 error=ConnectionError(MaxRetryError('HTTPSConnectionPool(host=\'game.agaii.org\', port=443): Max retries exceeded with url: /mllm/v1/chat/completions (Caused by ReadTimeoutError("HTTPSConnectionPool(host=\'game.agaii.org\', port=443): Read timed out. (read timeout=240)"))'))
[ReasonBench] request_retry attempt=2/7 backoff_s=2.0 error=ConnectionError(MaxRetryError('HTTPSConnectionPool(host=\'game.agaii.org\', port=443): Max retries exceeded with url: /mllm/v1/chat/completions (Caused by ReadTimeoutError("HTTPSConnectionPool(host=\'game.agaii.org\', port=443): Read timed out. (read timeout=240)"))'))
[ReasonBench] request_retry attempt=3/7 backoff_s=4.0 error=ConnectionError(MaxRetryError('HTTPSConnectionPool(host=\'game.agaii.org\', port=443): Max retries exceeded with url: /mllm/v1/chat/completions (Caused by ReadTimeoutError("HTTPSConnectionPool(host=\'game.agaii.org\', port=443): Read timed out. (read timeout=240)"))'))
[ReasonBench] request_retry attempt=6/7 backoff_s=12.0 error=ConnectionError(MaxRetryError('HTTPSConnectionPool(host=\'game.agaii.org\', port=443): Max retries exceeded with url: /mllm/v1/chat/completions (Caused by ReadTimeoutError("HTTPSConnectionPool(host=\'game.agaii.org\', port=443): Read timed out. (read timeout=240)"))'))
[ReasonBench] request_retry attempt=3/7 backoff_s=4.0 error=ConnectionError(MaxRetryError('HTTPSConnectionPool(host=\'game.agaii.org\', port=443): Max retries exceeded with url: /mllm/v1/chat/completions (Caused by ReadTimeoutError("HTTPSConnectionPool(host=\'game.agaii.org\', port=443): Read timed out. (read timeout=240)"))'))
[ReasonBench] request_retry attempt=4/7 backoff_s=8.0 error=ConnectionError(MaxRetryError('HTTPSConnectionPool(host=\'game.agaii.org\', port=443): Max retries exceeded with url: /mllm/v1/chat/completions (Caused by ReadTimeoutError("HTTPSConnectionPool(host=\'game.agaii.org\', port=443): Read timed out. (read timeout=240)"))'))
[ReasonBench] error example_id=65369f81842e0735d0dd6619a120d5760217c9b8ac481de89cc20983ea555953 strategy=selective_self_consistency error=ConnectionError(MaxRetryError('HTTPSConnectionPool(host=\'game.agaii.org\', port=443): Max retries exceeded with url: /mllm/v1/chat/completions (Caused by ReadTimeoutError("HTTPSConnectionPool(host=\'game.agaii.org\', port=443): Read timed out. (read timeout=240)"))'))
[ReasonBench] marked_unscorable example_id=65369f81842e0735d0dd6619a120d5760217c9b8ac481de89cc20983ea555953 strategy=selective_self_consistency error_records=20
[ReasonBench] request_retry attempt=5/7 backoff_s=12.0 error=ConnectionError(MaxRetryError('HTTPSConnectionPool(host=\'game.agaii.org\', port=443): Max retries exceeded with url: /mllm/v1/chat/completions (Caused by ReadTimeoutError("HTTPSConnectionPool(host=\'game.agaii.org\', port=443): Read timed out. (read timeout=240)"))'))
[ReasonBench] request_retry attempt=1/7 backoff_s=1.0 error=ConnectionError(MaxRetryError('HTTPSConnectionPool(host=\'game.agaii.org\', port=443): Max retries exceeded with url: /mllm/v1/chat/completions (Caused by ReadTimeoutError("HTTPSConnectionPool(host=\'game.agaii.org\', port=443): Read timed out. (read timeout=240)"))'))
[ReasonBench] request_retry attempt=1/7 backoff_s=1.0 error=ConnectionError(MaxRetryError('HTTPSConnectionPool(host=\'game.agaii.org\', port=443): Max retries exceeded with url: /mllm/v1/chat/completions (Caused by ReadTimeoutError("HTTPSConnectionPool(host=\'game.agaii.org\', port=443): Read timed out. (read timeout=240)"))'))
[ReasonBench] request_retry attempt=6/7 backoff_s=12.0 error=ConnectionError(MaxRetryError('HTTPSConnectionPool(host=\'game.agaii.org\', port=443): Max retries exceeded with url: /mllm/v1/chat/completions (Caused by ReadTimeoutError("HTTPSConnectionPool(host=\'game.agaii.org\', port=443): Read timed out. (read timeout=240)"))'))
[ReasonBench] request_retry attempt=2/7 backoff_s=2.0 error=ConnectionError(MaxRetryError('HTTPSConnectionPool(host=\'game.agaii.org\', port=443): Max retries exceeded with url: /mllm/v1/chat/completions (Caused by ReadTimeoutError("HTTPSConnectionPool(host=\'game.agaii.org\', port=443): Read timed out. (read timeout=240)"))'))
[ReasonBench] request_retry attempt=2/7 backoff_s=2.0 error=ConnectionError(MaxRetryError('HTTPSConnectionPool(host=\'game.agaii.org\', port=443): Max retries exceeded with url: /mllm/v1/chat/completions (Caused by ReadTimeoutError("HTTPSConnectionPool(host=\'game.agaii.org\', port=443): Read timed out. (read timeout=240)"))'))
[ReasonBench] error example_id=65369f81842e0735d0dd6619a120d5760217c9b8ac481de89cc20983ea555953 strategy=budgeted_cascade error=ConnectionError(MaxRetryError('HTTPSConnectionPool(host=\'game.agaii.org\', port=443): Max retries exceeded with url: /mllm/v1/chat/completions (Caused by ReadTimeoutError("HTTPSConnectionPool(host=\'game.agaii.org\', port=443): Read timed out. (read timeout=240)"))'))
[ReasonBench] marked_unscorable example_id=65369f81842e0735d0dd6619a120d5760217c9b8ac481de89cc20983ea555953 strategy=budgeted_cascade error_records=21
[ReasonBench] request_retry attempt=3/7 backoff_s=4.0 error=ConnectionError(MaxRetryError('HTTPSConnectionPool(host=\'game.agaii.org\', port=443): Max retries exceeded with url: /mllm/v1/chat/completions (Caused by ReadTimeoutError("HTTPSConnectionPool(host=\'game.agaii.org\', port=443): Read timed out. (read timeout=240)"))'))
[ReasonBench] request_retry attempt=3/7 backoff_s=4.0 error=ConnectionError(MaxRetryError('HTTPSConnectionPool(host=\'game.agaii.org\', port=443): Max retries exceeded with url: /mllm/v1/chat/completions (Caused by ReadTimeoutError("HTTPSConnectionPool(host=\'game.agaii.org\', port=443): Read timed out. (read timeout=240)"))'))
[ReasonBench] request_retry attempt=1/7 backoff_s=1.0 error=ConnectionError(MaxRetryError('HTTPSConnectionPool(host=\'game.agaii.org\', port=443): Max retries exceeded with url: /mllm/v1/chat/completions (Caused by ReadTimeoutError("HTTPSConnectionPool(host=\'game.agaii.org\', port=443): Read timed out. (read timeout=240)"))'))
[ReasonBench] request_retry attempt=4/7 backoff_s=8.0 error=ConnectionError(MaxRetryError('HTTPSConnectionPool(host=\'game.agaii.org\', port=443): Max retries exceeded with url: /mllm/v1/chat/completions (Caused by ReadTimeoutError("HTTPSConnectionPool(host=\'game.agaii.org\', port=443): Read timed out. (read timeout=240)"))'))
[ReasonBench] request_retry attempt=2/7 backoff_s=2.0 error=ConnectionError(MaxRetryError('HTTPSConnectionPool(host=\'game.agaii.org\', port=443): Max retries exceeded with url: /mllm/v1/chat/completions (Caused by ReadTimeoutError("HTTPSConnectionPool(host=\'game.agaii.org\', port=443): Read timed out. (read timeout=240)"))'))
[ReasonBench] request_retry attempt=5/7 backoff_s=12.0 error=ConnectionError(MaxRetryError('HTTPSConnectionPool(host=\'game.agaii.org\', port=443): Max retries exceeded with url: /mllm/v1/chat/completions (Caused by ReadTimeoutError("HTTPSConnectionPool(host=\'game.agaii.org\', port=443): Read timed out. (read timeout=240)"))'))
[ReasonBench] request_retry attempt=1/7 backoff_s=1.0 error=ConnectionError(MaxRetryError('HTTPSConnectionPool(host=\'game.agaii.org\', port=443): Max retries exceeded with url: /mllm/v1/chat/completions (Caused by ReadTimeoutError("HTTPSConnectionPool(host=\'game.agaii.org\', port=443): Read timed out. (read timeout=240)"))'))
[ReasonBench] request_retry attempt=3/7 backoff_s=4.0 error=ConnectionError(MaxRetryError('HTTPSConnectionPool(host=\'game.agaii.org\', port=443): Max retries exceeded with url: /mllm/v1/chat/completions (Caused by ReadTimeoutError("HTTPSConnectionPool(host=\'game.agaii.org\', port=443): Read timed out. (read timeout=240)"))'))
[ReasonBench] request_retry attempt=6/7 backoff_s=12.0 error=ConnectionError(MaxRetryError('HTTPSConnectionPool(host=\'game.agaii.org\', port=443): Max retries exceeded with url: /mllm/v1/chat/completions (Caused by ReadTimeoutError("HTTPSConnectionPool(host=\'game.agaii.org\', port=443): Read timed out. (read timeout=240)"))'))
[ReasonBench] request_retry attempt=2/7 backoff_s=2.0 error=ConnectionError(MaxRetryError('HTTPSConnectionPool(host=\'game.agaii.org\', port=443): Max retries exceeded with url: /mllm/v1/chat/completions (Caused by ReadTimeoutError("HTTPSConnectionPool(host=\'game.agaii.org\', port=443): Read timed out. (read timeout=240)"))'))
[ReasonBench] request_retry attempt=4/7 backoff_s=8.0 error=ConnectionError(MaxRetryError('HTTPSConnectionPool(host=\'game.agaii.org\', port=443): Max retries exceeded with url: /mllm/v1/chat/completions (Caused by ReadTimeoutError("HTTPSConnectionPool(host=\'game.agaii.org\', port=443): Read timed out. (read timeout=240)"))'))
[ReasonBench] error example_id=6cb0c2d9892875f79d632e273efd7ae3fa4ccb324fbce753673b8314aa80c737 strategy=concise_cot error=ConnectionError(MaxRetryError('HTTPSConnectionPool(host=\'game.agaii.org\', port=443): Max retries exceeded with url: /mllm/v1/chat/completions (Caused by ReadTimeoutError("HTTPSConnectionPool(host=\'game.agaii.org\', port=443): Read timed out. (read timeout=240)"))'))
[ReasonBench] marked_unscorable example_id=6cb0c2d9892875f79d632e273efd7ae3fa4ccb324fbce753673b8314aa80c737 strategy=concise_cot error_records=22
[ReasonBench] request_retry attempt=3/7 backoff_s=4.0 error=ConnectionError(MaxRetryError('HTTPSConnectionPool(host=\'game.agaii.org\', port=443): Max retries exceeded with url: /mllm/v1/chat/completions (Caused by ReadTimeoutError("HTTPSConnectionPool(host=\'game.agaii.org\', port=443): Read timed out. (read timeout=240)"))'))
[ReasonBench] request_retry attempt=5/7 backoff_s=12.0 error=ConnectionError(MaxRetryError('HTTPSConnectionPool(host=\'game.agaii.org\', port=443): Max retries exceeded with url: /mllm/v1/chat/completions (Caused by ReadTimeoutError("HTTPSConnectionPool(host=\'game.agaii.org\', port=443): Read timed out. (read timeout=240)"))'))
[ReasonBench] request_retry attempt=1/7 backoff_s=1.0 error=ConnectionError(MaxRetryError('HTTPSConnectionPool(host=\'game.agaii.org\', port=443): Max retries exceeded with url: /mllm/v1/chat/completions (Caused by ReadTimeoutError("HTTPSConnectionPool(host=\'game.agaii.org\', port=443): Read timed out. (read timeout=240)"))'))
[ReasonBench] request_retry attempt=4/7 backoff_s=8.0 error=ConnectionError(MaxRetryError('HTTPSConnectionPool(host=\'game.agaii.org\', port=443): Max retries exceeded with url: /mllm/v1/chat/completions (Caused by ReadTimeoutError("HTTPSConnectionPool(host=\'game.agaii.org\', port=443): Read timed out. (read timeout=240)"))'))
[ReasonBench] request_retry attempt=2/7 backoff_s=2.0 error=ConnectionError(MaxRetryError('HTTPSConnectionPool(host=\'game.agaii.org\', port=443): Max retries exceeded with url: /mllm/v1/chat/completions (Caused by ReadTimeoutError("HTTPSConnectionPool(host=\'game.agaii.org\', port=443): Read timed out. (read timeout=240)"))'))
[ReasonBench] request_retry attempt=1/7 backoff_s=1.0 error=ConnectionError(MaxRetryError('HTTPSConnectionPool(host=\'game.agaii.org\', port=443): Max retries exceeded with url: /mllm/v1/chat/completions (Caused by ReadTimeoutError("HTTPSConnectionPool(host=\'game.agaii.org\', port=443): Read timed out. (read timeout=240)"))'))
[ReasonBench] request_retry attempt=5/7 backoff_s=12.0 error=ConnectionError(MaxRetryError('HTTPSConnectionPool(host=\'game.agaii.org\', port=443): Max retries exceeded with url: /mllm/v1/chat/completions (Caused by ReadTimeoutError("HTTPSConnectionPool(host=\'game.agaii.org\', port=443): Read timed out. (read timeout=240)"))'))
[ReasonBench] request_retry attempt=3/7 backoff_s=4.0 error=ConnectionError(MaxRetryError('HTTPSConnectionPool(host=\'game.agaii.org\', port=443): Max retries exceeded with url: /mllm/v1/chat/completions (Caused by ReadTimeoutError("HTTPSConnectionPool(host=\'game.agaii.org\', port=443): Read timed out. (read timeout=240)"))'))
[ReasonBench] request_retry attempt=2/7 backoff_s=2.0 error=ConnectionError(MaxRetryError('HTTPSConnectionPool(host=\'game.agaii.org\', port=443): Max retries exceeded with url: /mllm/v1/chat/completions (Caused by ReadTimeoutError("HTTPSConnectionPool(host=\'game.agaii.org\', port=443): Read timed out. (read timeout=240)"))'))
[ReasonBench] request_retry attempt=6/7 backoff_s=12.0 error=ConnectionError(MaxRetryError('HTTPSConnectionPool(host=\'game.agaii.org\', port=443): Max retries exceeded with url: /mllm/v1/chat/completions (Caused by ReadTimeoutError("HTTPSConnectionPool(host=\'game.agaii.org\', port=443): Read timed out. (read timeout=240)"))'))
[ReasonBench] request_retry attempt=4/7 backoff_s=8.0 error=ConnectionError(MaxRetryError('HTTPSConnectionPool(host=\'game.agaii.org\', port=443): Max retries exceeded with url: /mllm/v1/chat/completions (Caused by ReadTimeoutError("HTTPSConnectionPool(host=\'game.agaii.org\', port=443): Read timed out. (read timeout=240)"))'))
[ReasonBench] request_retry attempt=3/7 backoff_s=4.0 error=ConnectionError(MaxRetryError('HTTPSConnectionPool(host=\'game.agaii.org\', port=443): Max retries exceeded with url: /mllm/v1/chat/completions (Caused by ReadTimeoutError("HTTPSConnectionPool(host=\'game.agaii.org\', port=443): Read timed out. (read timeout=240)"))'))
[ReasonBench] error example_id=6cb0c2d9892875f79d632e273efd7ae3fa4ccb324fbce753673b8314aa80c737 strategy=self_verify error=ConnectionError(MaxRetryError('HTTPSConnectionPool(host=\'game.agaii.org\', port=443): Max retries exceeded with url: /mllm/v1/chat/completions (Caused by ReadTimeoutError("HTTPSConnectionPool(host=\'game.agaii.org\', port=443): Read timed out. (read timeout=240)"))'))
[ReasonBench] marked_unscorable example_id=6cb0c2d9892875f79d632e273efd7ae3fa4ccb324fbce753673b8314aa80c737 strategy=self_verify error_records=23
[ReasonBench] request_retry attempt=5/7 backoff_s=12.0 error=ConnectionError(MaxRetryError('HTTPSConnectionPool(host=\'game.agaii.org\', port=443): Max retries exceeded with url: /mllm/v1/chat/completions (Caused by ReadTimeoutError("HTTPSConnectionPool(host=\'game.agaii.org\', port=443): Read timed out. (read timeout=240)"))'))
[ReasonBench] request_retry attempt=4/7 backoff_s=8.0 error=ConnectionError(MaxRetryError('HTTPSConnectionPool(host=\'game.agaii.org\', port=443): Max retries exceeded with url: /mllm/v1/chat/completions (Caused by ReadTimeoutError("HTTPSConnectionPool(host=\'game.agaii.org\', port=443): Read timed out. (read timeout=240)"))'))
[ReasonBench] request_retry attempt=1/7 backoff_s=1.0 error=ConnectionError(MaxRetryError('HTTPSConnectionPool(host=\'game.agaii.org\', port=443): Max retries exceeded with url: /mllm/v1/chat/completions (Caused by ReadTimeoutError("HTTPSConnectionPool(host=\'game.agaii.org\', port=443): Read timed out. (read timeout=240)"))'))
[ReasonBench] request_retry attempt=6/7 backoff_s=12.0 error=ConnectionError(MaxRetryError('HTTPSConnectionPool(host=\'game.agaii.org\', port=443): Max retries exceeded with url: /mllm/v1/chat/completions (Caused by ReadTimeoutError("HTTPSConnectionPool(host=\'game.agaii.org\', port=443): Read timed out. (read timeout=240)"))'))
[ReasonBench] request_retry attempt=5/7 backoff_s=12.0 error=ConnectionError(MaxRetryError('HTTPSConnectionPool(host=\'game.agaii.org\', port=443): Max retries exceeded with url: /mllm/v1/chat/completions (Caused by ReadTimeoutError("HTTPSConnectionPool(host=\'game.agaii.org\', port=443): Read timed out. (read timeout=240)"))'))
[ReasonBench] request_retry attempt=2/7 backoff_s=2.0 error=ConnectionError(MaxRetryError('HTTPSConnectionPool(host=\'game.agaii.org\', port=443): Max retries exceeded with url: /mllm/v1/chat/completions (Caused by ReadTimeoutError("HTTPSConnectionPool(host=\'game.agaii.org\', port=443): Read timed out. (read timeout=240)"))'))
[ReasonBench] error example_id=6cb0c2d9892875f79d632e273efd7ae3fa4ccb324fbce753673b8314aa80c737 strategy=critique_refine error=ConnectionError(MaxRetryError('HTTPSConnectionPool(host=\'game.agaii.org\', port=443): Max retries exceeded with url: /mllm/v1/chat/completions (Caused by ReadTimeoutError("HTTPSConnectionPool(host=\'game.agaii.org\', port=443): Read timed out. (read timeout=240)"))'))
[ReasonBench] marked_unscorable example_id=6cb0c2d9892875f79d632e273efd7ae3fa4ccb324fbce753673b8314aa80c737 strategy=critique_refine error_records=24
[ReasonBench] request_retry attempt=6/7 backoff_s=12.0 error=ConnectionError(MaxRetryError('HTTPSConnectionPool(host=\'game.agaii.org\', port=443): Max retries exceeded with url: /mllm/v1/chat/completions (Caused by ReadTimeoutError("HTTPSConnectionPool(host=\'game.agaii.org\', port=443): Read timed out. (read timeout=240)"))'))
[ReasonBench] request_retry attempt=3/7 backoff_s=4.0 error=ConnectionError(MaxRetryError('HTTPSConnectionPool(host=\'game.agaii.org\', port=443): Max retries exceeded with url: /mllm/v1/chat/completions (Caused by ReadTimeoutError("HTTPSConnectionPool(host=\'game.agaii.org\', port=443): Read timed out. (read timeout=240)"))'))
[ReasonBench] error example_id=6cb0c2d9892875f79d632e273efd7ae3fa4ccb324fbce753673b8314aa80c737 strategy=self_consistency error=ConnectionError(MaxRetryError('HTTPSConnectionPool(host=\'game.agaii.org\', port=443): Max retries exceeded with url: /mllm/v1/chat/completions (Caused by ReadTimeoutError("HTTPSConnectionPool(host=\'game.agaii.org\', port=443): Read timed out. (read timeout=240)"))'))
[ReasonBench] marked_unscorable example_id=6cb0c2d9892875f79d632e273efd7ae3fa4ccb324fbce753673b8314aa80c737 strategy=self_consistency error_records=25
[ReasonBench] request_retry attempt=4/7 backoff_s=8.0 error=ConnectionError(MaxRetryError('HTTPSConnectionPool(host=\'game.agaii.org\', port=443): Max retries exceeded with url: /mllm/v1/chat/completions (Caused by ReadTimeoutError("HTTPSConnectionPool(host=\'game.agaii.org\', port=443): Read timed out. (read timeout=240)"))'))
[ReasonBench] request_retry attempt=1/7 backoff_s=1.0 error=ConnectionError(MaxRetryError('HTTPSConnectionPool(host=\'game.agaii.org\', port=443): Max retries exceeded with url: /mllm/v1/chat/completions (Caused by ReadTimeoutError("HTTPSConnectionPool(host=\'game.agaii.org\', port=443): Read timed out. (read timeout=240)"))'))
[ReasonBench] request_retry attempt=1/7 backoff_s=1.0 error=ConnectionError(MaxRetryError('HTTPSConnectionPool(host=\'game.agaii.org\', port=443): Max retries exceeded with url: /mllm/v1/chat/completions (Caused by ReadTimeoutError("HTTPSConnectionPool(host=\'game.agaii.org\', port=443): Read timed out. (read timeout=240)"))'))
[ReasonBench] request_retry attempt=5/7 backoff_s=12.0 error=ConnectionError(MaxRetryError('HTTPSConnectionPool(host=\'game.agaii.org\', port=443): Max retries exceeded with url: /mllm/v1/chat/completions (Caused by ReadTimeoutError("HTTPSConnectionPool(host=\'game.agaii.org\', port=443): Read timed out. (read timeout=240)"))'))
[ReasonBench] request_retry attempt=2/7 backoff_s=2.0 error=ConnectionError(MaxRetryError('HTTPSConnectionPool(host=\'game.agaii.org\', port=443): Max retries exceeded with url: /mllm/v1/chat/completions (Caused by ReadTimeoutError("HTTPSConnectionPool(host=\'game.agaii.org\', port=443): Read timed out. (read timeout=240)"))'))
[ReasonBench] request_retry attempt=2/7 backoff_s=2.0 error=ConnectionError(MaxRetryError('HTTPSConnectionPool(host=\'game.agaii.org\', port=443): Max retries exceeded with url: /mllm/v1/chat/completions (Caused by ReadTimeoutError("HTTPSConnectionPool(host=\'game.agaii.org\', port=443): Read timed out. (read timeout=240)"))'))
[ReasonBench] request_retry attempt=6/7 backoff_s=12.0 error=ConnectionError(MaxRetryError('HTTPSConnectionPool(host=\'game.agaii.org\', port=443): Max retries exceeded with url: /mllm/v1/chat/completions (Caused by ReadTimeoutError("HTTPSConnectionPool(host=\'game.agaii.org\', port=443): Read timed out. (read timeout=240)"))'))
[ReasonBench] request_retry attempt=3/7 backoff_s=4.0 error=ConnectionError(MaxRetryError('HTTPSConnectionPool(host=\'game.agaii.org\', port=443): Max retries exceeded with url: /mllm/v1/chat/completions (Caused by ReadTimeoutError("HTTPSConnectionPool(host=\'game.agaii.org\', port=443): Read timed out. (read timeout=240)"))'))
[ReasonBench] request_retry attempt=3/7 backoff_s=4.0 error=ConnectionError(MaxRetryError('HTTPSConnectionPool(host=\'game.agaii.org\', port=443): Max retries exceeded with url: /mllm/v1/chat/completions (Caused by ReadTimeoutError("HTTPSConnectionPool(host=\'game.agaii.org\', port=443): Read timed out. (read timeout=240)"))'))
[ReasonBench] error example_id=6cb0c2d9892875f79d632e273efd7ae3fa4ccb324fbce753673b8314aa80c737 strategy=selective_self_consistency error=ConnectionError(MaxRetryError('HTTPSConnectionPool(host=\'game.agaii.org\', port=443): Max retries exceeded with url: /mllm/v1/chat/completions (Caused by ReadTimeoutError("HTTPSConnectionPool(host=\'game.agaii.org\', port=443): Read timed out. (read timeout=240)"))'))
[ReasonBench] marked_unscorable example_id=6cb0c2d9892875f79d632e273efd7ae3fa4ccb324fbce753673b8314aa80c737 strategy=selective_self_consistency error_records=26
[ReasonBench] request_retry attempt=4/7 backoff_s=8.0 error=ConnectionError(MaxRetryError('HTTPSConnectionPool(host=\'game.agaii.org\', port=443): Max retries exceeded with url: /mllm/v1/chat/completions (Caused by ReadTimeoutError("HTTPSConnectionPool(host=\'game.agaii.org\', port=443): Read timed out. (read timeout=240)"))'))
[ReasonBench] request_retry attempt=4/7 backoff_s=8.0 error=ConnectionError(MaxRetryError('HTTPSConnectionPool(host=\'game.agaii.org\', port=443): Max retries exceeded with url: /mllm/v1/chat/completions (Caused by ReadTimeoutError("HTTPSConnectionPool(host=\'game.agaii.org\', port=443): Read timed out. (read timeout=240)"))'))
[ReasonBench] request_retry attempt=1/7 backoff_s=1.0 error=ConnectionError(MaxRetryError('HTTPSConnectionPool(host=\'game.agaii.org\', port=443): Max retries exceeded with url: /mllm/v1/chat/completions (Caused by ReadTimeoutError("HTTPSConnectionPool(host=\'game.agaii.org\', port=443): Read timed out. (read timeout=240)"))'))
[ReasonBench] request_retry attempt=5/7 backoff_s=12.0 error=ConnectionError(MaxRetryError('HTTPSConnectionPool(host=\'game.agaii.org\', port=443): Max retries exceeded with url: /mllm/v1/chat/completions (Caused by ReadTimeoutError("HTTPSConnectionPool(host=\'game.agaii.org\', port=443): Read timed out. (read timeout=240)"))'))
[ReasonBench] request_retry attempt=5/7 backoff_s=12.0 error=ConnectionError(MaxRetryError('HTTPSConnectionPool(host=\'game.agaii.org\', port=443): Max retries exceeded with url: /mllm/v1/chat/completions (Caused by ReadTimeoutError("HTTPSConnectionPool(host=\'game.agaii.org\', port=443): Read timed out. (read timeout=240)"))'))
[ReasonBench] request_retry attempt=2/7 backoff_s=2.0 error=ConnectionError(MaxRetryError('HTTPSConnectionPool(host=\'game.agaii.org\', port=443): Max retries exceeded with url: /mllm/v1/chat/completions (Caused by ReadTimeoutError("HTTPSConnectionPool(host=\'game.agaii.org\', port=443): Read timed out. (read timeout=240)"))'))
[ReasonBench] request_retry attempt=6/7 backoff_s=12.0 error=ConnectionError(MaxRetryError('HTTPSConnectionPool(host=\'game.agaii.org\', port=443): Max retries exceeded with url: /mllm/v1/chat/completions (Caused by ReadTimeoutError("HTTPSConnectionPool(host=\'game.agaii.org\', port=443): Read timed out. (read timeout=240)"))'))
[ReasonBench] request_retry attempt=6/7 backoff_s=12.0 error=ConnectionError(MaxRetryError('HTTPSConnectionPool(host=\'game.agaii.org\', port=443): Max retries exceeded with url: /mllm/v1/chat/completions (Caused by ReadTimeoutError("HTTPSConnectionPool(host=\'game.agaii.org\', port=443): Read timed out. (read timeout=240)"))'))
[ReasonBench] request_retry attempt=3/7 backoff_s=4.0 error=ConnectionError(MaxRetryError('HTTPSConnectionPool(host=\'game.agaii.org\', port=443): Max retries exceeded with url: /mllm/v1/chat/completions (Caused by ReadTimeoutError("HTTPSConnectionPool(host=\'game.agaii.org\', port=443): Read timed out. (read timeout=240)"))'))
[ReasonBench] error example_id=88d41d97990a9e7f990eb8eb71440d007fd194758ce2c3fe00b77e186fd65c3d strategy=direct error=ConnectionError(MaxRetryError('HTTPSConnectionPool(host=\'game.agaii.org\', port=443): Max retries exceeded with url: /mllm/v1/chat/completions (Caused by ReadTimeoutError("HTTPSConnectionPool(host=\'game.agaii.org\', port=443): Read timed out. (read timeout=240)"))'))
[ReasonBench] marked_unscorable example_id=88d41d97990a9e7f990eb8eb71440d007fd194758ce2c3fe00b77e186fd65c3d strategy=direct error_records=27
[ReasonBench] error example_id=88d41d97990a9e7f990eb8eb71440d007fd194758ce2c3fe00b77e186fd65c3d strategy=concise_cot error=ConnectionError(MaxRetryError('HTTPSConnectionPool(host=\'game.agaii.org\', port=443): Max retries exceeded with url: /mllm/v1/chat/completions (Caused by ReadTimeoutError("HTTPSConnectionPool(host=\'game.agaii.org\', port=443): Read timed out. (read timeout=240)"))'))
[ReasonBench] marked_unscorable example_id=88d41d97990a9e7f990eb8eb71440d007fd194758ce2c3fe00b77e186fd65c3d strategy=concise_cot error_records=28
[ReasonBench] request_retry attempt=4/7 backoff_s=8.0 error=ConnectionError(MaxRetryError('HTTPSConnectionPool(host=\'game.agaii.org\', port=443): Max retries exceeded with url: /mllm/v1/chat/completions (Caused by ReadTimeoutError("HTTPSConnectionPool(host=\'game.agaii.org\', port=443): Read timed out. (read timeout=240)"))'))
[ReasonBench] request_retry attempt=1/7 backoff_s=1.0 error=ConnectionError(MaxRetryError('HTTPSConnectionPool(host=\'game.agaii.org\', port=443): Max retries exceeded with url: /mllm/v1/chat/completions (Caused by ReadTimeoutError("HTTPSConnectionPool(host=\'game.agaii.org\', port=443): Read timed out. (read timeout=240)"))'))
[ReasonBench] request_retry attempt=1/7 backoff_s=1.0 error=ConnectionError(MaxRetryError('HTTPSConnectionPool(host=\'game.agaii.org\', port=443): Max retries exceeded with url: /mllm/v1/chat/completions (Caused by ReadTimeoutError("HTTPSConnectionPool(host=\'game.agaii.org\', port=443): Read timed out. (read timeout=240)"))'))
[ReasonBench] request_retry attempt=5/7 backoff_s=12.0 error=ConnectionError(MaxRetryError('HTTPSConnectionPool(host=\'game.agaii.org\', port=443): Max retries exceeded with url: /mllm/v1/chat/completions (Caused by ReadTimeoutError("HTTPSConnectionPool(host=\'game.agaii.org\', port=443): Read timed out. (read timeout=240)"))'))
[ReasonBench] request_retry attempt=2/7 backoff_s=2.0 error=ConnectionError(MaxRetryError('HTTPSConnectionPool(host=\'game.agaii.org\', port=443): Max retries exceeded with url: /mllm/v1/chat/completions (Caused by ReadTimeoutError("HTTPSConnectionPool(host=\'game.agaii.org\', port=443): Read timed out. (read timeout=240)"))'))
[ReasonBench] request_retry attempt=2/7 backoff_s=2.0 error=ConnectionError(MaxRetryError('HTTPSConnectionPool(host=\'game.agaii.org\', port=443): Max retries exceeded with url: /mllm/v1/chat/completions (Caused by ReadTimeoutError("HTTPSConnectionPool(host=\'game.agaii.org\', port=443): Read timed out. (read timeout=240)"))'))
[ReasonBench] request_retry attempt=6/7 backoff_s=12.0 error=ConnectionError(MaxRetryError('HTTPSConnectionPool(host=\'game.agaii.org\', port=443): Max retries exceeded with url: /mllm/v1/chat/completions (Caused by ReadTimeoutError("HTTPSConnectionPool(host=\'game.agaii.org\', port=443): Read timed out. (read timeout=240)"))'))
[ReasonBench] request_retry attempt=3/7 backoff_s=4.0 error=ConnectionError(MaxRetryError('HTTPSConnectionPool(host=\'game.agaii.org\', port=443): Max retries exceeded with url: /mllm/v1/chat/completions (Caused by ReadTimeoutError("HTTPSConnectionPool(host=\'game.agaii.org\', port=443): Read timed out. (read timeout=240)"))'))
[ReasonBench] request_retry attempt=3/7 backoff_s=4.0 error=ConnectionError(MaxRetryError('HTTPSConnectionPool(host=\'game.agaii.org\', port=443): Max retries exceeded with url: /mllm/v1/chat/completions (Caused by ReadTimeoutError("HTTPSConnectionPool(host=\'game.agaii.org\', port=443): Read timed out. (read timeout=240)"))'))
[ReasonBench] error example_id=88d41d97990a9e7f990eb8eb71440d007fd194758ce2c3fe00b77e186fd65c3d strategy=least_to_most error=ConnectionError(MaxRetryError('HTTPSConnectionPool(host=\'game.agaii.org\', port=443): Max retries exceeded with url: /mllm/v1/chat/completions (Caused by ReadTimeoutError("HTTPSConnectionPool(host=\'game.agaii.org\', port=443): Read timed out. (read timeout=240)"))'))
[ReasonBench] marked_unscorable example_id=88d41d97990a9e7f990eb8eb71440d007fd194758ce2c3fe00b77e186fd65c3d strategy=least_to_most error_records=29
[ReasonBench] request_retry attempt=4/7 backoff_s=8.0 error=ConnectionError(MaxRetryError('HTTPSConnectionPool(host=\'game.agaii.org\', port=443): Max retries exceeded with url: /mllm/v1/chat/completions (Caused by ReadTimeoutError("HTTPSConnectionPool(host=\'game.agaii.org\', port=443): Read timed out. (read timeout=240)"))'))
[ReasonBench] request_retry attempt=4/7 backoff_s=8.0 error=ConnectionError(MaxRetryError('HTTPSConnectionPool(host=\'game.agaii.org\', port=443): Max retries exceeded with url: /mllm/v1/chat/completions (Caused by ReadTimeoutError("HTTPSConnectionPool(host=\'game.agaii.org\', port=443): Read timed out. (read timeout=240)"))'))
[ReasonBench] request_retry attempt=1/7 backoff_s=1.0 error=ConnectionError(MaxRetryError('HTTPSConnectionPool(host=\'game.agaii.org\', port=443): Max retries exceeded with url: /mllm/v1/chat/completions (Caused by ReadTimeoutError("HTTPSConnectionPool(host=\'game.agaii.org\', port=443): Read timed out. (read timeout=240)"))'))
[ReasonBench] request_retry attempt=5/7 backoff_s=12.0 error=ConnectionError(MaxRetryError('HTTPSConnectionPool(host=\'game.agaii.org\', port=443): Max retries exceeded with url: /mllm/v1/chat/completions (Caused by ReadTimeoutError("HTTPSConnectionPool(host=\'game.agaii.org\', port=443): Read timed out. (read timeout=240)"))'))
[ReasonBench] request_retry attempt=5/7 backoff_s=12.0 error=ConnectionError(MaxRetryError('HTTPSConnectionPool(host=\'game.agaii.org\', port=443): Max retries exceeded with url: /mllm/v1/chat/completions (Caused by ReadTimeoutError("HTTPSConnectionPool(host=\'game.agaii.org\', port=443): Read timed out. (read timeout=240)"))'))
[ReasonBench] request_retry attempt=2/7 backoff_s=2.0 error=ConnectionError(MaxRetryError('HTTPSConnectionPool(host=\'game.agaii.org\', port=443): Max retries exceeded with url: /mllm/v1/chat/completions (Caused by ReadTimeoutError("HTTPSConnectionPool(host=\'game.agaii.org\', port=443): Read timed out. (read timeout=240)"))'))
[ReasonBench] request_retry attempt=6/7 backoff_s=12.0 error=ConnectionError(MaxRetryError('HTTPSConnectionPool(host=\'game.agaii.org\', port=443): Max retries exceeded with url: /mllm/v1/chat/completions (Caused by ReadTimeoutError("HTTPSConnectionPool(host=\'game.agaii.org\', port=443): Read timed out. (read timeout=240)"))'))
[ReasonBench] request_retry attempt=6/7 backoff_s=12.0 error=ConnectionError(MaxRetryError('HTTPSConnectionPool(host=\'game.agaii.org\', port=443): Max retries exceeded with url: /mllm/v1/chat/completions (Caused by ReadTimeoutError("HTTPSConnectionPool(host=\'game.agaii.org\', port=443): Read timed out. (read timeout=240)"))'))
[ReasonBench] request_retry attempt=3/7 backoff_s=4.0 error=ConnectionError(MaxRetryError('HTTPSConnectionPool(host=\'game.agaii.org\', port=443): Max retries exceeded with url: /mllm/v1/chat/completions (Caused by ReadTimeoutError("HTTPSConnectionPool(host=\'game.agaii.org\', port=443): Read timed out. (read timeout=240)"))'))
[ReasonBench] error example_id=88d41d97990a9e7f990eb8eb71440d007fd194758ce2c3fe00b77e186fd65c3d strategy=constraint_decompose error=ConnectionError(MaxRetryError('HTTPSConnectionPool(host=\'game.agaii.org\', port=443): Max retries exceeded with url: /mllm/v1/chat/completions (Caused by ReadTimeoutError("HTTPSConnectionPool(host=\'game.agaii.org\', port=443): Read timed out. (read timeout=240)"))'))
[ReasonBench] marked_unscorable example_id=88d41d97990a9e7f990eb8eb71440d007fd194758ce2c3fe00b77e186fd65c3d strategy=constraint_decompose error_records=30
[ReasonBench] error example_id=88d41d97990a9e7f990eb8eb71440d007fd194758ce2c3fe00b77e186fd65c3d strategy=self_verify error=ConnectionError(MaxRetryError('HTTPSConnectionPool(host=\'game.agaii.org\', port=443): Max retries exceeded with url: /mllm/v1/chat/completions (Caused by ReadTimeoutError("HTTPSConnectionPool(host=\'game.agaii.org\', port=443): Read timed out. (read timeout=240)"))'))
[ReasonBench] marked_unscorable example_id=88d41d97990a9e7f990eb8eb71440d007fd194758ce2c3fe00b77e186fd65c3d strategy=self_verify error_records=31
[ReasonBench] request_retry attempt=4/7 backoff_s=8.0 error=ConnectionError(MaxRetryError('HTTPSConnectionPool(host=\'game.agaii.org\', port=443): Max retries exceeded with url: /mllm/v1/chat/completions (Caused by ReadTimeoutError("HTTPSConnectionPool(host=\'game.agaii.org\', port=443): Read timed out. (read timeout=240)"))'))
[ReasonBench] request_retry attempt=1/7 backoff_s=1.0 error=ConnectionError(MaxRetryError('HTTPSConnectionPool(host=\'game.agaii.org\', port=443): Max retries exceeded with url: /mllm/v1/chat/completions (Caused by ReadTimeoutError("HTTPSConnectionPool(host=\'game.agaii.org\', port=443): Read timed out. (read timeout=240)"))'))
[ReasonBench] request_retry attempt=1/7 backoff_s=1.0 error=ConnectionError(MaxRetryError('HTTPSConnectionPool(host=\'game.agaii.org\', port=443): Max retries exceeded with url: /mllm/v1/chat/completions (Caused by ReadTimeoutError("HTTPSConnectionPool(host=\'game.agaii.org\', port=443): Read timed out. (read timeout=240)"))'))
[ReasonBench] request_retry attempt=5/7 backoff_s=12.0 error=ConnectionError(MaxRetryError('HTTPSConnectionPool(host=\'game.agaii.org\', port=443): Max retries exceeded with url: /mllm/v1/chat/completions (Caused by ReadTimeoutError("HTTPSConnectionPool(host=\'game.agaii.org\', port=443): Read timed out. (read timeout=240)"))'))
[ReasonBench] request_retry attempt=2/7 backoff_s=2.0 error=ConnectionError(MaxRetryError('HTTPSConnectionPool(host=\'game.agaii.org\', port=443): Max retries exceeded with url: /mllm/v1/chat/completions (Caused by ReadTimeoutError("HTTPSConnectionPool(host=\'game.agaii.org\', port=443): Read timed out. (read timeout=240)"))'))
[ReasonBench] request_retry attempt=2/7 backoff_s=2.0 error=ConnectionError(MaxRetryError('HTTPSConnectionPool(host=\'game.agaii.org\', port=443): Max retries exceeded with url: /mllm/v1/chat/completions (Caused by ReadTimeoutError("HTTPSConnectionPool(host=\'game.agaii.org\', port=443): Read timed out. (read timeout=240)"))'))
[ReasonBench] request_retry attempt=6/7 backoff_s=12.0 error=ConnectionError(MaxRetryError('HTTPSConnectionPool(host=\'game.agaii.org\', port=443): Max retries exceeded with url: /mllm/v1/chat/completions (Caused by ReadTimeoutError("HTTPSConnectionPool(host=\'game.agaii.org\', port=443): Read timed out. (read timeout=240)"))'))
[ReasonBench] request_retry attempt=3/7 backoff_s=4.0 error=ConnectionError(MaxRetryError('HTTPSConnectionPool(host=\'game.agaii.org\', port=443): Max retries exceeded with url: /mllm/v1/chat/completions (Caused by ReadTimeoutError("HTTPSConnectionPool(host=\'game.agaii.org\', port=443): Read timed out. (read timeout=240)"))'))
[ReasonBench] request_retry attempt=3/7 backoff_s=4.0 error=ConnectionError(MaxRetryError('HTTPSConnectionPool(host=\'game.agaii.org\', port=443): Max retries exceeded with url: /mllm/v1/chat/completions (Caused by ReadTimeoutError("HTTPSConnectionPool(host=\'game.agaii.org\', port=443): Read timed out. (read timeout=240)"))'))
[ReasonBench] error example_id=88d41d97990a9e7f990eb8eb71440d007fd194758ce2c3fe00b77e186fd65c3d strategy=critique_refine error=ConnectionError(MaxRetryError('HTTPSConnectionPool(host=\'game.agaii.org\', port=443): Max retries exceeded with url: /mllm/v1/chat/completions (Caused by ReadTimeoutError("HTTPSConnectionPool(host=\'game.agaii.org\', port=443): Read timed out. (read timeout=240)"))'))
[ReasonBench] marked_unscorable example_id=88d41d97990a9e7f990eb8eb71440d007fd194758ce2c3fe00b77e186fd65c3d strategy=critique_refine error_records=32
[ReasonBench] request_retry attempt=4/7 backoff_s=8.0 error=ConnectionError(MaxRetryError('HTTPSConnectionPool(host=\'game.agaii.org\', port=443): Max retries exceeded with url: /mllm/v1/chat/completions (Caused by ReadTimeoutError("HTTPSConnectionPool(host=\'game.agaii.org\', port=443): Read timed out. (read timeout=240)"))'))
[ReasonBench] request_retry attempt=4/7 backoff_s=8.0 error=ConnectionError(MaxRetryError('HTTPSConnectionPool(host=\'game.agaii.org\', port=443): Max retries exceeded with url: /mllm/v1/chat/completions (Caused by ReadTimeoutError("HTTPSConnectionPool(host=\'game.agaii.org\', port=443): Read timed out. (read timeout=240)"))'))
[ReasonBench] request_retry attempt=1/7 backoff_s=1.0 error=ConnectionError(MaxRetryError('HTTPSConnectionPool(host=\'game.agaii.org\', port=443): Max retries exceeded with url: /mllm/v1/chat/completions (Caused by ReadTimeoutError("HTTPSConnectionPool(host=\'game.agaii.org\', port=443): Read timed out. (read timeout=240)"))'))
[ReasonBench] request_retry attempt=5/7 backoff_s=12.0 error=ConnectionError(MaxRetryError('HTTPSConnectionPool(host=\'game.agaii.org\', port=443): Max retries exceeded with url: /mllm/v1/chat/completions (Caused by ReadTimeoutError("HTTPSConnectionPool(host=\'game.agaii.org\', port=443): Read timed out. (read timeout=240)"))'))
[ReasonBench] request_retry attempt=5/7 backoff_s=12.0 error=ConnectionError(MaxRetryError('HTTPSConnectionPool(host=\'game.agaii.org\', port=443): Max retries exceeded with url: /mllm/v1/chat/completions (Caused by ReadTimeoutError("HTTPSConnectionPool(host=\'game.agaii.org\', port=443): Read timed out. (read timeout=240)"))'))
[ReasonBench] request_retry attempt=2/7 backoff_s=2.0 error=ConnectionError(MaxRetryError('HTTPSConnectionPool(host=\'game.agaii.org\', port=443): Max retries exceeded with url: /mllm/v1/chat/completions (Caused by ReadTimeoutError("HTTPSConnectionPool(host=\'game.agaii.org\', port=443): Read timed out. (read timeout=240)"))'))
[ReasonBench] request_retry attempt=6/7 backoff_s=12.0 error=ConnectionError(MaxRetryError('HTTPSConnectionPool(host=\'game.agaii.org\', port=443): Max retries exceeded with url: /mllm/v1/chat/completions (Caused by ReadTimeoutError("HTTPSConnectionPool(host=\'game.agaii.org\', port=443): Read timed out. (read timeout=240)"))'))
[ReasonBench] request_retry attempt=6/7 backoff_s=12.0 error=ConnectionError(MaxRetryError('HTTPSConnectionPool(host=\'game.agaii.org\', port=443): Max retries exceeded with url: /mllm/v1/chat/completions (Caused by ReadTimeoutError("HTTPSConnectionPool(host=\'game.agaii.org\', port=443): Read timed out. (read timeout=240)"))'))
[ReasonBench] request_retry attempt=3/7 backoff_s=4.0 error=ConnectionError(MaxRetryError('HTTPSConnectionPool(host=\'game.agaii.org\', port=443): Max retries exceeded with url: /mllm/v1/chat/completions (Caused by ReadTimeoutError("HTTPSConnectionPool(host=\'game.agaii.org\', port=443): Read timed out. (read timeout=240)"))'))
[ReasonBench] error example_id=88d41d97990a9e7f990eb8eb71440d007fd194758ce2c3fe00b77e186fd65c3d strategy=self_consistency error=ConnectionError(MaxRetryError('HTTPSConnectionPool(host=\'game.agaii.org\', port=443): Max retries exceeded with url: /mllm/v1/chat/completions (Caused by ReadTimeoutError("HTTPSConnectionPool(host=\'game.agaii.org\', port=443): Read timed out. (read timeout=240)"))'))
[ReasonBench] marked_unscorable example_id=88d41d97990a9e7f990eb8eb71440d007fd194758ce2c3fe00b77e186fd65c3d strategy=self_consistency error_records=33
[ReasonBench] error example_id=88d41d97990a9e7f990eb8eb71440d007fd194758ce2c3fe00b77e186fd65c3d strategy=selective_self_consistency error=ConnectionError(MaxRetryError('HTTPSConnectionPool(host=\'game.agaii.org\', port=443): Max retries exceeded with url: /mllm/v1/chat/completions (Caused by ReadTimeoutError("HTTPSConnectionPool(host=\'game.agaii.org\', port=443): Read timed out. (read timeout=240)"))'))
[ReasonBench] marked_unscorable example_id=88d41d97990a9e7f990eb8eb71440d007fd194758ce2c3fe00b77e186fd65c3d strategy=selective_self_consistency error_records=34
[ReasonBench] request_retry attempt=4/7 backoff_s=8.0 error=ConnectionError(MaxRetryError('HTTPSConnectionPool(host=\'game.agaii.org\', port=443): Max retries exceeded with url: /mllm/v1/chat/completions (Caused by ReadTimeoutError("HTTPSConnectionPool(host=\'game.agaii.org\', port=443): Read timed out. (read timeout=240)"))'))
[ReasonBench] request_retry attempt=1/7 backoff_s=1.0 error=ConnectionError(MaxRetryError('HTTPSConnectionPool(host=\'game.agaii.org\', port=443): Max retries exceeded with url: /mllm/v1/chat/completions (Caused by ReadTimeoutError("HTTPSConnectionPool(host=\'game.agaii.org\', port=443): Read timed out. (read timeout=240)"))'))
[ReasonBench] request_retry attempt=1/7 backoff_s=1.0 error=ConnectionError(MaxRetryError('HTTPSConnectionPool(host=\'game.agaii.org\', port=443): Max retries exceeded with url: /mllm/v1/chat/completions (Caused by ReadTimeoutError("HTTPSConnectionPool(host=\'game.agaii.org\', port=443): Read timed out. (read timeout=240)"))'))
[ReasonBench] request_retry attempt=5/7 backoff_s=12.0 error=ConnectionError(MaxRetryError('HTTPSConnectionPool(host=\'game.agaii.org\', port=443): Max retries exceeded with url: /mllm/v1/chat/completions (Caused by ReadTimeoutError("HTTPSConnectionPool(host=\'game.agaii.org\', port=443): Read timed out. (read timeout=240)"))'))
[ReasonBench] request_retry attempt=2/7 backoff_s=2.0 error=ConnectionError(MaxRetryError('HTTPSConnectionPool(host=\'game.agaii.org\', port=443): Max retries exceeded with url: /mllm/v1/chat/completions (Caused by ReadTimeoutError("HTTPSConnectionPool(host=\'game.agaii.org\', port=443): Read timed out. (read timeout=240)"))'))
[ReasonBench] request_retry attempt=2/7 backoff_s=2.0 error=ConnectionError(MaxRetryError('HTTPSConnectionPool(host=\'game.agaii.org\', port=443): Max retries exceeded with url: /mllm/v1/chat/completions (Caused by ReadTimeoutError("HTTPSConnectionPool(host=\'game.agaii.org\', port=443): Read timed out. (read timeout=240)"))'))
[ReasonBench] request_retry attempt=6/7 backoff_s=12.0 error=ConnectionError(MaxRetryError('HTTPSConnectionPool(host=\'game.agaii.org\', port=443): Max retries exceeded with url: /mllm/v1/chat/completions (Caused by ReadTimeoutError("HTTPSConnectionPool(host=\'game.agaii.org\', port=443): Read timed out. (read timeout=240)"))'))
[ReasonBench] request_retry attempt=3/7 backoff_s=4.0 error=ConnectionError(MaxRetryError('HTTPSConnectionPool(host=\'game.agaii.org\', port=443): Max retries exceeded with url: /mllm/v1/chat/completions (Caused by ReadTimeoutError("HTTPSConnectionPool(host=\'game.agaii.org\', port=443): Read timed out. (read timeout=240)"))'))
[ReasonBench] request_retry attempt=3/7 backoff_s=4.0 error=ConnectionError(MaxRetryError('HTTPSConnectionPool(host=\'game.agaii.org\', port=443): Max retries exceeded with url: /mllm/v1/chat/completions (Caused by ReadTimeoutError("HTTPSConnectionPool(host=\'game.agaii.org\', port=443): Read timed out. (read timeout=240)"))'))
[ReasonBench] error example_id=88d41d97990a9e7f990eb8eb71440d007fd194758ce2c3fe00b77e186fd65c3d strategy=budgeted_cascade error=ConnectionError(MaxRetryError('HTTPSConnectionPool(host=\'game.agaii.org\', port=443): Max retries exceeded with url: /mllm/v1/chat/completions (Caused by ReadTimeoutError("HTTPSConnectionPool(host=\'game.agaii.org\', port=443): Read timed out. (read timeout=240)"))'))
[ReasonBench] marked_unscorable example_id=88d41d97990a9e7f990eb8eb71440d007fd194758ce2c3fe00b77e186fd65c3d strategy=budgeted_cascade error_records=35
[ReasonBench] request_retry attempt=4/7 backoff_s=8.0 error=ConnectionError(MaxRetryError('HTTPSConnectionPool(host=\'game.agaii.org\', port=443): Max retries exceeded with url: /mllm/v1/chat/completions (Caused by ReadTimeoutError("HTTPSConnectionPool(host=\'game.agaii.org\', port=443): Read timed out. (read timeout=240)"))'))
