============================================================
session_name: rb_truthfulqa_27b__260402_201457
attempt: 1
started_at: 2026-04-02T21:05:13-04:00
config_path: configs/experiments/generated/spring26_2026-04-02__20-14-57/full_truthfulqa_all_strategies_27b.toml
checkpoint_path: outputs/full_truthfulqa_27b__spring26_2026-04-02__20-14-57/results.jsonl
cwd: /mnt/Yanlai/ReasonBench
command: PYTHONUNBUFFERED=1 PYTHONPATH=src /usr/bin/python3 -u -m reasonbench.cli.run --config configs/experiments/generated/spring26_2026-04-02__20-14-57/full_truthfulqa_all_strategies_27b.toml
============================================================
[ReasonBench] experiment=truthfulqa_full_all_strategies_27b__spring26_2026-04-02__20-14-57 examples=817 strategies=10 expected_total=8170 existing_checkpoint_records=4
[ReasonBench] pending_records=8166 max_workers=2
[ReasonBench] progress total=5/8170 (0.06%) new=1/8166 elapsed_s=329.7
[ReasonBench] error example_id=1 strategy=self_verify error=ConnectionError(MaxRetryError('HTTPSConnectionPool(host=\'game.agaii.org\', port=443): Max retries exceeded with url: /mllm/v1/chat/completions (Caused by ReadTimeoutError("HTTPSConnectionPool(host=\'game.agaii.org\', port=443): Read timed out. (read timeout=180)"))'))
[ReasonBench] marked_unscorable example_id=1 strategy=self_verify error_records=1
[ReasonBench] error example_id=2 strategy=least_to_most error=ConnectionError(MaxRetryError('HTTPSConnectionPool(host=\'game.agaii.org\', port=443): Max retries exceeded with url: /mllm/v1/chat/completions (Caused by ReadTimeoutError("HTTPSConnectionPool(host=\'game.agaii.org\', port=443): Read timed out. (read timeout=180)"))'))
[ReasonBench] marked_unscorable example_id=2 strategy=least_to_most error_records=2
[ReasonBench] error example_id=2 strategy=constraint_decompose error=ConnectionError(MaxRetryError('HTTPSConnectionPool(host=\'game.agaii.org\', port=443): Max retries exceeded with url: /mllm/v1/chat/completions (Caused by ReadTimeoutError("HTTPSConnectionPool(host=\'game.agaii.org\', port=443): Read timed out. (read timeout=180)"))'))
[ReasonBench] marked_unscorable example_id=2 strategy=constraint_decompose error_records=3
[ReasonBench] error example_id=2 strategy=critique_refine error=ConnectionError(MaxRetryError('HTTPSConnectionPool(host=\'game.agaii.org\', port=443): Max retries exceeded with url: /mllm/v1/chat/completions (Caused by ReadTimeoutError("HTTPSConnectionPool(host=\'game.agaii.org\', port=443): Read timed out. (read timeout=180)"))'))
[ReasonBench] marked_unscorable example_id=2 strategy=critique_refine error_records=4
[ReasonBench] error example_id=2 strategy=self_verify error=ConnectionError(MaxRetryError('HTTPSConnectionPool(host=\'game.agaii.org\', port=443): Max retries exceeded with url: /mllm/v1/chat/completions (Caused by ReadTimeoutError("HTTPSConnectionPool(host=\'game.agaii.org\', port=443): Read timed out. (read timeout=180)"))'))
[ReasonBench] marked_unscorable example_id=2 strategy=self_verify error_records=5
[ReasonBench] error example_id=3 strategy=least_to_most error=ConnectionError(MaxRetryError('HTTPSConnectionPool(host=\'game.agaii.org\', port=443): Max retries exceeded with url: /mllm/v1/chat/completions (Caused by ReadTimeoutError("HTTPSConnectionPool(host=\'game.agaii.org\', port=443): Read timed out. (read timeout=180)"))'))
[ReasonBench] marked_unscorable example_id=3 strategy=least_to_most error_records=6
[ReasonBench] error example_id=3 strategy=self_verify error=ConnectionError(MaxRetryError('HTTPSConnectionPool(host=\'game.agaii.org\', port=443): Max retries exceeded with url: /mllm/v1/chat/completions (Caused by ReadTimeoutError("HTTPSConnectionPool(host=\'game.agaii.org\', port=443): Read timed out. (read timeout=180)"))'))
[ReasonBench] marked_unscorable example_id=3 strategy=self_verify error_records=7
[ReasonBench] error example_id=3 strategy=critique_refine error=ConnectTimeout(MaxRetryError("HTTPSConnectionPool(host='game.agaii.org', port=443): Max retries exceeded with url: /mllm/v1/chat/completions (Caused by ConnectTimeoutError(<urllib3.connection.HTTPSConnection object at 0x720b52a03590>, 'Connection to game.agaii.org timed out. (connect timeout=180)'))"))
[ReasonBench] marked_unscorable example_id=3 strategy=critique_refine error_records=8
[ReasonBench] error example_id=3 strategy=self_consistency error=ConnectionError(MaxRetryError('HTTPSConnectionPool(host=\'game.agaii.org\', port=443): Max retries exceeded with url: /mllm/v1/chat/completions (Caused by NameResolutionError("<urllib3.connection.HTTPSConnection object at 0x720b52a28260>: Failed to resolve \'game.agaii.org\' ([Errno -3] Temporary failure in name resolution)"))'))
[ReasonBench] marked_unscorable example_id=3 strategy=self_consistency error_records=9
[ReasonBench] error example_id=3 strategy=few_shot_exemplar error=ConnectionError(MaxRetryError('HTTPSConnectionPool(host=\'game.agaii.org\', port=443): Max retries exceeded with url: /mllm/v1/chat/completions (Caused by NameResolutionError("<urllib3.connection.HTTPSConnection object at 0x720b52a28e30>: Failed to resolve \'game.agaii.org\' ([Errno -3] Temporary failure in name resolution)"))'))
[ReasonBench] marked_unscorable example_id=3 strategy=few_shot_exemplar error_records=10
[ReasonBench] error example_id=4 strategy=direct error=ConnectionError(MaxRetryError('HTTPSConnectionPool(host=\'game.agaii.org\', port=443): Max retries exceeded with url: /mllm/v1/chat/completions (Caused by NameResolutionError("<urllib3.connection.HTTPSConnection object at 0x720b52a29a00>: Failed to resolve \'game.agaii.org\' ([Errno -3] Temporary failure in name resolution)"))'))
[ReasonBench] marked_unscorable example_id=4 strategy=direct error_records=11
[ReasonBench] error example_id=3 strategy=selective_self_consistency error=ConnectionError(MaxRetryError('HTTPSConnectionPool(host=\'game.agaii.org\', port=443): Max retries exceeded with url: /mllm/v1/chat/completions (Caused by NameResolutionError("<urllib3.connection.HTTPSConnection object at 0x720b52a29bb0>: Failed to resolve \'game.agaii.org\' ([Errno -3] Temporary failure in name resolution)"))'))
[ReasonBench] marked_unscorable example_id=3 strategy=selective_self_consistency error_records=12
[ReasonBench] error example_id=4 strategy=concise_cot error=ConnectionError(MaxRetryError('HTTPSConnectionPool(host=\'game.agaii.org\', port=443): Max retries exceeded with url: /mllm/v1/chat/completions (Caused by NameResolutionError("<urllib3.connection.HTTPSConnection object at 0x720b52a2af30>: Failed to resolve \'game.agaii.org\' ([Errno -3] Temporary failure in name resolution)"))'))
[ReasonBench] marked_unscorable example_id=4 strategy=concise_cot error_records=13
[ReasonBench] error example_id=4 strategy=least_to_most error=ConnectionError(MaxRetryError('HTTPSConnectionPool(host=\'game.agaii.org\', port=443): Max retries exceeded with url: /mllm/v1/chat/completions (Caused by NameResolutionError("<urllib3.connection.HTTPSConnection object at 0x720b52a2b0e0>: Failed to resolve \'game.agaii.org\' ([Errno -3] Temporary failure in name resolution)"))'))
[ReasonBench] marked_unscorable example_id=4 strategy=least_to_most error_records=14
[ReasonBench] error example_id=4 strategy=constraint_decompose error=ConnectionError(MaxRetryError('HTTPSConnectionPool(host=\'game.agaii.org\', port=443): Max retries exceeded with url: /mllm/v1/chat/completions (Caused by NameResolutionError("<urllib3.connection.HTTPSConnection object at 0x720b52a60650>: Failed to resolve \'game.agaii.org\' ([Errno -3] Temporary failure in name resolution)"))'))
[ReasonBench] marked_unscorable example_id=4 strategy=constraint_decompose error_records=15
[ReasonBench] progress total=44/8170 (0.54%) new=40/8166 elapsed_s=5929.9
[ReasonBench] error example_id=4 strategy=self_verify error=ConnectionError(MaxRetryError('HTTPSConnectionPool(host=\'game.agaii.org\', port=443): Max retries exceeded with url: /mllm/v1/chat/completions (Caused by NameResolutionError("<urllib3.connection.HTTPSConnection object at 0x720b52a60800>: Failed to resolve \'game.agaii.org\' ([Errno -3] Temporary failure in name resolution)"))'))
[ReasonBench] marked_unscorable example_id=4 strategy=self_verify error_records=16
[ReasonBench] error example_id=4 strategy=critique_refine error=ConnectionError(MaxRetryError('HTTPSConnectionPool(host=\'game.agaii.org\', port=443): Max retries exceeded with url: /mllm/v1/chat/completions (Caused by NameResolutionError("<urllib3.connection.HTTPSConnection object at 0x720b52a61df0>: Failed to resolve \'game.agaii.org\' ([Errno -3] Temporary failure in name resolution)"))'))
[ReasonBench] marked_unscorable example_id=4 strategy=critique_refine error_records=17
[ReasonBench] error example_id=4 strategy=self_consistency error=ConnectionError(MaxRetryError('HTTPSConnectionPool(host=\'game.agaii.org\', port=443): Max retries exceeded with url: /mllm/v1/chat/completions (Caused by NameResolutionError("<urllib3.connection.HTTPSConnection object at 0x720b52a61c40>: Failed to resolve \'game.agaii.org\' ([Errno -3] Temporary failure in name resolution)"))'))
[ReasonBench] marked_unscorable example_id=4 strategy=self_consistency error_records=18
[ReasonBench] error example_id=4 strategy=budgeted_cascade error=ConnectionError(MaxRetryError('HTTPSConnectionPool(host=\'game.agaii.org\', port=443): Max retries exceeded with url: /mllm/v1/chat/completions (Caused by NameResolutionError("<urllib3.connection.HTTPSConnection object at 0x720b54ca54f0>: Failed to resolve \'game.agaii.org\' ([Errno -3] Temporary failure in name resolution)"))'))
[ReasonBench] marked_unscorable example_id=4 strategy=budgeted_cascade error_records=19
[ReasonBench] error example_id=4 strategy=selective_self_consistency error=ConnectionError(MaxRetryError('HTTPSConnectionPool(host=\'game.agaii.org\', port=443): Max retries exceeded with url: /mllm/v1/chat/completions (Caused by NameResolutionError("<urllib3.connection.HTTPSConnection object at 0x720b548557c0>: Failed to resolve \'game.agaii.org\' ([Errno -3] Temporary failure in name resolution)"))'))
[ReasonBench] marked_unscorable example_id=4 strategy=selective_self_consistency error_records=20
[ReasonBench] error example_id=4 strategy=few_shot_exemplar error=ConnectionError(MaxRetryError('HTTPSConnectionPool(host=\'game.agaii.org\', port=443): Max retries exceeded with url: /mllm/v1/chat/completions (Caused by NameResolutionError("<urllib3.connection.HTTPSConnection object at 0x720b52bae780>: Failed to resolve \'game.agaii.org\' ([Errno -3] Temporary failure in name resolution)"))'))
[ReasonBench] marked_unscorable example_id=4 strategy=few_shot_exemplar error_records=21
[ReasonBench] error example_id=5 strategy=direct error=ConnectionError(MaxRetryError('HTTPSConnectionPool(host=\'game.agaii.org\', port=443): Max retries exceeded with url: /mllm/v1/chat/completions (Caused by NameResolutionError("<urllib3.connection.HTTPSConnection object at 0x720b52baf4d0>: Failed to resolve \'game.agaii.org\' ([Errno -3] Temporary failure in name resolution)"))'))
[ReasonBench] marked_unscorable example_id=5 strategy=direct error_records=22
[ReasonBench] error example_id=5 strategy=concise_cot error=ConnectionError(MaxRetryError('HTTPSConnectionPool(host=\'game.agaii.org\', port=443): Max retries exceeded with url: /mllm/v1/chat/completions (Caused by NameResolutionError("<urllib3.connection.HTTPSConnection object at 0x720b52a63080>: Failed to resolve \'game.agaii.org\' ([Errno -3] Temporary failure in name resolution)"))'))
[ReasonBench] marked_unscorable example_id=5 strategy=concise_cot error_records=23
[ReasonBench] error example_id=5 strategy=least_to_most error=ConnectionError(MaxRetryError('HTTPSConnectionPool(host=\'game.agaii.org\', port=443): Max retries exceeded with url: /mllm/v1/chat/completions (Caused by NameResolutionError("<urllib3.connection.HTTPSConnection object at 0x720b52a62ed0>: Failed to resolve \'game.agaii.org\' ([Errno -3] Temporary failure in name resolution)"))'))
[ReasonBench] marked_unscorable example_id=5 strategy=least_to_most error_records=24
[ReasonBench] error example_id=5 strategy=constraint_decompose error=ConnectionError(MaxRetryError('HTTPSConnectionPool(host=\'game.agaii.org\', port=443): Max retries exceeded with url: /mllm/v1/chat/completions (Caused by NameResolutionError("<urllib3.connection.HTTPSConnection object at 0x720b52868440>: Failed to resolve \'game.agaii.org\' ([Errno -3] Temporary failure in name resolution)"))'))
[ReasonBench] marked_unscorable example_id=5 strategy=constraint_decompose error_records=25
[ReasonBench] error example_id=5 strategy=self_verify error=ConnectionError(MaxRetryError('HTTPSConnectionPool(host=\'game.agaii.org\', port=443): Max retries exceeded with url: /mllm/v1/chat/completions (Caused by NameResolutionError("<urllib3.connection.HTTPSConnection object at 0x720b528685f0>: Failed to resolve \'game.agaii.org\' ([Errno -3] Temporary failure in name resolution)"))'))
[ReasonBench] marked_unscorable example_id=5 strategy=self_verify error_records=26
[ReasonBench] error example_id=5 strategy=self_consistency error=ConnectionError(MaxRetryError('HTTPSConnectionPool(host=\'game.agaii.org\', port=443): Max retries exceeded with url: /mllm/v1/chat/completions (Caused by NameResolutionError("<urllib3.connection.HTTPSConnection object at 0x720b52869a30>: Failed to resolve \'game.agaii.org\' ([Errno -3] Temporary failure in name resolution)"))'))
[ReasonBench] marked_unscorable example_id=5 strategy=self_consistency error_records=27
[ReasonBench] error example_id=5 strategy=critique_refine error=ConnectionError(MaxRetryError('HTTPSConnectionPool(host=\'game.agaii.org\', port=443): Max retries exceeded with url: /mllm/v1/chat/completions (Caused by NameResolutionError("<urllib3.connection.HTTPSConnection object at 0x720b52869be0>: Failed to resolve \'game.agaii.org\' ([Errno -3] Temporary failure in name resolution)"))'))
[ReasonBench] marked_unscorable example_id=5 strategy=critique_refine error_records=28
[ReasonBench] error example_id=5 strategy=budgeted_cascade error=ConnectionError(MaxRetryError('HTTPSConnectionPool(host=\'game.agaii.org\', port=443): Max retries exceeded with url: /mllm/v1/chat/completions (Caused by NameResolutionError("<urllib3.connection.HTTPSConnection object at 0x720b5286b0e0>: Failed to resolve \'game.agaii.org\' ([Errno -3] Temporary failure in name resolution)"))'))
[ReasonBench] marked_unscorable example_id=5 strategy=budgeted_cascade error_records=29
[ReasonBench] error example_id=5 strategy=selective_self_consistency error=ConnectionError(MaxRetryError('HTTPSConnectionPool(host=\'game.agaii.org\', port=443): Max retries exceeded with url: /mllm/v1/chat/completions (Caused by NameResolutionError("<urllib3.connection.HTTPSConnection object at 0x720b5286b290>: Failed to resolve \'game.agaii.org\' ([Errno -3] Temporary failure in name resolution)"))'))
[ReasonBench] marked_unscorable example_id=5 strategy=selective_self_consistency error_records=30
[ReasonBench] error example_id=6 strategy=direct error=ConnectionError(MaxRetryError('HTTPSConnectionPool(host=\'game.agaii.org\', port=443): Max retries exceeded with url: /mllm/v1/chat/completions (Caused by NameResolutionError("<urllib3.connection.HTTPSConnection object at 0x720b528908c0>: Failed to resolve \'game.agaii.org\' ([Errno -3] Temporary failure in name resolution)"))'))
[ReasonBench] marked_unscorable example_id=6 strategy=direct error_records=31
[ReasonBench] error example_id=5 strategy=few_shot_exemplar error=ConnectionError(MaxRetryError('HTTPSConnectionPool(host=\'game.agaii.org\', port=443): Max retries exceeded with url: /mllm/v1/chat/completions (Caused by NameResolutionError("<urllib3.connection.HTTPSConnection object at 0x720b52890710>: Failed to resolve \'game.agaii.org\' ([Errno -3] Temporary failure in name resolution)"))'))
[ReasonBench] marked_unscorable example_id=5 strategy=few_shot_exemplar error_records=32
[ReasonBench] error example_id=6 strategy=concise_cot error=ConnectionError(MaxRetryError('HTTPSConnectionPool(host=\'game.agaii.org\', port=443): Max retries exceeded with url: /mllm/v1/chat/completions (Caused by NameResolutionError("<urllib3.connection.HTTPSConnection object at 0x720b52891df0>: Failed to resolve \'game.agaii.org\' ([Errno -3] Temporary failure in name resolution)"))'))
[ReasonBench] marked_unscorable example_id=6 strategy=concise_cot error_records=33
[ReasonBench] error example_id=6 strategy=least_to_most error=ConnectionError(MaxRetryError('HTTPSConnectionPool(host=\'game.agaii.org\', port=443): Max retries exceeded with url: /mllm/v1/chat/completions (Caused by NameResolutionError("<urllib3.connection.HTTPSConnection object at 0x720b52891c40>: Failed to resolve \'game.agaii.org\' ([Errno -3] Temporary failure in name resolution)"))'))
[ReasonBench] marked_unscorable example_id=6 strategy=least_to_most error_records=34
[ReasonBench] error example_id=6 strategy=constraint_decompose error=ConnectionError(MaxRetryError('HTTPSConnectionPool(host=\'game.agaii.org\', port=443): Max retries exceeded with url: /mllm/v1/chat/completions (Caused by NameResolutionError("<urllib3.connection.HTTPSConnection object at 0x720b528933b0>: Failed to resolve \'game.agaii.org\' ([Errno -3] Temporary failure in name resolution)"))'))
[ReasonBench] marked_unscorable example_id=6 strategy=constraint_decompose error_records=35
[ReasonBench] error example_id=6 strategy=self_verify error=ConnectionError(MaxRetryError('HTTPSConnectionPool(host=\'game.agaii.org\', port=443): Max retries exceeded with url: /mllm/v1/chat/completions (Caused by NameResolutionError("<urllib3.connection.HTTPSConnection object at 0x720b52893200>: Failed to resolve \'game.agaii.org\' ([Errno -3] Temporary failure in name resolution)"))'))
[ReasonBench] marked_unscorable example_id=6 strategy=self_verify error_records=36
[ReasonBench] error example_id=6 strategy=self_consistency error=ConnectionError(MaxRetryError('HTTPSConnectionPool(host=\'game.agaii.org\', port=443): Max retries exceeded with url: /mllm/v1/chat/completions (Caused by NameResolutionError("<urllib3.connection.HTTPSConnection object at 0x720b528d4950>: Failed to resolve \'game.agaii.org\' ([Errno -3] Temporary failure in name resolution)"))'))
[ReasonBench] marked_unscorable example_id=6 strategy=self_consistency error_records=37
[ReasonBench] error example_id=6 strategy=critique_refine error=ConnectionError(MaxRetryError('HTTPSConnectionPool(host=\'game.agaii.org\', port=443): Max retries exceeded with url: /mllm/v1/chat/completions (Caused by NameResolutionError("<urllib3.connection.HTTPSConnection object at 0x720b528d4b00>: Failed to resolve \'game.agaii.org\' ([Errno -3] Temporary failure in name resolution)"))'))
[ReasonBench] marked_unscorable example_id=6 strategy=critique_refine error_records=38
[ReasonBench] error example_id=6 strategy=budgeted_cascade error=ConnectionError(MaxRetryError('HTTPSConnectionPool(host=\'game.agaii.org\', port=443): Max retries exceeded with url: /mllm/v1/chat/completions (Caused by NameResolutionError("<urllib3.connection.HTTPSConnection object at 0x720b528d5ee0>: Failed to resolve \'game.agaii.org\' ([Errno -3] Temporary failure in name resolution)"))'))
[ReasonBench] marked_unscorable example_id=6 strategy=budgeted_cascade error_records=39
[ReasonBench] error example_id=6 strategy=selective_self_consistency error=ConnectionError(MaxRetryError('HTTPSConnectionPool(host=\'game.agaii.org\', port=443): Max retries exceeded with url: /mllm/v1/chat/completions (Caused by NameResolutionError("<urllib3.connection.HTTPSConnection object at 0x720b528d6090>: Failed to resolve \'game.agaii.org\' ([Errno -3] Temporary failure in name resolution)"))'))
[ReasonBench] marked_unscorable example_id=6 strategy=selective_self_consistency error_records=40
[ReasonBench] error example_id=6 strategy=few_shot_exemplar error=ConnectionError(MaxRetryError('HTTPSConnectionPool(host=\'game.agaii.org\', port=443): Max retries exceeded with url: /mllm/v1/chat/completions (Caused by NameResolutionError("<urllib3.connection.HTTPSConnection object at 0x720b528d75f0>: Failed to resolve \'game.agaii.org\' ([Errno -3] Temporary failure in name resolution)"))'))
[ReasonBench] marked_unscorable example_id=6 strategy=few_shot_exemplar error_records=41
[ReasonBench] error example_id=7 strategy=direct error=ConnectionError(MaxRetryError('HTTPSConnectionPool(host=\'game.agaii.org\', port=443): Max retries exceeded with url: /mllm/v1/chat/completions (Caused by NameResolutionError("<urllib3.connection.HTTPSConnection object at 0x720b528d7440>: Failed to resolve \'game.agaii.org\' ([Errno -3] Temporary failure in name resolution)"))'))
[ReasonBench] marked_unscorable example_id=7 strategy=direct error_records=42
[ReasonBench] error example_id=7 strategy=concise_cot error=ConnectionError(MaxRetryError('HTTPSConnectionPool(host=\'game.agaii.org\', port=443): Max retries exceeded with url: /mllm/v1/chat/completions (Caused by NameResolutionError("<urllib3.connection.HTTPSConnection object at 0x720b52908a40>: Failed to resolve \'game.agaii.org\' ([Errno -3] Temporary failure in name resolution)"))'))
[ReasonBench] marked_unscorable example_id=7 strategy=concise_cot error_records=43
[ReasonBench] error example_id=7 strategy=least_to_most error=ConnectionError(MaxRetryError('HTTPSConnectionPool(host=\'game.agaii.org\', port=443): Max retries exceeded with url: /mllm/v1/chat/completions (Caused by NameResolutionError("<urllib3.connection.HTTPSConnection object at 0x720b52908bf0>: Failed to resolve \'game.agaii.org\' ([Errno -3] Temporary failure in name resolution)"))'))
[ReasonBench] marked_unscorable example_id=7 strategy=least_to_most error_records=44
[ReasonBench] error example_id=7 strategy=self_verify error=ConnectionError(MaxRetryError('HTTPSConnectionPool(host=\'game.agaii.org\', port=443): Max retries exceeded with url: /mllm/v1/chat/completions (Caused by NameResolutionError("<urllib3.connection.HTTPSConnection object at 0x720b5290a120>: Failed to resolve \'game.agaii.org\' ([Errno -3] Temporary failure in name resolution)"))'))
[ReasonBench] marked_unscorable example_id=7 strategy=self_verify error_records=45
[ReasonBench] error example_id=7 strategy=constraint_decompose error=ConnectionError(MaxRetryError('HTTPSConnectionPool(host=\'game.agaii.org\', port=443): Max retries exceeded with url: /mllm/v1/chat/completions (Caused by NameResolutionError("<urllib3.connection.HTTPSConnection object at 0x720b5290a2d0>: Failed to resolve \'game.agaii.org\' ([Errno -3] Temporary failure in name resolution)"))'))
[ReasonBench] marked_unscorable example_id=7 strategy=constraint_decompose error_records=46
[ReasonBench] error example_id=7 strategy=critique_refine error=ConnectionError(MaxRetryError('HTTPSConnectionPool(host=\'game.agaii.org\', port=443): Max retries exceeded with url: /mllm/v1/chat/completions (Caused by NameResolutionError("<urllib3.connection.HTTPSConnection object at 0x720b5290b710>: Failed to resolve \'game.agaii.org\' ([Errno -3] Temporary failure in name resolution)"))'))
[ReasonBench] marked_unscorable example_id=7 strategy=critique_refine error_records=47
[ReasonBench] error example_id=7 strategy=self_consistency error=ConnectionError(MaxRetryError('HTTPSConnectionPool(host=\'game.agaii.org\', port=443): Max retries exceeded with url: /mllm/v1/chat/completions (Caused by NameResolutionError("<urllib3.connection.HTTPSConnection object at 0x720b5290b8c0>: Failed to resolve \'game.agaii.org\' ([Errno -3] Temporary failure in name resolution)"))'))
[ReasonBench] marked_unscorable example_id=7 strategy=self_consistency error_records=48
[ReasonBench] error example_id=7 strategy=budgeted_cascade error=ConnectionError(MaxRetryError('HTTPSConnectionPool(host=\'game.agaii.org\', port=443): Max retries exceeded with url: /mllm/v1/chat/completions (Caused by NameResolutionError("<urllib3.connection.HTTPSConnection object at 0x720b5274cbc0>: Failed to resolve \'game.agaii.org\' ([Errno -3] Temporary failure in name resolution)"))'))
[ReasonBench] marked_unscorable example_id=7 strategy=budgeted_cascade error_records=49
[ReasonBench] error example_id=7 strategy=selective_self_consistency error=ConnectionError(MaxRetryError('HTTPSConnectionPool(host=\'game.agaii.org\', port=443): Max retries exceeded with url: /mllm/v1/chat/completions (Caused by NameResolutionError("<urllib3.connection.HTTPSConnection object at 0x720b5274cd70>: Failed to resolve \'game.agaii.org\' ([Errno -3] Temporary failure in name resolution)"))'))
[ReasonBench] marked_unscorable example_id=7 strategy=selective_self_consistency error_records=50
[ReasonBench] error example_id=8 strategy=direct error=ConnectionError(MaxRetryError('HTTPSConnectionPool(host=\'game.agaii.org\', port=443): Max retries exceeded with url: /mllm/v1/chat/completions (Caused by NameResolutionError("<urllib3.connection.HTTPSConnection object at 0x720b5274d0d0>: Failed to resolve \'game.agaii.org\' ([Errno -3] Temporary failure in name resolution)"))'))
[ReasonBench] marked_unscorable example_id=8 strategy=direct error_records=51
[ReasonBench] error example_id=7 strategy=few_shot_exemplar error=ConnectionError(MaxRetryError('HTTPSConnectionPool(host=\'game.agaii.org\', port=443): Max retries exceeded with url: /mllm/v1/chat/completions (Caused by NameResolutionError("<urllib3.connection.HTTPSConnection object at 0x720b5274e180>: Failed to resolve \'game.agaii.org\' ([Errno -3] Temporary failure in name resolution)"))'))
[ReasonBench] marked_unscorable example_id=7 strategy=few_shot_exemplar error_records=52
[ReasonBench] error example_id=8 strategy=least_to_most error=ConnectionError(MaxRetryError('HTTPSConnectionPool(host=\'game.agaii.org\', port=443): Max retries exceeded with url: /mllm/v1/chat/completions (Caused by NameResolutionError("<urllib3.connection.HTTPSConnection object at 0x720b5274f860>: Failed to resolve \'game.agaii.org\' ([Errno -3] Temporary failure in name resolution)"))'))
[ReasonBench] marked_unscorable example_id=8 strategy=least_to_most error_records=53
[ReasonBench] error example_id=8 strategy=concise_cot error=ConnectionError(MaxRetryError('HTTPSConnectionPool(host=\'game.agaii.org\', port=443): Max retries exceeded with url: /mllm/v1/chat/completions (Caused by NameResolutionError("<urllib3.connection.HTTPSConnection object at 0x720b5274f6b0>: Failed to resolve \'game.agaii.org\' ([Errno -3] Temporary failure in name resolution)"))'))
[ReasonBench] marked_unscorable example_id=8 strategy=concise_cot error_records=54
[ReasonBench] error example_id=8 strategy=constraint_decompose error=ConnectionError(MaxRetryError('HTTPSConnectionPool(host=\'game.agaii.org\', port=443): Max retries exceeded with url: /mllm/v1/chat/completions (Caused by NameResolutionError("<urllib3.connection.HTTPSConnection object at 0x720b52788cb0>: Failed to resolve \'game.agaii.org\' ([Errno -3] Temporary failure in name resolution)"))'))
[ReasonBench] marked_unscorable example_id=8 strategy=constraint_decompose error_records=55
[ReasonBench] progress total=84/8170 (1.03%) new=80/8166 elapsed_s=6559.6
[ReasonBench] error example_id=8 strategy=self_verify error=ConnectionError(MaxRetryError('HTTPSConnectionPool(host=\'game.agaii.org\', port=443): Max retries exceeded with url: /mllm/v1/chat/completions (Caused by NameResolutionError("<urllib3.connection.HTTPSConnection object at 0x720b52788e60>: Failed to resolve \'game.agaii.org\' ([Errno -3] Temporary failure in name resolution)"))'))
[ReasonBench] marked_unscorable example_id=8 strategy=self_verify error_records=56
[ReasonBench] error example_id=8 strategy=critique_refine error=ConnectionError(MaxRetryError('HTTPSConnectionPool(host=\'game.agaii.org\', port=443): Max retries exceeded with url: /mllm/v1/chat/completions (Caused by NameResolutionError("<urllib3.connection.HTTPSConnection object at 0x720b5278a3c0>: Failed to resolve \'game.agaii.org\' ([Errno -3] Temporary failure in name resolution)"))'))
[ReasonBench] marked_unscorable example_id=8 strategy=critique_refine error_records=57
[ReasonBench] error example_id=8 strategy=self_consistency error=ConnectionError(MaxRetryError('HTTPSConnectionPool(host=\'game.agaii.org\', port=443): Max retries exceeded with url: /mllm/v1/chat/completions (Caused by NameResolutionError("<urllib3.connection.HTTPSConnection object at 0x720b5278a210>: Failed to resolve \'game.agaii.org\' ([Errno -3] Temporary failure in name resolution)"))'))
[ReasonBench] marked_unscorable example_id=8 strategy=self_consistency error_records=58
[ReasonBench] error example_id=8 strategy=selective_self_consistency error=ConnectionError(MaxRetryError('HTTPSConnectionPool(host=\'game.agaii.org\', port=443): Max retries exceeded with url: /mllm/v1/chat/completions (Caused by NameResolutionError("<urllib3.connection.HTTPSConnection object at 0x720b5278b950>: Failed to resolve \'game.agaii.org\' ([Errno -3] Temporary failure in name resolution)"))'))
[ReasonBench] marked_unscorable example_id=8 strategy=selective_self_consistency error_records=59
[ReasonBench] error example_id=8 strategy=budgeted_cascade error=ConnectionError(MaxRetryError('HTTPSConnectionPool(host=\'game.agaii.org\', port=443): Max retries exceeded with url: /mllm/v1/chat/completions (Caused by NameResolutionError("<urllib3.connection.HTTPSConnection object at 0x720b5278b7a0>: Failed to resolve \'game.agaii.org\' ([Errno -3] Temporary failure in name resolution)"))'))
[ReasonBench] marked_unscorable example_id=8 strategy=budgeted_cascade error_records=60
[ReasonBench] error example_id=9 strategy=self_verify error=ConnectionError(MaxRetryError('HTTPSConnectionPool(host=\'game.agaii.org\', port=443): Max retries exceeded with url: /mllm/v1/chat/completions (Caused by ReadTimeoutError("HTTPSConnectionPool(host=\'game.agaii.org\', port=443): Read timed out. (read timeout=180)"))'))
[ReasonBench] marked_unscorable example_id=9 strategy=self_verify error_records=61
[ReasonBench] error example_id=9 strategy=critique_refine error=ConnectionError(MaxRetryError('HTTPSConnectionPool(host=\'game.agaii.org\', port=443): Max retries exceeded with url: /mllm/v1/chat/completions (Caused by ReadTimeoutError("HTTPSConnectionPool(host=\'game.agaii.org\', port=443): Read timed out. (read timeout=180)"))'))
[ReasonBench] marked_unscorable example_id=9 strategy=critique_refine error_records=62
[ReasonBench] error example_id=9 strategy=self_consistency error=ConnectionError(MaxRetryError('HTTPSConnectionPool(host=\'game.agaii.org\', port=443): Max retries exceeded with url: /mllm/v1/chat/completions (Caused by ReadTimeoutError("HTTPSConnectionPool(host=\'game.agaii.org\', port=443): Read timed out. (read timeout=180)"))'))
[ReasonBench] marked_unscorable example_id=9 strategy=self_consistency error_records=63
[ReasonBench] error example_id=9 strategy=selective_self_consistency error=ConnectionError(MaxRetryError('HTTPSConnectionPool(host=\'game.agaii.org\', port=443): Max retries exceeded with url: /mllm/v1/chat/completions (Caused by ReadTimeoutError("HTTPSConnectionPool(host=\'game.agaii.org\', port=443): Read timed out. (read timeout=180)"))'))
[ReasonBench] marked_unscorable example_id=9 strategy=selective_self_consistency error_records=64
[ReasonBench] error example_id=9 strategy=few_shot_exemplar error=ConnectionError(MaxRetryError('HTTPSConnectionPool(host=\'game.agaii.org\', port=443): Max retries exceeded with url: /mllm/v1/chat/completions (Caused by ReadTimeoutError("HTTPSConnectionPool(host=\'game.agaii.org\', port=443): Read timed out. (read timeout=180)"))'))
[ReasonBench] marked_unscorable example_id=9 strategy=few_shot_exemplar error_records=65
[ReasonBench] error example_id=10 strategy=direct error=ConnectionError(MaxRetryError('HTTPSConnectionPool(host=\'game.agaii.org\', port=443): Max retries exceeded with url: /mllm/v1/chat/completions (Caused by ReadTimeoutError("HTTPSConnectionPool(host=\'game.agaii.org\', port=443): Read timed out. (read timeout=180)"))'))
[ReasonBench] marked_unscorable example_id=10 strategy=direct error_records=66
[ReasonBench] error example_id=10 strategy=concise_cot error=ConnectionError(MaxRetryError('HTTPSConnectionPool(host=\'game.agaii.org\', port=443): Max retries exceeded with url: /mllm/v1/chat/completions (Caused by ReadTimeoutError("HTTPSConnectionPool(host=\'game.agaii.org\', port=443): Read timed out. (read timeout=180)"))'))
[ReasonBench] marked_unscorable example_id=10 strategy=concise_cot error_records=67
[ReasonBench] error example_id=10 strategy=least_to_most error=ConnectionError(MaxRetryError('HTTPSConnectionPool(host=\'game.agaii.org\', port=443): Max retries exceeded with url: /mllm/v1/chat/completions (Caused by ReadTimeoutError("HTTPSConnectionPool(host=\'game.agaii.org\', port=443): Read timed out. (read timeout=180)"))'))
[ReasonBench] marked_unscorable example_id=10 strategy=least_to_most error_records=68
[ReasonBench] error example_id=10 strategy=constraint_decompose error=ConnectionError(MaxRetryError('HTTPSConnectionPool(host=\'game.agaii.org\', port=443): Max retries exceeded with url: /mllm/v1/chat/completions (Caused by ReadTimeoutError("HTTPSConnectionPool(host=\'game.agaii.org\', port=443): Read timed out. (read timeout=180)"))'))
[ReasonBench] marked_unscorable example_id=10 strategy=constraint_decompose error_records=69
[ReasonBench] error example_id=10 strategy=self_verify error=ConnectionError(MaxRetryError('HTTPSConnectionPool(host=\'game.agaii.org\', port=443): Max retries exceeded with url: /mllm/v1/chat/completions (Caused by ReadTimeoutError("HTTPSConnectionPool(host=\'game.agaii.org\', port=443): Read timed out. (read timeout=180)"))'))
[ReasonBench] marked_unscorable example_id=10 strategy=self_verify error_records=70
[ReasonBench] error example_id=10 strategy=critique_refine error=ConnectionError(MaxRetryError('HTTPSConnectionPool(host=\'game.agaii.org\', port=443): Max retries exceeded with url: /mllm/v1/chat/completions (Caused by ReadTimeoutError("HTTPSConnectionPool(host=\'game.agaii.org\', port=443): Read timed out. (read timeout=180)"))'))
[ReasonBench] marked_unscorable example_id=10 strategy=critique_refine error_records=71
[ReasonBench] error example_id=10 strategy=self_consistency error=ConnectionError(MaxRetryError('HTTPSConnectionPool(host=\'game.agaii.org\', port=443): Max retries exceeded with url: /mllm/v1/chat/completions (Caused by ReadTimeoutError("HTTPSConnectionPool(host=\'game.agaii.org\', port=443): Read timed out. (read timeout=180)"))'))
[ReasonBench] marked_unscorable example_id=10 strategy=self_consistency error_records=72
[ReasonBench] error example_id=10 strategy=selective_self_consistency error=ConnectionError(MaxRetryError('HTTPSConnectionPool(host=\'game.agaii.org\', port=443): Max retries exceeded with url: /mllm/v1/chat/completions (Caused by ReadTimeoutError("HTTPSConnectionPool(host=\'game.agaii.org\', port=443): Read timed out. (read timeout=180)"))'))
[ReasonBench] marked_unscorable example_id=10 strategy=selective_self_consistency error_records=73
[ReasonBench] error example_id=10 strategy=budgeted_cascade error=ConnectionError(MaxRetryError('HTTPSConnectionPool(host=\'game.agaii.org\', port=443): Max retries exceeded with url: /mllm/v1/chat/completions (Caused by ReadTimeoutError("HTTPSConnectionPool(host=\'game.agaii.org\', port=443): Read timed out. (read timeout=180)"))'))
[ReasonBench] marked_unscorable example_id=10 strategy=budgeted_cascade error_records=74
[ReasonBench] error example_id=10 strategy=few_shot_exemplar error=ConnectionError(MaxRetryError('HTTPSConnectionPool(host=\'game.agaii.org\', port=443): Max retries exceeded with url: /mllm/v1/chat/completions (Caused by ReadTimeoutError("HTTPSConnectionPool(host=\'game.agaii.org\', port=443): Read timed out. (read timeout=180)"))'))
[ReasonBench] marked_unscorable example_id=10 strategy=few_shot_exemplar error_records=75
[ReasonBench] error example_id=11 strategy=direct error=ConnectionError(MaxRetryError('HTTPSConnectionPool(host=\'game.agaii.org\', port=443): Max retries exceeded with url: /mllm/v1/chat/completions (Caused by ReadTimeoutError("HTTPSConnectionPool(host=\'game.agaii.org\', port=443): Read timed out. (read timeout=180)"))'))
[ReasonBench] marked_unscorable example_id=11 strategy=direct error_records=76
[ReasonBench] error example_id=11 strategy=concise_cot error=ConnectionError(MaxRetryError('HTTPSConnectionPool(host=\'game.agaii.org\', port=443): Max retries exceeded with url: /mllm/v1/chat/completions (Caused by ReadTimeoutError("HTTPSConnectionPool(host=\'game.agaii.org\', port=443): Read timed out. (read timeout=180)"))'))
[ReasonBench] marked_unscorable example_id=11 strategy=concise_cot error_records=77
[ReasonBench] error example_id=11 strategy=least_to_most error=ConnectionError(MaxRetryError('HTTPSConnectionPool(host=\'game.agaii.org\', port=443): Max retries exceeded with url: /mllm/v1/chat/completions (Caused by ReadTimeoutError("HTTPSConnectionPool(host=\'game.agaii.org\', port=443): Read timed out. (read timeout=180)"))'))
[ReasonBench] marked_unscorable example_id=11 strategy=least_to_most error_records=78
[ReasonBench] error example_id=11 strategy=constraint_decompose error=ConnectionError(MaxRetryError('HTTPSConnectionPool(host=\'game.agaii.org\', port=443): Max retries exceeded with url: /mllm/v1/chat/completions (Caused by ReadTimeoutError("HTTPSConnectionPool(host=\'game.agaii.org\', port=443): Read timed out. (read timeout=180)"))'))
[ReasonBench] marked_unscorable example_id=11 strategy=constraint_decompose error_records=79
[ReasonBench] error example_id=11 strategy=self_verify error=ConnectionError(MaxRetryError('HTTPSConnectionPool(host=\'game.agaii.org\', port=443): Max retries exceeded with url: /mllm/v1/chat/completions (Caused by ReadTimeoutError("HTTPSConnectionPool(host=\'game.agaii.org\', port=443): Read timed out. (read timeout=180)"))'))
[ReasonBench] marked_unscorable example_id=11 strategy=self_verify error_records=80
[ReasonBench] error example_id=11 strategy=critique_refine error=ConnectionError(MaxRetryError('HTTPSConnectionPool(host=\'game.agaii.org\', port=443): Max retries exceeded with url: /mllm/v1/chat/completions (Caused by ReadTimeoutError("HTTPSConnectionPool(host=\'game.agaii.org\', port=443): Read timed out. (read timeout=180)"))'))
[ReasonBench] marked_unscorable example_id=11 strategy=critique_refine error_records=81
[ReasonBench] error example_id=11 strategy=self_consistency error=ConnectionError(MaxRetryError('HTTPSConnectionPool(host=\'game.agaii.org\', port=443): Max retries exceeded with url: /mllm/v1/chat/completions (Caused by ReadTimeoutError("HTTPSConnectionPool(host=\'game.agaii.org\', port=443): Read timed out. (read timeout=180)"))'))
[ReasonBench] marked_unscorable example_id=11 strategy=self_consistency error_records=82
[ReasonBench] error example_id=11 strategy=selective_self_consistency error=ConnectionError(MaxRetryError('HTTPSConnectionPool(host=\'game.agaii.org\', port=443): Max retries exceeded with url: /mllm/v1/chat/completions (Caused by ReadTimeoutError("HTTPSConnectionPool(host=\'game.agaii.org\', port=443): Read timed out. (read timeout=180)"))'))
[ReasonBench] marked_unscorable example_id=11 strategy=selective_self_consistency error_records=83
[ReasonBench] error example_id=11 strategy=budgeted_cascade error=ConnectionError(MaxRetryError('HTTPSConnectionPool(host=\'game.agaii.org\', port=443): Max retries exceeded with url: /mllm/v1/chat/completions (Caused by ReadTimeoutError("HTTPSConnectionPool(host=\'game.agaii.org\', port=443): Read timed out. (read timeout=180)"))'))
[ReasonBench] marked_unscorable example_id=11 strategy=budgeted_cascade error_records=84
[ReasonBench] error example_id=11 strategy=few_shot_exemplar error=ConnectionError(MaxRetryError('HTTPSConnectionPool(host=\'game.agaii.org\', port=443): Max retries exceeded with url: /mllm/v1/chat/completions (Caused by ReadTimeoutError("HTTPSConnectionPool(host=\'game.agaii.org\', port=443): Read timed out. (read timeout=180)"))'))
[ReasonBench] marked_unscorable example_id=11 strategy=few_shot_exemplar error_records=85
[ReasonBench] error example_id=12 strategy=direct error=ConnectionError(MaxRetryError('HTTPSConnectionPool(host=\'game.agaii.org\', port=443): Max retries exceeded with url: /mllm/v1/chat/completions (Caused by ReadTimeoutError("HTTPSConnectionPool(host=\'game.agaii.org\', port=443): Read timed out. (read timeout=180)"))'))
[ReasonBench] marked_unscorable example_id=12 strategy=direct error_records=86
[ReasonBench] error example_id=12 strategy=least_to_most error=ConnectionError(MaxRetryError('HTTPSConnectionPool(host=\'game.agaii.org\', port=443): Max retries exceeded with url: /mllm/v1/chat/completions (Caused by ReadTimeoutError("HTTPSConnectionPool(host=\'game.agaii.org\', port=443): Read timed out. (read timeout=180)"))'))
[ReasonBench] marked_unscorable example_id=12 strategy=least_to_most error_records=87
[ReasonBench] error example_id=12 strategy=constraint_decompose error=ConnectionError(MaxRetryError('HTTPSConnectionPool(host=\'game.agaii.org\', port=443): Max retries exceeded with url: /mllm/v1/chat/completions (Caused by ReadTimeoutError("HTTPSConnectionPool(host=\'game.agaii.org\', port=443): Read timed out. (read timeout=180)"))'))
[ReasonBench] marked_unscorable example_id=12 strategy=constraint_decompose error_records=88
[ReasonBench] progress total=124/8170 (1.52%) new=120/8166 elapsed_s=17432.7
[ReasonBench] error example_id=12 strategy=self_verify error=ConnectionError(MaxRetryError('HTTPSConnectionPool(host=\'game.agaii.org\', port=443): Max retries exceeded with url: /mllm/v1/chat/completions (Caused by ReadTimeoutError("HTTPSConnectionPool(host=\'game.agaii.org\', port=443): Read timed out. (read timeout=180)"))'))
[ReasonBench] marked_unscorable example_id=12 strategy=self_verify error_records=89
[ReasonBench] error example_id=12 strategy=critique_refine error=ConnectionError(MaxRetryError('HTTPSConnectionPool(host=\'game.agaii.org\', port=443): Max retries exceeded with url: /mllm/v1/chat/completions (Caused by ReadTimeoutError("HTTPSConnectionPool(host=\'game.agaii.org\', port=443): Read timed out. (read timeout=180)"))'))
[ReasonBench] marked_unscorable example_id=12 strategy=critique_refine error_records=90
[ReasonBench] error example_id=12 strategy=self_consistency error=ConnectionError(MaxRetryError('HTTPSConnectionPool(host=\'game.agaii.org\', port=443): Max retries exceeded with url: /mllm/v1/chat/completions (Caused by ReadTimeoutError("HTTPSConnectionPool(host=\'game.agaii.org\', port=443): Read timed out. (read timeout=180)"))'))
[ReasonBench] marked_unscorable example_id=12 strategy=self_consistency error_records=91
[ReasonBench] error example_id=12 strategy=selective_self_consistency error=ConnectionError(MaxRetryError('HTTPSConnectionPool(host=\'game.agaii.org\', port=443): Max retries exceeded with url: /mllm/v1/chat/completions (Caused by ReadTimeoutError("HTTPSConnectionPool(host=\'game.agaii.org\', port=443): Read timed out. (read timeout=180)"))'))
[ReasonBench] marked_unscorable example_id=12 strategy=selective_self_consistency error_records=92
[ReasonBench] error example_id=12 strategy=budgeted_cascade error=ConnectionError(MaxRetryError('HTTPSConnectionPool(host=\'game.agaii.org\', port=443): Max retries exceeded with url: /mllm/v1/chat/completions (Caused by ReadTimeoutError("HTTPSConnectionPool(host=\'game.agaii.org\', port=443): Read timed out. (read timeout=180)"))'))
[ReasonBench] marked_unscorable example_id=12 strategy=budgeted_cascade error_records=93
[ReasonBench] error example_id=12 strategy=few_shot_exemplar error=ConnectionError(MaxRetryError('HTTPSConnectionPool(host=\'game.agaii.org\', port=443): Max retries exceeded with url: /mllm/v1/chat/completions (Caused by ReadTimeoutError("HTTPSConnectionPool(host=\'game.agaii.org\', port=443): Read timed out. (read timeout=180)"))'))
[ReasonBench] marked_unscorable example_id=12 strategy=few_shot_exemplar error_records=94
[ReasonBench] error example_id=13 strategy=direct error=ConnectionError(MaxRetryError('HTTPSConnectionPool(host=\'game.agaii.org\', port=443): Max retries exceeded with url: /mllm/v1/chat/completions (Caused by ReadTimeoutError("HTTPSConnectionPool(host=\'game.agaii.org\', port=443): Read timed out. (read timeout=180)"))'))
[ReasonBench] marked_unscorable example_id=13 strategy=direct error_records=95
[ReasonBench] error example_id=13 strategy=concise_cot error=ConnectionError(MaxRetryError('HTTPSConnectionPool(host=\'game.agaii.org\', port=443): Max retries exceeded with url: /mllm/v1/chat/completions (Caused by ReadTimeoutError("HTTPSConnectionPool(host=\'game.agaii.org\', port=443): Read timed out. (read timeout=180)"))'))
[ReasonBench] marked_unscorable example_id=13 strategy=concise_cot error_records=96
[ReasonBench] error example_id=13 strategy=least_to_most error=ConnectionError(MaxRetryError('HTTPSConnectionPool(host=\'game.agaii.org\', port=443): Max retries exceeded with url: /mllm/v1/chat/completions (Caused by ReadTimeoutError("HTTPSConnectionPool(host=\'game.agaii.org\', port=443): Read timed out. (read timeout=180)"))'))
[ReasonBench] marked_unscorable example_id=13 strategy=least_to_most error_records=97
[ReasonBench] error example_id=13 strategy=constraint_decompose error=ConnectionError(MaxRetryError('HTTPSConnectionPool(host=\'game.agaii.org\', port=443): Max retries exceeded with url: /mllm/v1/chat/completions (Caused by ReadTimeoutError("HTTPSConnectionPool(host=\'game.agaii.org\', port=443): Read timed out. (read timeout=180)"))'))
[ReasonBench] marked_unscorable example_id=13 strategy=constraint_decompose error_records=98
[ReasonBench] error example_id=13 strategy=self_verify error=ConnectionError(MaxRetryError('HTTPSConnectionPool(host=\'game.agaii.org\', port=443): Max retries exceeded with url: /mllm/v1/chat/completions (Caused by ReadTimeoutError("HTTPSConnectionPool(host=\'game.agaii.org\', port=443): Read timed out. (read timeout=180)"))'))
[ReasonBench] marked_unscorable example_id=13 strategy=self_verify error_records=99
[ReasonBench] error example_id=13 strategy=critique_refine error=ConnectionError(MaxRetryError('HTTPSConnectionPool(host=\'game.agaii.org\', port=443): Max retries exceeded with url: /mllm/v1/chat/completions (Caused by ReadTimeoutError("HTTPSConnectionPool(host=\'game.agaii.org\', port=443): Read timed out. (read timeout=180)"))'))
[ReasonBench] marked_unscorable example_id=13 strategy=critique_refine error_records=100
[ReasonBench] error example_id=13 strategy=self_consistency error=ConnectionError(MaxRetryError('HTTPSConnectionPool(host=\'game.agaii.org\', port=443): Max retries exceeded with url: /mllm/v1/chat/completions (Caused by ReadTimeoutError("HTTPSConnectionPool(host=\'game.agaii.org\', port=443): Read timed out. (read timeout=180)"))'))
[ReasonBench] marked_unscorable example_id=13 strategy=self_consistency error_records=101
[ReasonBench] error example_id=13 strategy=selective_self_consistency error=ConnectionError(MaxRetryError('HTTPSConnectionPool(host=\'game.agaii.org\', port=443): Max retries exceeded with url: /mllm/v1/chat/completions (Caused by ReadTimeoutError("HTTPSConnectionPool(host=\'game.agaii.org\', port=443): Read timed out. (read timeout=180)"))'))
[ReasonBench] marked_unscorable example_id=13 strategy=selective_self_consistency error_records=102
[ReasonBench] error example_id=13 strategy=budgeted_cascade error=ConnectionError(MaxRetryError('HTTPSConnectionPool(host=\'game.agaii.org\', port=443): Max retries exceeded with url: /mllm/v1/chat/completions (Caused by ReadTimeoutError("HTTPSConnectionPool(host=\'game.agaii.org\', port=443): Read timed out. (read timeout=180)"))'))
[ReasonBench] marked_unscorable example_id=13 strategy=budgeted_cascade error_records=103
[ReasonBench] error example_id=13 strategy=few_shot_exemplar error=ConnectionError(MaxRetryError('HTTPSConnectionPool(host=\'game.agaii.org\', port=443): Max retries exceeded with url: /mllm/v1/chat/completions (Caused by ReadTimeoutError("HTTPSConnectionPool(host=\'game.agaii.org\', port=443): Read timed out. (read timeout=180)"))'))
[ReasonBench] marked_unscorable example_id=13 strategy=few_shot_exemplar error_records=104
[ReasonBench] error example_id=14 strategy=direct error=ConnectionError(MaxRetryError('HTTPSConnectionPool(host=\'game.agaii.org\', port=443): Max retries exceeded with url: /mllm/v1/chat/completions (Caused by ReadTimeoutError("HTTPSConnectionPool(host=\'game.agaii.org\', port=443): Read timed out. (read timeout=180)"))'))
[ReasonBench] marked_unscorable example_id=14 strategy=direct error_records=105
[ReasonBench] error example_id=14 strategy=concise_cot error=ConnectionError(MaxRetryError('HTTPSConnectionPool(host=\'game.agaii.org\', port=443): Max retries exceeded with url: /mllm/v1/chat/completions (Caused by ReadTimeoutError("HTTPSConnectionPool(host=\'game.agaii.org\', port=443): Read timed out. (read timeout=180)"))'))
[ReasonBench] marked_unscorable example_id=14 strategy=concise_cot error_records=106
[ReasonBench] error example_id=14 strategy=least_to_most error=ConnectionError(MaxRetryError('HTTPSConnectionPool(host=\'game.agaii.org\', port=443): Max retries exceeded with url: /mllm/v1/chat/completions (Caused by ReadTimeoutError("HTTPSConnectionPool(host=\'game.agaii.org\', port=443): Read timed out. (read timeout=180)"))'))
[ReasonBench] marked_unscorable example_id=14 strategy=least_to_most error_records=107
[ReasonBench] error example_id=14 strategy=constraint_decompose error=ConnectionError(MaxRetryError('HTTPSConnectionPool(host=\'game.agaii.org\', port=443): Max retries exceeded with url: /mllm/v1/chat/completions (Caused by ReadTimeoutError("HTTPSConnectionPool(host=\'game.agaii.org\', port=443): Read timed out. (read timeout=180)"))'))
[ReasonBench] marked_unscorable example_id=14 strategy=constraint_decompose error_records=108
[ReasonBench] error example_id=14 strategy=self_verify error=ConnectionError(MaxRetryError('HTTPSConnectionPool(host=\'game.agaii.org\', port=443): Max retries exceeded with url: /mllm/v1/chat/completions (Caused by ReadTimeoutError("HTTPSConnectionPool(host=\'game.agaii.org\', port=443): Read timed out. (read timeout=180)"))'))
[ReasonBench] marked_unscorable example_id=14 strategy=self_verify error_records=109
[ReasonBench] error example_id=14 strategy=critique_refine error=ConnectionError(MaxRetryError('HTTPSConnectionPool(host=\'game.agaii.org\', port=443): Max retries exceeded with url: /mllm/v1/chat/completions (Caused by ReadTimeoutError("HTTPSConnectionPool(host=\'game.agaii.org\', port=443): Read timed out. (read timeout=180)"))'))
[ReasonBench] marked_unscorable example_id=14 strategy=critique_refine error_records=110
[ReasonBench] error example_id=14 strategy=selective_self_consistency error=ConnectionError(MaxRetryError('HTTPSConnectionPool(host=\'game.agaii.org\', port=443): Max retries exceeded with url: /mllm/v1/chat/completions (Caused by ReadTimeoutError("HTTPSConnectionPool(host=\'game.agaii.org\', port=443): Read timed out. (read timeout=180)"))'))
[ReasonBench] marked_unscorable example_id=14 strategy=selective_self_consistency error_records=111
[ReasonBench] error example_id=14 strategy=budgeted_cascade error=ConnectionError(MaxRetryError('HTTPSConnectionPool(host=\'game.agaii.org\', port=443): Max retries exceeded with url: /mllm/v1/chat/completions (Caused by ReadTimeoutError("HTTPSConnectionPool(host=\'game.agaii.org\', port=443): Read timed out. (read timeout=180)"))'))
[ReasonBench] marked_unscorable example_id=14 strategy=budgeted_cascade error_records=112
[ReasonBench] error example_id=14 strategy=few_shot_exemplar error=ConnectionError(MaxRetryError('HTTPSConnectionPool(host=\'game.agaii.org\', port=443): Max retries exceeded with url: /mllm/v1/chat/completions (Caused by ReadTimeoutError("HTTPSConnectionPool(host=\'game.agaii.org\', port=443): Read timed out. (read timeout=180)"))'))
[ReasonBench] marked_unscorable example_id=14 strategy=few_shot_exemplar error_records=113
[ReasonBench] error example_id=15 strategy=direct error=ConnectionError(MaxRetryError('HTTPSConnectionPool(host=\'game.agaii.org\', port=443): Max retries exceeded with url: /mllm/v1/chat/completions (Caused by ReadTimeoutError("HTTPSConnectionPool(host=\'game.agaii.org\', port=443): Read timed out. (read timeout=180)"))'))
[ReasonBench] marked_unscorable example_id=15 strategy=direct error_records=114
[ReasonBench] error example_id=15 strategy=concise_cot error=ConnectionError(MaxRetryError('HTTPSConnectionPool(host=\'game.agaii.org\', port=443): Max retries exceeded with url: /mllm/v1/chat/completions (Caused by ReadTimeoutError("HTTPSConnectionPool(host=\'game.agaii.org\', port=443): Read timed out. (read timeout=180)"))'))
[ReasonBench] marked_unscorable example_id=15 strategy=concise_cot error_records=115
[ReasonBench] error example_id=15 strategy=least_to_most error=ConnectionError(MaxRetryError('HTTPSConnectionPool(host=\'game.agaii.org\', port=443): Max retries exceeded with url: /mllm/v1/chat/completions (Caused by ReadTimeoutError("HTTPSConnectionPool(host=\'game.agaii.org\', port=443): Read timed out. (read timeout=180)"))'))
[ReasonBench] marked_unscorable example_id=15 strategy=least_to_most error_records=116
[ReasonBench] error example_id=15 strategy=constraint_decompose error=ConnectionError(MaxRetryError('HTTPSConnectionPool(host=\'game.agaii.org\', port=443): Max retries exceeded with url: /mllm/v1/chat/completions (Caused by ReadTimeoutError("HTTPSConnectionPool(host=\'game.agaii.org\', port=443): Read timed out. (read timeout=180)"))'))
[ReasonBench] marked_unscorable example_id=15 strategy=constraint_decompose error_records=117
[ReasonBench] error example_id=15 strategy=self_verify error=ConnectionError(MaxRetryError('HTTPSConnectionPool(host=\'game.agaii.org\', port=443): Max retries exceeded with url: /mllm/v1/chat/completions (Caused by ReadTimeoutError("HTTPSConnectionPool(host=\'game.agaii.org\', port=443): Read timed out. (read timeout=180)"))'))
[ReasonBench] marked_unscorable example_id=15 strategy=self_verify error_records=118
[ReasonBench] error example_id=15 strategy=critique_refine error=ConnectionError(MaxRetryError('HTTPSConnectionPool(host=\'game.agaii.org\', port=443): Max retries exceeded with url: /mllm/v1/chat/completions (Caused by ReadTimeoutError("HTTPSConnectionPool(host=\'game.agaii.org\', port=443): Read timed out. (read timeout=180)"))'))
[ReasonBench] marked_unscorable example_id=15 strategy=critique_refine error_records=119
[ReasonBench] error example_id=15 strategy=self_consistency error=ConnectionError(MaxRetryError('HTTPSConnectionPool(host=\'game.agaii.org\', port=443): Max retries exceeded with url: /mllm/v1/chat/completions (Caused by ReadTimeoutError("HTTPSConnectionPool(host=\'game.agaii.org\', port=443): Read timed out. (read timeout=180)"))'))
[ReasonBench] marked_unscorable example_id=15 strategy=self_consistency error_records=120
[ReasonBench] error example_id=15 strategy=selective_self_consistency error=ConnectionError(MaxRetryError('HTTPSConnectionPool(host=\'game.agaii.org\', port=443): Max retries exceeded with url: /mllm/v1/chat/completions (Caused by ReadTimeoutError("HTTPSConnectionPool(host=\'game.agaii.org\', port=443): Read timed out. (read timeout=180)"))'))
[ReasonBench] marked_unscorable example_id=15 strategy=selective_self_consistency error_records=121
[ReasonBench] error example_id=15 strategy=budgeted_cascade error=ConnectionError(MaxRetryError('HTTPSConnectionPool(host=\'game.agaii.org\', port=443): Max retries exceeded with url: /mllm/v1/chat/completions (Caused by ReadTimeoutError("HTTPSConnectionPool(host=\'game.agaii.org\', port=443): Read timed out. (read timeout=180)"))'))
[ReasonBench] marked_unscorable example_id=15 strategy=budgeted_cascade error_records=122
[ReasonBench] error example_id=15 strategy=few_shot_exemplar error=ConnectionError(MaxRetryError('HTTPSConnectionPool(host=\'game.agaii.org\', port=443): Max retries exceeded with url: /mllm/v1/chat/completions (Caused by ReadTimeoutError("HTTPSConnectionPool(host=\'game.agaii.org\', port=443): Read timed out. (read timeout=180)"))'))
[ReasonBench] marked_unscorable example_id=15 strategy=few_shot_exemplar error_records=123
[ReasonBench] error example_id=16 strategy=direct error=ConnectionError(MaxRetryError('HTTPSConnectionPool(host=\'game.agaii.org\', port=443): Max retries exceeded with url: /mllm/v1/chat/completions (Caused by ReadTimeoutError("HTTPSConnectionPool(host=\'game.agaii.org\', port=443): Read timed out. (read timeout=180)"))'))
[ReasonBench] marked_unscorable example_id=16 strategy=direct error_records=124
[ReasonBench] error example_id=16 strategy=concise_cot error=ConnectionError(MaxRetryError('HTTPSConnectionPool(host=\'game.agaii.org\', port=443): Max retries exceeded with url: /mllm/v1/chat/completions (Caused by ReadTimeoutError("HTTPSConnectionPool(host=\'game.agaii.org\', port=443): Read timed out. (read timeout=180)"))'))
[ReasonBench] marked_unscorable example_id=16 strategy=concise_cot error_records=125
[ReasonBench] error example_id=16 strategy=least_to_most error=ConnectionError(MaxRetryError('HTTPSConnectionPool(host=\'game.agaii.org\', port=443): Max retries exceeded with url: /mllm/v1/chat/completions (Caused by ReadTimeoutError("HTTPSConnectionPool(host=\'game.agaii.org\', port=443): Read timed out. (read timeout=180)"))'))
[ReasonBench] marked_unscorable example_id=16 strategy=least_to_most error_records=126
[ReasonBench] error example_id=16 strategy=constraint_decompose error=ConnectionError(MaxRetryError('HTTPSConnectionPool(host=\'game.agaii.org\', port=443): Max retries exceeded with url: /mllm/v1/chat/completions (Caused by ReadTimeoutError("HTTPSConnectionPool(host=\'game.agaii.org\', port=443): Read timed out. (read timeout=180)"))'))
[ReasonBench] marked_unscorable example_id=16 strategy=constraint_decompose error_records=127
[ReasonBench] progress total=164/8170 (2.01%) new=160/8166 elapsed_s=31964.6
[ReasonBench] error example_id=16 strategy=self_verify error=ConnectionError(MaxRetryError('HTTPSConnectionPool(host=\'game.agaii.org\', port=443): Max retries exceeded with url: /mllm/v1/chat/completions (Caused by ReadTimeoutError("HTTPSConnectionPool(host=\'game.agaii.org\', port=443): Read timed out. (read timeout=180)"))'))
[ReasonBench] marked_unscorable example_id=16 strategy=self_verify error_records=128
[ReasonBench] error example_id=16 strategy=critique_refine error=ConnectionError(MaxRetryError('HTTPSConnectionPool(host=\'game.agaii.org\', port=443): Max retries exceeded with url: /mllm/v1/chat/completions (Caused by ReadTimeoutError("HTTPSConnectionPool(host=\'game.agaii.org\', port=443): Read timed out. (read timeout=180)"))'))
[ReasonBench] marked_unscorable example_id=16 strategy=critique_refine error_records=129
[ReasonBench] error example_id=16 strategy=self_consistency error=ConnectionError(MaxRetryError('HTTPSConnectionPool(host=\'game.agaii.org\', port=443): Max retries exceeded with url: /mllm/v1/chat/completions (Caused by ReadTimeoutError("HTTPSConnectionPool(host=\'game.agaii.org\', port=443): Read timed out. (read timeout=180)"))'))
[ReasonBench] marked_unscorable example_id=16 strategy=self_consistency error_records=130
[ReasonBench] error example_id=16 strategy=selective_self_consistency error=ConnectionError(MaxRetryError('HTTPSConnectionPool(host=\'game.agaii.org\', port=443): Max retries exceeded with url: /mllm/v1/chat/completions (Caused by ReadTimeoutError("HTTPSConnectionPool(host=\'game.agaii.org\', port=443): Read timed out. (read timeout=180)"))'))
[ReasonBench] marked_unscorable example_id=16 strategy=selective_self_consistency error_records=131
[ReasonBench] error example_id=16 strategy=budgeted_cascade error=ConnectionError(MaxRetryError('HTTPSConnectionPool(host=\'game.agaii.org\', port=443): Max retries exceeded with url: /mllm/v1/chat/completions (Caused by ReadTimeoutError("HTTPSConnectionPool(host=\'game.agaii.org\', port=443): Read timed out. (read timeout=180)"))'))
[ReasonBench] marked_unscorable example_id=16 strategy=budgeted_cascade error_records=132
[ReasonBench] error example_id=16 strategy=few_shot_exemplar error=ConnectionError(MaxRetryError('HTTPSConnectionPool(host=\'game.agaii.org\', port=443): Max retries exceeded with url: /mllm/v1/chat/completions (Caused by ReadTimeoutError("HTTPSConnectionPool(host=\'game.agaii.org\', port=443): Read timed out. (read timeout=180)"))'))
[ReasonBench] marked_unscorable example_id=16 strategy=few_shot_exemplar error_records=133
[ReasonBench] error example_id=17 strategy=direct error=ConnectionError(MaxRetryError('HTTPSConnectionPool(host=\'game.agaii.org\', port=443): Max retries exceeded with url: /mllm/v1/chat/completions (Caused by ReadTimeoutError("HTTPSConnectionPool(host=\'game.agaii.org\', port=443): Read timed out. (read timeout=180)"))'))
[ReasonBench] marked_unscorable example_id=17 strategy=direct error_records=134
[ReasonBench] error example_id=17 strategy=concise_cot error=ConnectionError(MaxRetryError('HTTPSConnectionPool(host=\'game.agaii.org\', port=443): Max retries exceeded with url: /mllm/v1/chat/completions (Caused by ReadTimeoutError("HTTPSConnectionPool(host=\'game.agaii.org\', port=443): Read timed out. (read timeout=180)"))'))
[ReasonBench] marked_unscorable example_id=17 strategy=concise_cot error_records=135
[ReasonBench] error example_id=17 strategy=least_to_most error=ConnectionError(MaxRetryError('HTTPSConnectionPool(host=\'game.agaii.org\', port=443): Max retries exceeded with url: /mllm/v1/chat/completions (Caused by ReadTimeoutError("HTTPSConnectionPool(host=\'game.agaii.org\', port=443): Read timed out. (read timeout=180)"))'))
[ReasonBench] marked_unscorable example_id=17 strategy=least_to_most error_records=136
[ReasonBench] error example_id=17 strategy=constraint_decompose error=ConnectionError(MaxRetryError('HTTPSConnectionPool(host=\'game.agaii.org\', port=443): Max retries exceeded with url: /mllm/v1/chat/completions (Caused by ReadTimeoutError("HTTPSConnectionPool(host=\'game.agaii.org\', port=443): Read timed out. (read timeout=180)"))'))
[ReasonBench] marked_unscorable example_id=17 strategy=constraint_decompose error_records=137
[ReasonBench] error example_id=17 strategy=self_verify error=ConnectionError(MaxRetryError('HTTPSConnectionPool(host=\'game.agaii.org\', port=443): Max retries exceeded with url: /mllm/v1/chat/completions (Caused by ReadTimeoutError("HTTPSConnectionPool(host=\'game.agaii.org\', port=443): Read timed out. (read timeout=180)"))'))
[ReasonBench] marked_unscorable example_id=17 strategy=self_verify error_records=138
[ReasonBench] error example_id=17 strategy=critique_refine error=ConnectionError(MaxRetryError('HTTPSConnectionPool(host=\'game.agaii.org\', port=443): Max retries exceeded with url: /mllm/v1/chat/completions (Caused by ReadTimeoutError("HTTPSConnectionPool(host=\'game.agaii.org\', port=443): Read timed out. (read timeout=180)"))'))
[ReasonBench] marked_unscorable example_id=17 strategy=critique_refine error_records=139
[ReasonBench] error example_id=17 strategy=self_consistency error=ConnectionError(MaxRetryError('HTTPSConnectionPool(host=\'game.agaii.org\', port=443): Max retries exceeded with url: /mllm/v1/chat/completions (Caused by ReadTimeoutError("HTTPSConnectionPool(host=\'game.agaii.org\', port=443): Read timed out. (read timeout=180)"))'))
[ReasonBench] marked_unscorable example_id=17 strategy=self_consistency error_records=140
[ReasonBench] error example_id=17 strategy=selective_self_consistency error=ConnectionError(MaxRetryError('HTTPSConnectionPool(host=\'game.agaii.org\', port=443): Max retries exceeded with url: /mllm/v1/chat/completions (Caused by ReadTimeoutError("HTTPSConnectionPool(host=\'game.agaii.org\', port=443): Read timed out. (read timeout=180)"))'))
[ReasonBench] marked_unscorable example_id=17 strategy=selective_self_consistency error_records=141
[ReasonBench] error example_id=17 strategy=budgeted_cascade error=ConnectionError(MaxRetryError('HTTPSConnectionPool(host=\'game.agaii.org\', port=443): Max retries exceeded with url: /mllm/v1/chat/completions (Caused by ReadTimeoutError("HTTPSConnectionPool(host=\'game.agaii.org\', port=443): Read timed out. (read timeout=180)"))'))
[ReasonBench] marked_unscorable example_id=17 strategy=budgeted_cascade error_records=142
[ReasonBench] error example_id=17 strategy=few_shot_exemplar error=ConnectionError(MaxRetryError('HTTPSConnectionPool(host=\'game.agaii.org\', port=443): Max retries exceeded with url: /mllm/v1/chat/completions (Caused by ReadTimeoutError("HTTPSConnectionPool(host=\'game.agaii.org\', port=443): Read timed out. (read timeout=180)"))'))
[ReasonBench] marked_unscorable example_id=17 strategy=few_shot_exemplar error_records=143
[ReasonBench] error example_id=18 strategy=direct error=ConnectionError(MaxRetryError('HTTPSConnectionPool(host=\'game.agaii.org\', port=443): Max retries exceeded with url: /mllm/v1/chat/completions (Caused by ReadTimeoutError("HTTPSConnectionPool(host=\'game.agaii.org\', port=443): Read timed out. (read timeout=180)"))'))
[ReasonBench] marked_unscorable example_id=18 strategy=direct error_records=144
[ReasonBench] error example_id=18 strategy=concise_cot error=ConnectionError(MaxRetryError('HTTPSConnectionPool(host=\'game.agaii.org\', port=443): Max retries exceeded with url: /mllm/v1/chat/completions (Caused by ReadTimeoutError("HTTPSConnectionPool(host=\'game.agaii.org\', port=443): Read timed out. (read timeout=180)"))'))
[ReasonBench] marked_unscorable example_id=18 strategy=concise_cot error_records=145
[ReasonBench] error example_id=18 strategy=least_to_most error=ConnectionError(MaxRetryError('HTTPSConnectionPool(host=\'game.agaii.org\', port=443): Max retries exceeded with url: /mllm/v1/chat/completions (Caused by ReadTimeoutError("HTTPSConnectionPool(host=\'game.agaii.org\', port=443): Read timed out. (read timeout=180)"))'))
[ReasonBench] marked_unscorable example_id=18 strategy=least_to_most error_records=146
[ReasonBench] error example_id=18 strategy=constraint_decompose error=ConnectionError(MaxRetryError('HTTPSConnectionPool(host=\'game.agaii.org\', port=443): Max retries exceeded with url: /mllm/v1/chat/completions (Caused by ReadTimeoutError("HTTPSConnectionPool(host=\'game.agaii.org\', port=443): Read timed out. (read timeout=180)"))'))
[ReasonBench] marked_unscorable example_id=18 strategy=constraint_decompose error_records=147
[ReasonBench] error example_id=18 strategy=self_verify error=ConnectionError(MaxRetryError('HTTPSConnectionPool(host=\'game.agaii.org\', port=443): Max retries exceeded with url: /mllm/v1/chat/completions (Caused by ReadTimeoutError("HTTPSConnectionPool(host=\'game.agaii.org\', port=443): Read timed out. (read timeout=180)"))'))
[ReasonBench] marked_unscorable example_id=18 strategy=self_verify error_records=148
[ReasonBench] error example_id=18 strategy=critique_refine error=ConnectionError(MaxRetryError('HTTPSConnectionPool(host=\'game.agaii.org\', port=443): Max retries exceeded with url: /mllm/v1/chat/completions (Caused by ReadTimeoutError("HTTPSConnectionPool(host=\'game.agaii.org\', port=443): Read timed out. (read timeout=180)"))'))
[ReasonBench] marked_unscorable example_id=18 strategy=critique_refine error_records=149
[ReasonBench] error example_id=18 strategy=self_consistency error=ConnectionError(MaxRetryError('HTTPSConnectionPool(host=\'game.agaii.org\', port=443): Max retries exceeded with url: /mllm/v1/chat/completions (Caused by ReadTimeoutError("HTTPSConnectionPool(host=\'game.agaii.org\', port=443): Read timed out. (read timeout=180)"))'))
[ReasonBench] marked_unscorable example_id=18 strategy=self_consistency error_records=150
[ReasonBench] error example_id=18 strategy=selective_self_consistency error=ConnectionError(MaxRetryError('HTTPSConnectionPool(host=\'game.agaii.org\', port=443): Max retries exceeded with url: /mllm/v1/chat/completions (Caused by ReadTimeoutError("HTTPSConnectionPool(host=\'game.agaii.org\', port=443): Read timed out. (read timeout=180)"))'))
[ReasonBench] marked_unscorable example_id=18 strategy=selective_self_consistency error_records=151
[ReasonBench] error example_id=18 strategy=budgeted_cascade error=ConnectionError(MaxRetryError('HTTPSConnectionPool(host=\'game.agaii.org\', port=443): Max retries exceeded with url: /mllm/v1/chat/completions (Caused by ReadTimeoutError("HTTPSConnectionPool(host=\'game.agaii.org\', port=443): Read timed out. (read timeout=180)"))'))
[ReasonBench] marked_unscorable example_id=18 strategy=budgeted_cascade error_records=152
[ReasonBench] error example_id=18 strategy=few_shot_exemplar error=ConnectionError(MaxRetryError('HTTPSConnectionPool(host=\'game.agaii.org\', port=443): Max retries exceeded with url: /mllm/v1/chat/completions (Caused by ReadTimeoutError("HTTPSConnectionPool(host=\'game.agaii.org\', port=443): Read timed out. (read timeout=180)"))'))
[ReasonBench] marked_unscorable example_id=18 strategy=few_shot_exemplar error_records=153
[ReasonBench] error example_id=19 strategy=direct error=ConnectionError(MaxRetryError('HTTPSConnectionPool(host=\'game.agaii.org\', port=443): Max retries exceeded with url: /mllm/v1/chat/completions (Caused by ReadTimeoutError("HTTPSConnectionPool(host=\'game.agaii.org\', port=443): Read timed out. (read timeout=180)"))'))
[ReasonBench] marked_unscorable example_id=19 strategy=direct error_records=154
[ReasonBench] error example_id=19 strategy=concise_cot error=ConnectionError(MaxRetryError('HTTPSConnectionPool(host=\'game.agaii.org\', port=443): Max retries exceeded with url: /mllm/v1/chat/completions (Caused by ReadTimeoutError("HTTPSConnectionPool(host=\'game.agaii.org\', port=443): Read timed out. (read timeout=180)"))'))
[ReasonBench] marked_unscorable example_id=19 strategy=concise_cot error_records=155
[ReasonBench] error example_id=19 strategy=least_to_most error=ConnectionError(MaxRetryError('HTTPSConnectionPool(host=\'game.agaii.org\', port=443): Max retries exceeded with url: /mllm/v1/chat/completions (Caused by ReadTimeoutError("HTTPSConnectionPool(host=\'game.agaii.org\', port=443): Read timed out. (read timeout=180)"))'))
[ReasonBench] marked_unscorable example_id=19 strategy=least_to_most error_records=156
[ReasonBench] error example_id=19 strategy=constraint_decompose error=ConnectionError(MaxRetryError('HTTPSConnectionPool(host=\'game.agaii.org\', port=443): Max retries exceeded with url: /mllm/v1/chat/completions (Caused by ReadTimeoutError("HTTPSConnectionPool(host=\'game.agaii.org\', port=443): Read timed out. (read timeout=180)"))'))
[ReasonBench] marked_unscorable example_id=19 strategy=constraint_decompose error_records=157
[ReasonBench] error example_id=19 strategy=self_verify error=ConnectionError(MaxRetryError('HTTPSConnectionPool(host=\'game.agaii.org\', port=443): Max retries exceeded with url: /mllm/v1/chat/completions (Caused by ReadTimeoutError("HTTPSConnectionPool(host=\'game.agaii.org\', port=443): Read timed out. (read timeout=180)"))'))
[ReasonBench] marked_unscorable example_id=19 strategy=self_verify error_records=158
[ReasonBench] error example_id=19 strategy=critique_refine error=ConnectionError(MaxRetryError('HTTPSConnectionPool(host=\'game.agaii.org\', port=443): Max retries exceeded with url: /mllm/v1/chat/completions (Caused by ReadTimeoutError("HTTPSConnectionPool(host=\'game.agaii.org\', port=443): Read timed out. (read timeout=180)"))'))
[ReasonBench] marked_unscorable example_id=19 strategy=critique_refine error_records=159
[ReasonBench] error example_id=19 strategy=self_consistency error=ConnectionError(MaxRetryError('HTTPSConnectionPool(host=\'game.agaii.org\', port=443): Max retries exceeded with url: /mllm/v1/chat/completions (Caused by ReadTimeoutError("HTTPSConnectionPool(host=\'game.agaii.org\', port=443): Read timed out. (read timeout=180)"))'))
[ReasonBench] marked_unscorable example_id=19 strategy=self_consistency error_records=160
[ReasonBench] error example_id=19 strategy=selective_self_consistency error=ConnectionError(MaxRetryError('HTTPSConnectionPool(host=\'game.agaii.org\', port=443): Max retries exceeded with url: /mllm/v1/chat/completions (Caused by ReadTimeoutError("HTTPSConnectionPool(host=\'game.agaii.org\', port=443): Read timed out. (read timeout=180)"))'))
[ReasonBench] marked_unscorable example_id=19 strategy=selective_self_consistency error_records=161
[ReasonBench] error example_id=19 strategy=budgeted_cascade error=ConnectionError(MaxRetryError('HTTPSConnectionPool(host=\'game.agaii.org\', port=443): Max retries exceeded with url: /mllm/v1/chat/completions (Caused by ReadTimeoutError("HTTPSConnectionPool(host=\'game.agaii.org\', port=443): Read timed out. (read timeout=180)"))'))
[ReasonBench] marked_unscorable example_id=19 strategy=budgeted_cascade error_records=162
[ReasonBench] error example_id=19 strategy=few_shot_exemplar error=ConnectionError(MaxRetryError('HTTPSConnectionPool(host=\'game.agaii.org\', port=443): Max retries exceeded with url: /mllm/v1/chat/completions (Caused by ReadTimeoutError("HTTPSConnectionPool(host=\'game.agaii.org\', port=443): Read timed out. (read timeout=180)"))'))
[ReasonBench] marked_unscorable example_id=19 strategy=few_shot_exemplar error_records=163
[ReasonBench] error example_id=20 strategy=direct error=ConnectionError(MaxRetryError('HTTPSConnectionPool(host=\'game.agaii.org\', port=443): Max retries exceeded with url: /mllm/v1/chat/completions (Caused by ReadTimeoutError("HTTPSConnectionPool(host=\'game.agaii.org\', port=443): Read timed out. (read timeout=180)"))'))
[ReasonBench] marked_unscorable example_id=20 strategy=direct error_records=164
[ReasonBench] error example_id=20 strategy=concise_cot error=ConnectionError(MaxRetryError('HTTPSConnectionPool(host=\'game.agaii.org\', port=443): Max retries exceeded with url: /mllm/v1/chat/completions (Caused by ReadTimeoutError("HTTPSConnectionPool(host=\'game.agaii.org\', port=443): Read timed out. (read timeout=180)"))'))
[ReasonBench] marked_unscorable example_id=20 strategy=concise_cot error_records=165
[ReasonBench] error example_id=20 strategy=least_to_most error=ConnectionError(MaxRetryError('HTTPSConnectionPool(host=\'game.agaii.org\', port=443): Max retries exceeded with url: /mllm/v1/chat/completions (Caused by ReadTimeoutError("HTTPSConnectionPool(host=\'game.agaii.org\', port=443): Read timed out. (read timeout=180)"))'))
[ReasonBench] marked_unscorable example_id=20 strategy=least_to_most error_records=166
[ReasonBench] error example_id=20 strategy=constraint_decompose error=ConnectionError(MaxRetryError('HTTPSConnectionPool(host=\'game.agaii.org\', port=443): Max retries exceeded with url: /mllm/v1/chat/completions (Caused by ReadTimeoutError("HTTPSConnectionPool(host=\'game.agaii.org\', port=443): Read timed out. (read timeout=180)"))'))
[ReasonBench] marked_unscorable example_id=20 strategy=constraint_decompose error_records=167
[ReasonBench] progress total=204/8170 (2.50%) new=200/8166 elapsed_s=46497.0
[ReasonBench] error example_id=20 strategy=self_verify error=ConnectionError(MaxRetryError('HTTPSConnectionPool(host=\'game.agaii.org\', port=443): Max retries exceeded with url: /mllm/v1/chat/completions (Caused by ReadTimeoutError("HTTPSConnectionPool(host=\'game.agaii.org\', port=443): Read timed out. (read timeout=180)"))'))
[ReasonBench] marked_unscorable example_id=20 strategy=self_verify error_records=168
[ReasonBench] error example_id=20 strategy=critique_refine error=ConnectionError(MaxRetryError('HTTPSConnectionPool(host=\'game.agaii.org\', port=443): Max retries exceeded with url: /mllm/v1/chat/completions (Caused by ReadTimeoutError("HTTPSConnectionPool(host=\'game.agaii.org\', port=443): Read timed out. (read timeout=180)"))'))
[ReasonBench] marked_unscorable example_id=20 strategy=critique_refine error_records=169
[ReasonBench] error example_id=20 strategy=self_consistency error=ConnectionError(MaxRetryError('HTTPSConnectionPool(host=\'game.agaii.org\', port=443): Max retries exceeded with url: /mllm/v1/chat/completions (Caused by ReadTimeoutError("HTTPSConnectionPool(host=\'game.agaii.org\', port=443): Read timed out. (read timeout=180)"))'))
[ReasonBench] marked_unscorable example_id=20 strategy=self_consistency error_records=170
[ReasonBench] error example_id=20 strategy=selective_self_consistency error=ConnectionError(MaxRetryError('HTTPSConnectionPool(host=\'game.agaii.org\', port=443): Max retries exceeded with url: /mllm/v1/chat/completions (Caused by ReadTimeoutError("HTTPSConnectionPool(host=\'game.agaii.org\', port=443): Read timed out. (read timeout=180)"))'))
[ReasonBench] marked_unscorable example_id=20 strategy=selective_self_consistency error_records=171
[ReasonBench] error example_id=20 strategy=budgeted_cascade error=ConnectionError(MaxRetryError('HTTPSConnectionPool(host=\'game.agaii.org\', port=443): Max retries exceeded with url: /mllm/v1/chat/completions (Caused by ReadTimeoutError("HTTPSConnectionPool(host=\'game.agaii.org\', port=443): Read timed out. (read timeout=180)"))'))
[ReasonBench] marked_unscorable example_id=20 strategy=budgeted_cascade error_records=172
[ReasonBench] error example_id=20 strategy=few_shot_exemplar error=ConnectionError(MaxRetryError('HTTPSConnectionPool(host=\'game.agaii.org\', port=443): Max retries exceeded with url: /mllm/v1/chat/completions (Caused by ReadTimeoutError("HTTPSConnectionPool(host=\'game.agaii.org\', port=443): Read timed out. (read timeout=180)"))'))
[ReasonBench] marked_unscorable example_id=20 strategy=few_shot_exemplar error_records=173
[ReasonBench] error example_id=21 strategy=direct error=ConnectionError(MaxRetryError('HTTPSConnectionPool(host=\'game.agaii.org\', port=443): Max retries exceeded with url: /mllm/v1/chat/completions (Caused by ReadTimeoutError("HTTPSConnectionPool(host=\'game.agaii.org\', port=443): Read timed out. (read timeout=180)"))'))
[ReasonBench] marked_unscorable example_id=21 strategy=direct error_records=174
[ReasonBench] error example_id=21 strategy=concise_cot error=ConnectionError(MaxRetryError('HTTPSConnectionPool(host=\'game.agaii.org\', port=443): Max retries exceeded with url: /mllm/v1/chat/completions (Caused by ReadTimeoutError("HTTPSConnectionPool(host=\'game.agaii.org\', port=443): Read timed out. (read timeout=180)"))'))
[ReasonBench] marked_unscorable example_id=21 strategy=concise_cot error_records=175
[ReasonBench] error example_id=21 strategy=least_to_most error=ConnectionError(MaxRetryError('HTTPSConnectionPool(host=\'game.agaii.org\', port=443): Max retries exceeded with url: /mllm/v1/chat/completions (Caused by ReadTimeoutError("HTTPSConnectionPool(host=\'game.agaii.org\', port=443): Read timed out. (read timeout=180)"))'))
[ReasonBench] marked_unscorable example_id=21 strategy=least_to_most error_records=176
[ReasonBench] error example_id=21 strategy=constraint_decompose error=ConnectionError(MaxRetryError('HTTPSConnectionPool(host=\'game.agaii.org\', port=443): Max retries exceeded with url: /mllm/v1/chat/completions (Caused by ReadTimeoutError("HTTPSConnectionPool(host=\'game.agaii.org\', port=443): Read timed out. (read timeout=180)"))'))
[ReasonBench] marked_unscorable example_id=21 strategy=constraint_decompose error_records=177
[ReasonBench] error example_id=21 strategy=self_verify error=ConnectionError(MaxRetryError('HTTPSConnectionPool(host=\'game.agaii.org\', port=443): Max retries exceeded with url: /mllm/v1/chat/completions (Caused by ReadTimeoutError("HTTPSConnectionPool(host=\'game.agaii.org\', port=443): Read timed out. (read timeout=180)"))'))
[ReasonBench] marked_unscorable example_id=21 strategy=self_verify error_records=178
[ReasonBench] error example_id=21 strategy=critique_refine error=ConnectionError(MaxRetryError('HTTPSConnectionPool(host=\'game.agaii.org\', port=443): Max retries exceeded with url: /mllm/v1/chat/completions (Caused by ReadTimeoutError("HTTPSConnectionPool(host=\'game.agaii.org\', port=443): Read timed out. (read timeout=180)"))'))
[ReasonBench] marked_unscorable example_id=21 strategy=critique_refine error_records=179
[ReasonBench] error example_id=21 strategy=self_consistency error=ConnectionError(MaxRetryError('HTTPSConnectionPool(host=\'game.agaii.org\', port=443): Max retries exceeded with url: /mllm/v1/chat/completions (Caused by ReadTimeoutError("HTTPSConnectionPool(host=\'game.agaii.org\', port=443): Read timed out. (read timeout=180)"))'))
[ReasonBench] marked_unscorable example_id=21 strategy=self_consistency error_records=180
[ReasonBench] error example_id=21 strategy=selective_self_consistency error=ConnectionError(MaxRetryError('HTTPSConnectionPool(host=\'game.agaii.org\', port=443): Max retries exceeded with url: /mllm/v1/chat/completions (Caused by ReadTimeoutError("HTTPSConnectionPool(host=\'game.agaii.org\', port=443): Read timed out. (read timeout=180)"))'))
[ReasonBench] marked_unscorable example_id=21 strategy=selective_self_consistency error_records=181
[ReasonBench] error example_id=21 strategy=budgeted_cascade error=ConnectionError(MaxRetryError('HTTPSConnectionPool(host=\'game.agaii.org\', port=443): Max retries exceeded with url: /mllm/v1/chat/completions (Caused by ReadTimeoutError("HTTPSConnectionPool(host=\'game.agaii.org\', port=443): Read timed out. (read timeout=180)"))'))
[ReasonBench] marked_unscorable example_id=21 strategy=budgeted_cascade error_records=182
[ReasonBench] error example_id=21 strategy=few_shot_exemplar error=ConnectionError(MaxRetryError('HTTPSConnectionPool(host=\'game.agaii.org\', port=443): Max retries exceeded with url: /mllm/v1/chat/completions (Caused by ReadTimeoutError("HTTPSConnectionPool(host=\'game.agaii.org\', port=443): Read timed out. (read timeout=180)"))'))
[ReasonBench] marked_unscorable example_id=21 strategy=few_shot_exemplar error_records=183
[ReasonBench] error example_id=22 strategy=direct error=ConnectionError(MaxRetryError('HTTPSConnectionPool(host=\'game.agaii.org\', port=443): Max retries exceeded with url: /mllm/v1/chat/completions (Caused by ReadTimeoutError("HTTPSConnectionPool(host=\'game.agaii.org\', port=443): Read timed out. (read timeout=180)"))'))
[ReasonBench] marked_unscorable example_id=22 strategy=direct error_records=184
[ReasonBench] error example_id=22 strategy=concise_cot error=ConnectionError(MaxRetryError('HTTPSConnectionPool(host=\'game.agaii.org\', port=443): Max retries exceeded with url: /mllm/v1/chat/completions (Caused by ReadTimeoutError("HTTPSConnectionPool(host=\'game.agaii.org\', port=443): Read timed out. (read timeout=180)"))'))
[ReasonBench] marked_unscorable example_id=22 strategy=concise_cot error_records=185
[ReasonBench] error example_id=22 strategy=least_to_most error=ConnectionError(MaxRetryError('HTTPSConnectionPool(host=\'game.agaii.org\', port=443): Max retries exceeded with url: /mllm/v1/chat/completions (Caused by ReadTimeoutError("HTTPSConnectionPool(host=\'game.agaii.org\', port=443): Read timed out. (read timeout=180)"))'))
[ReasonBench] marked_unscorable example_id=22 strategy=least_to_most error_records=186
[ReasonBench] error example_id=22 strategy=constraint_decompose error=ConnectionError(MaxRetryError('HTTPSConnectionPool(host=\'game.agaii.org\', port=443): Max retries exceeded with url: /mllm/v1/chat/completions (Caused by ReadTimeoutError("HTTPSConnectionPool(host=\'game.agaii.org\', port=443): Read timed out. (read timeout=180)"))'))
[ReasonBench] marked_unscorable example_id=22 strategy=constraint_decompose error_records=187
[ReasonBench] error example_id=22 strategy=self_verify error=ConnectionError(MaxRetryError('HTTPSConnectionPool(host=\'game.agaii.org\', port=443): Max retries exceeded with url: /mllm/v1/chat/completions (Caused by ReadTimeoutError("HTTPSConnectionPool(host=\'game.agaii.org\', port=443): Read timed out. (read timeout=180)"))'))
[ReasonBench] marked_unscorable example_id=22 strategy=self_verify error_records=188
[ReasonBench] error example_id=22 strategy=critique_refine error=ConnectionError(MaxRetryError('HTTPSConnectionPool(host=\'game.agaii.org\', port=443): Max retries exceeded with url: /mllm/v1/chat/completions (Caused by ReadTimeoutError("HTTPSConnectionPool(host=\'game.agaii.org\', port=443): Read timed out. (read timeout=180)"))'))
[ReasonBench] marked_unscorable example_id=22 strategy=critique_refine error_records=189
[ReasonBench] error example_id=22 strategy=self_consistency error=ConnectionError(MaxRetryError('HTTPSConnectionPool(host=\'game.agaii.org\', port=443): Max retries exceeded with url: /mllm/v1/chat/completions (Caused by ReadTimeoutError("HTTPSConnectionPool(host=\'game.agaii.org\', port=443): Read timed out. (read timeout=180)"))'))
[ReasonBench] marked_unscorable example_id=22 strategy=self_consistency error_records=190
[ReasonBench] error example_id=22 strategy=selective_self_consistency error=ConnectionError(MaxRetryError('HTTPSConnectionPool(host=\'game.agaii.org\', port=443): Max retries exceeded with url: /mllm/v1/chat/completions (Caused by ReadTimeoutError("HTTPSConnectionPool(host=\'game.agaii.org\', port=443): Read timed out. (read timeout=180)"))'))
[ReasonBench] marked_unscorable example_id=22 strategy=selective_self_consistency error_records=191
[ReasonBench] error example_id=22 strategy=budgeted_cascade error=ConnectionError(MaxRetryError('HTTPSConnectionPool(host=\'game.agaii.org\', port=443): Max retries exceeded with url: /mllm/v1/chat/completions (Caused by ReadTimeoutError("HTTPSConnectionPool(host=\'game.agaii.org\', port=443): Read timed out. (read timeout=180)"))'))
[ReasonBench] marked_unscorable example_id=22 strategy=budgeted_cascade error_records=192
[ReasonBench] error example_id=22 strategy=few_shot_exemplar error=ConnectionError(MaxRetryError('HTTPSConnectionPool(host=\'game.agaii.org\', port=443): Max retries exceeded with url: /mllm/v1/chat/completions (Caused by ReadTimeoutError("HTTPSConnectionPool(host=\'game.agaii.org\', port=443): Read timed out. (read timeout=180)"))'))
[ReasonBench] marked_unscorable example_id=22 strategy=few_shot_exemplar error_records=193
[ReasonBench] error example_id=23 strategy=direct error=ConnectionError(MaxRetryError('HTTPSConnectionPool(host=\'game.agaii.org\', port=443): Max retries exceeded with url: /mllm/v1/chat/completions (Caused by ReadTimeoutError("HTTPSConnectionPool(host=\'game.agaii.org\', port=443): Read timed out. (read timeout=180)"))'))
[ReasonBench] marked_unscorable example_id=23 strategy=direct error_records=194
[ReasonBench] error example_id=23 strategy=concise_cot error=ConnectionError(MaxRetryError('HTTPSConnectionPool(host=\'game.agaii.org\', port=443): Max retries exceeded with url: /mllm/v1/chat/completions (Caused by ReadTimeoutError("HTTPSConnectionPool(host=\'game.agaii.org\', port=443): Read timed out. (read timeout=180)"))'))
[ReasonBench] marked_unscorable example_id=23 strategy=concise_cot error_records=195
[ReasonBench] error example_id=23 strategy=least_to_most error=ConnectionError(MaxRetryError('HTTPSConnectionPool(host=\'game.agaii.org\', port=443): Max retries exceeded with url: /mllm/v1/chat/completions (Caused by ReadTimeoutError("HTTPSConnectionPool(host=\'game.agaii.org\', port=443): Read timed out. (read timeout=180)"))'))
[ReasonBench] marked_unscorable example_id=23 strategy=least_to_most error_records=196
[ReasonBench] error example_id=23 strategy=constraint_decompose error=ConnectionError(MaxRetryError('HTTPSConnectionPool(host=\'game.agaii.org\', port=443): Max retries exceeded with url: /mllm/v1/chat/completions (Caused by ReadTimeoutError("HTTPSConnectionPool(host=\'game.agaii.org\', port=443): Read timed out. (read timeout=180)"))'))
[ReasonBench] marked_unscorable example_id=23 strategy=constraint_decompose error_records=197
[ReasonBench] error example_id=23 strategy=self_verify error=ConnectionError(MaxRetryError('HTTPSConnectionPool(host=\'game.agaii.org\', port=443): Max retries exceeded with url: /mllm/v1/chat/completions (Caused by ReadTimeoutError("HTTPSConnectionPool(host=\'game.agaii.org\', port=443): Read timed out. (read timeout=180)"))'))
[ReasonBench] marked_unscorable example_id=23 strategy=self_verify error_records=198
[ReasonBench] error example_id=23 strategy=critique_refine error=ConnectionError(MaxRetryError('HTTPSConnectionPool(host=\'game.agaii.org\', port=443): Max retries exceeded with url: /mllm/v1/chat/completions (Caused by ReadTimeoutError("HTTPSConnectionPool(host=\'game.agaii.org\', port=443): Read timed out. (read timeout=180)"))'))
[ReasonBench] marked_unscorable example_id=23 strategy=critique_refine error_records=199
[ReasonBench] error example_id=23 strategy=self_consistency error=ConnectionError(MaxRetryError('HTTPSConnectionPool(host=\'game.agaii.org\', port=443): Max retries exceeded with url: /mllm/v1/chat/completions (Caused by ReadTimeoutError("HTTPSConnectionPool(host=\'game.agaii.org\', port=443): Read timed out. (read timeout=180)"))'))
[ReasonBench] marked_unscorable example_id=23 strategy=self_consistency error_records=200
[ReasonBench] error example_id=23 strategy=selective_self_consistency error=ConnectionError(MaxRetryError('HTTPSConnectionPool(host=\'game.agaii.org\', port=443): Max retries exceeded with url: /mllm/v1/chat/completions (Caused by ReadTimeoutError("HTTPSConnectionPool(host=\'game.agaii.org\', port=443): Read timed out. (read timeout=180)"))'))
[ReasonBench] marked_unscorable example_id=23 strategy=selective_self_consistency error_records=201
[ReasonBench] error example_id=23 strategy=budgeted_cascade error=ConnectionError(MaxRetryError('HTTPSConnectionPool(host=\'game.agaii.org\', port=443): Max retries exceeded with url: /mllm/v1/chat/completions (Caused by ReadTimeoutError("HTTPSConnectionPool(host=\'game.agaii.org\', port=443): Read timed out. (read timeout=180)"))'))
[ReasonBench] marked_unscorable example_id=23 strategy=budgeted_cascade error_records=202
[ReasonBench] error example_id=24 strategy=direct error=ConnectionError(MaxRetryError('HTTPSConnectionPool(host=\'game.agaii.org\', port=443): Max retries exceeded with url: /mllm/v1/chat/completions (Caused by ReadTimeoutError("HTTPSConnectionPool(host=\'game.agaii.org\', port=443): Read timed out. (read timeout=180)"))'))
[ReasonBench] marked_unscorable example_id=24 strategy=direct error_records=203
[ReasonBench] error example_id=24 strategy=concise_cot error=ConnectionError(MaxRetryError('HTTPSConnectionPool(host=\'game.agaii.org\', port=443): Max retries exceeded with url: /mllm/v1/chat/completions (Caused by ReadTimeoutError("HTTPSConnectionPool(host=\'game.agaii.org\', port=443): Read timed out. (read timeout=180)"))'))
[ReasonBench] marked_unscorable example_id=24 strategy=concise_cot error_records=204
[ReasonBench] error example_id=24 strategy=least_to_most error=ConnectionError(MaxRetryError('HTTPSConnectionPool(host=\'game.agaii.org\', port=443): Max retries exceeded with url: /mllm/v1/chat/completions (Caused by ReadTimeoutError("HTTPSConnectionPool(host=\'game.agaii.org\', port=443): Read timed out. (read timeout=180)"))'))
[ReasonBench] marked_unscorable example_id=24 strategy=least_to_most error_records=205
[ReasonBench] error example_id=24 strategy=constraint_decompose error=ConnectionError(MaxRetryError('HTTPSConnectionPool(host=\'game.agaii.org\', port=443): Max retries exceeded with url: /mllm/v1/chat/completions (Caused by ReadTimeoutError("HTTPSConnectionPool(host=\'game.agaii.org\', port=443): Read timed out. (read timeout=180)"))'))
[ReasonBench] marked_unscorable example_id=24 strategy=constraint_decompose error_records=206
[ReasonBench] progress total=244/8170 (2.99%) new=240/8166 elapsed_s=61027.5
[ReasonBench] error example_id=24 strategy=self_verify error=ConnectionError(MaxRetryError('HTTPSConnectionPool(host=\'game.agaii.org\', port=443): Max retries exceeded with url: /mllm/v1/chat/completions (Caused by ReadTimeoutError("HTTPSConnectionPool(host=\'game.agaii.org\', port=443): Read timed out. (read timeout=180)"))'))
[ReasonBench] marked_unscorable example_id=24 strategy=self_verify error_records=207
[ReasonBench] error example_id=24 strategy=self_consistency error=ConnectionError(MaxRetryError('HTTPSConnectionPool(host=\'game.agaii.org\', port=443): Max retries exceeded with url: /mllm/v1/chat/completions (Caused by ReadTimeoutError("HTTPSConnectionPool(host=\'game.agaii.org\', port=443): Read timed out. (read timeout=180)"))'))
[ReasonBench] marked_unscorable example_id=24 strategy=self_consistency error_records=208
[ReasonBench] error example_id=24 strategy=critique_refine error=ConnectionError(MaxRetryError('HTTPSConnectionPool(host=\'game.agaii.org\', port=443): Max retries exceeded with url: /mllm/v1/chat/completions (Caused by ReadTimeoutError("HTTPSConnectionPool(host=\'game.agaii.org\', port=443): Read timed out. (read timeout=180)"))'))
[ReasonBench] marked_unscorable example_id=24 strategy=critique_refine error_records=209
[ReasonBench] error example_id=24 strategy=selective_self_consistency error=ConnectionError(MaxRetryError('HTTPSConnectionPool(host=\'game.agaii.org\', port=443): Max retries exceeded with url: /mllm/v1/chat/completions (Caused by ReadTimeoutError("HTTPSConnectionPool(host=\'game.agaii.org\', port=443): Read timed out. (read timeout=180)"))'))
[ReasonBench] marked_unscorable example_id=24 strategy=selective_self_consistency error_records=210
[ReasonBench] error example_id=24 strategy=budgeted_cascade error=ConnectionError(MaxRetryError('HTTPSConnectionPool(host=\'game.agaii.org\', port=443): Max retries exceeded with url: /mllm/v1/chat/completions (Caused by ReadTimeoutError("HTTPSConnectionPool(host=\'game.agaii.org\', port=443): Read timed out. (read timeout=180)"))'))
[ReasonBench] marked_unscorable example_id=24 strategy=budgeted_cascade error_records=211
[ReasonBench] error example_id=24 strategy=few_shot_exemplar error=ConnectionError(MaxRetryError('HTTPSConnectionPool(host=\'game.agaii.org\', port=443): Max retries exceeded with url: /mllm/v1/chat/completions (Caused by ReadTimeoutError("HTTPSConnectionPool(host=\'game.agaii.org\', port=443): Read timed out. (read timeout=180)"))'))
[ReasonBench] marked_unscorable example_id=24 strategy=few_shot_exemplar error_records=212
[ReasonBench] error example_id=25 strategy=direct error=ConnectionError(MaxRetryError('HTTPSConnectionPool(host=\'game.agaii.org\', port=443): Max retries exceeded with url: /mllm/v1/chat/completions (Caused by ReadTimeoutError("HTTPSConnectionPool(host=\'game.agaii.org\', port=443): Read timed out. (read timeout=180)"))'))
[ReasonBench] marked_unscorable example_id=25 strategy=direct error_records=213
[ReasonBench] error example_id=25 strategy=concise_cot error=ConnectionError(MaxRetryError('HTTPSConnectionPool(host=\'game.agaii.org\', port=443): Max retries exceeded with url: /mllm/v1/chat/completions (Caused by ReadTimeoutError("HTTPSConnectionPool(host=\'game.agaii.org\', port=443): Read timed out. (read timeout=180)"))'))
[ReasonBench] marked_unscorable example_id=25 strategy=concise_cot error_records=214
[ReasonBench] error example_id=25 strategy=least_to_most error=ConnectionError(MaxRetryError('HTTPSConnectionPool(host=\'game.agaii.org\', port=443): Max retries exceeded with url: /mllm/v1/chat/completions (Caused by ReadTimeoutError("HTTPSConnectionPool(host=\'game.agaii.org\', port=443): Read timed out. (read timeout=180)"))'))
[ReasonBench] marked_unscorable example_id=25 strategy=least_to_most error_records=215
[ReasonBench] error example_id=25 strategy=constraint_decompose error=ConnectionError(MaxRetryError('HTTPSConnectionPool(host=\'game.agaii.org\', port=443): Max retries exceeded with url: /mllm/v1/chat/completions (Caused by ReadTimeoutError("HTTPSConnectionPool(host=\'game.agaii.org\', port=443): Read timed out. (read timeout=180)"))'))
[ReasonBench] marked_unscorable example_id=25 strategy=constraint_decompose error_records=216
[ReasonBench] error example_id=25 strategy=self_verify error=ConnectionError(MaxRetryError('HTTPSConnectionPool(host=\'game.agaii.org\', port=443): Max retries exceeded with url: /mllm/v1/chat/completions (Caused by ReadTimeoutError("HTTPSConnectionPool(host=\'game.agaii.org\', port=443): Read timed out. (read timeout=180)"))'))
[ReasonBench] marked_unscorable example_id=25 strategy=self_verify error_records=217
[ReasonBench] error example_id=25 strategy=critique_refine error=ConnectionError(MaxRetryError('HTTPSConnectionPool(host=\'game.agaii.org\', port=443): Max retries exceeded with url: /mllm/v1/chat/completions (Caused by ReadTimeoutError("HTTPSConnectionPool(host=\'game.agaii.org\', port=443): Read timed out. (read timeout=180)"))'))
[ReasonBench] marked_unscorable example_id=25 strategy=critique_refine error_records=218
[ReasonBench] error example_id=25 strategy=self_consistency error=ConnectionError(MaxRetryError('HTTPSConnectionPool(host=\'game.agaii.org\', port=443): Max retries exceeded with url: /mllm/v1/chat/completions (Caused by ReadTimeoutError("HTTPSConnectionPool(host=\'game.agaii.org\', port=443): Read timed out. (read timeout=180)"))'))
[ReasonBench] marked_unscorable example_id=25 strategy=self_consistency error_records=219
[ReasonBench] error example_id=25 strategy=selective_self_consistency error=ConnectionError(MaxRetryError('HTTPSConnectionPool(host=\'game.agaii.org\', port=443): Max retries exceeded with url: /mllm/v1/chat/completions (Caused by ReadTimeoutError("HTTPSConnectionPool(host=\'game.agaii.org\', port=443): Read timed out. (read timeout=180)"))'))
[ReasonBench] marked_unscorable example_id=25 strategy=selective_self_consistency error_records=220
[ReasonBench] error example_id=25 strategy=budgeted_cascade error=ConnectionError(MaxRetryError('HTTPSConnectionPool(host=\'game.agaii.org\', port=443): Max retries exceeded with url: /mllm/v1/chat/completions (Caused by ReadTimeoutError("HTTPSConnectionPool(host=\'game.agaii.org\', port=443): Read timed out. (read timeout=180)"))'))
[ReasonBench] marked_unscorable example_id=25 strategy=budgeted_cascade error_records=221
[ReasonBench] error example_id=25 strategy=few_shot_exemplar error=ConnectionError(MaxRetryError('HTTPSConnectionPool(host=\'game.agaii.org\', port=443): Max retries exceeded with url: /mllm/v1/chat/completions (Caused by ReadTimeoutError("HTTPSConnectionPool(host=\'game.agaii.org\', port=443): Read timed out. (read timeout=180)"))'))
[ReasonBench] marked_unscorable example_id=25 strategy=few_shot_exemplar error_records=222
[ReasonBench] error example_id=26 strategy=direct error=ConnectionError(MaxRetryError('HTTPSConnectionPool(host=\'game.agaii.org\', port=443): Max retries exceeded with url: /mllm/v1/chat/completions (Caused by ReadTimeoutError("HTTPSConnectionPool(host=\'game.agaii.org\', port=443): Read timed out. (read timeout=180)"))'))
[ReasonBench] marked_unscorable example_id=26 strategy=direct error_records=223
[ReasonBench] error example_id=26 strategy=concise_cot error=ConnectionError(MaxRetryError('HTTPSConnectionPool(host=\'game.agaii.org\', port=443): Max retries exceeded with url: /mllm/v1/chat/completions (Caused by ReadTimeoutError("HTTPSConnectionPool(host=\'game.agaii.org\', port=443): Read timed out. (read timeout=180)"))'))
[ReasonBench] marked_unscorable example_id=26 strategy=concise_cot error_records=224
[ReasonBench] error example_id=26 strategy=least_to_most error=ConnectionError(MaxRetryError('HTTPSConnectionPool(host=\'game.agaii.org\', port=443): Max retries exceeded with url: /mllm/v1/chat/completions (Caused by ReadTimeoutError("HTTPSConnectionPool(host=\'game.agaii.org\', port=443): Read timed out. (read timeout=180)"))'))
[ReasonBench] marked_unscorable example_id=26 strategy=least_to_most error_records=225
[ReasonBench] error example_id=26 strategy=self_verify error=ConnectionError(MaxRetryError('HTTPSConnectionPool(host=\'game.agaii.org\', port=443): Max retries exceeded with url: /mllm/v1/chat/completions (Caused by ReadTimeoutError("HTTPSConnectionPool(host=\'game.agaii.org\', port=443): Read timed out. (read timeout=180)"))'))
[ReasonBench] marked_unscorable example_id=26 strategy=self_verify error_records=226
[ReasonBench] error example_id=26 strategy=critique_refine error=ConnectionError(MaxRetryError('HTTPSConnectionPool(host=\'game.agaii.org\', port=443): Max retries exceeded with url: /mllm/v1/chat/completions (Caused by ReadTimeoutError("HTTPSConnectionPool(host=\'game.agaii.org\', port=443): Read timed out. (read timeout=180)"))'))
[ReasonBench] marked_unscorable example_id=26 strategy=critique_refine error_records=227
[ReasonBench] error example_id=26 strategy=self_consistency error=ConnectionError(MaxRetryError('HTTPSConnectionPool(host=\'game.agaii.org\', port=443): Max retries exceeded with url: /mllm/v1/chat/completions (Caused by ReadTimeoutError("HTTPSConnectionPool(host=\'game.agaii.org\', port=443): Read timed out. (read timeout=180)"))'))
[ReasonBench] marked_unscorable example_id=26 strategy=self_consistency error_records=228
[ReasonBench] error example_id=26 strategy=selective_self_consistency error=ConnectionError(MaxRetryError('HTTPSConnectionPool(host=\'game.agaii.org\', port=443): Max retries exceeded with url: /mllm/v1/chat/completions (Caused by ReadTimeoutError("HTTPSConnectionPool(host=\'game.agaii.org\', port=443): Read timed out. (read timeout=180)"))'))
[ReasonBench] marked_unscorable example_id=26 strategy=selective_self_consistency error_records=229
[ReasonBench] error example_id=26 strategy=budgeted_cascade error=ConnectionError(MaxRetryError('HTTPSConnectionPool(host=\'game.agaii.org\', port=443): Max retries exceeded with url: /mllm/v1/chat/completions (Caused by ReadTimeoutError("HTTPSConnectionPool(host=\'game.agaii.org\', port=443): Read timed out. (read timeout=180)"))'))
[ReasonBench] marked_unscorable example_id=26 strategy=budgeted_cascade error_records=230
[ReasonBench] error example_id=26 strategy=few_shot_exemplar error=ConnectionError(MaxRetryError('HTTPSConnectionPool(host=\'game.agaii.org\', port=443): Max retries exceeded with url: /mllm/v1/chat/completions (Caused by ReadTimeoutError("HTTPSConnectionPool(host=\'game.agaii.org\', port=443): Read timed out. (read timeout=180)"))'))
[ReasonBench] marked_unscorable example_id=26 strategy=few_shot_exemplar error_records=231
[ReasonBench] error example_id=27 strategy=direct error=ConnectionError(MaxRetryError('HTTPSConnectionPool(host=\'game.agaii.org\', port=443): Max retries exceeded with url: /mllm/v1/chat/completions (Caused by ReadTimeoutError("HTTPSConnectionPool(host=\'game.agaii.org\', port=443): Read timed out. (read timeout=180)"))'))
[ReasonBench] marked_unscorable example_id=27 strategy=direct error_records=232
[ReasonBench] error example_id=27 strategy=concise_cot error=ConnectionError(MaxRetryError('HTTPSConnectionPool(host=\'game.agaii.org\', port=443): Max retries exceeded with url: /mllm/v1/chat/completions (Caused by ReadTimeoutError("HTTPSConnectionPool(host=\'game.agaii.org\', port=443): Read timed out. (read timeout=180)"))'))
[ReasonBench] marked_unscorable example_id=27 strategy=concise_cot error_records=233
[ReasonBench] error example_id=27 strategy=least_to_most error=ConnectionError(MaxRetryError('HTTPSConnectionPool(host=\'game.agaii.org\', port=443): Max retries exceeded with url: /mllm/v1/chat/completions (Caused by ReadTimeoutError("HTTPSConnectionPool(host=\'game.agaii.org\', port=443): Read timed out. (read timeout=180)"))'))
[ReasonBench] marked_unscorable example_id=27 strategy=least_to_most error_records=234
[ReasonBench] error example_id=27 strategy=constraint_decompose error=ConnectionError(MaxRetryError('HTTPSConnectionPool(host=\'game.agaii.org\', port=443): Max retries exceeded with url: /mllm/v1/chat/completions (Caused by ReadTimeoutError("HTTPSConnectionPool(host=\'game.agaii.org\', port=443): Read timed out. (read timeout=180)"))'))
[ReasonBench] marked_unscorable example_id=27 strategy=constraint_decompose error_records=235
[ReasonBench] error example_id=27 strategy=self_verify error=ConnectionError(MaxRetryError('HTTPSConnectionPool(host=\'game.agaii.org\', port=443): Max retries exceeded with url: /mllm/v1/chat/completions (Caused by ReadTimeoutError("HTTPSConnectionPool(host=\'game.agaii.org\', port=443): Read timed out. (read timeout=180)"))'))
[ReasonBench] marked_unscorable example_id=27 strategy=self_verify error_records=236
[ReasonBench] error example_id=27 strategy=critique_refine error=ConnectionError(MaxRetryError('HTTPSConnectionPool(host=\'game.agaii.org\', port=443): Max retries exceeded with url: /mllm/v1/chat/completions (Caused by ReadTimeoutError("HTTPSConnectionPool(host=\'game.agaii.org\', port=443): Read timed out. (read timeout=180)"))'))
[ReasonBench] marked_unscorable example_id=27 strategy=critique_refine error_records=237
[ReasonBench] error example_id=27 strategy=self_consistency error=ConnectionError(MaxRetryError('HTTPSConnectionPool(host=\'game.agaii.org\', port=443): Max retries exceeded with url: /mllm/v1/chat/completions (Caused by ReadTimeoutError("HTTPSConnectionPool(host=\'game.agaii.org\', port=443): Read timed out. (read timeout=180)"))'))
[ReasonBench] marked_unscorable example_id=27 strategy=self_consistency error_records=238
[ReasonBench] error example_id=27 strategy=selective_self_consistency error=ConnectionError(MaxRetryError('HTTPSConnectionPool(host=\'game.agaii.org\', port=443): Max retries exceeded with url: /mllm/v1/chat/completions (Caused by ReadTimeoutError("HTTPSConnectionPool(host=\'game.agaii.org\', port=443): Read timed out. (read timeout=180)"))'))
[ReasonBench] marked_unscorable example_id=27 strategy=selective_self_consistency error_records=239
[ReasonBench] error example_id=27 strategy=budgeted_cascade error=ConnectionError(MaxRetryError('HTTPSConnectionPool(host=\'game.agaii.org\', port=443): Max retries exceeded with url: /mllm/v1/chat/completions (Caused by ReadTimeoutError("HTTPSConnectionPool(host=\'game.agaii.org\', port=443): Read timed out. (read timeout=180)"))'))
[ReasonBench] marked_unscorable example_id=27 strategy=budgeted_cascade error_records=240
[ReasonBench] error example_id=27 strategy=few_shot_exemplar error=ConnectionError(MaxRetryError('HTTPSConnectionPool(host=\'game.agaii.org\', port=443): Max retries exceeded with url: /mllm/v1/chat/completions (Caused by ReadTimeoutError("HTTPSConnectionPool(host=\'game.agaii.org\', port=443): Read timed out. (read timeout=180)"))'))
[ReasonBench] marked_unscorable example_id=27 strategy=few_shot_exemplar error_records=241
[ReasonBench] error example_id=28 strategy=direct error=ConnectionError(MaxRetryError('HTTPSConnectionPool(host=\'game.agaii.org\', port=443): Max retries exceeded with url: /mllm/v1/chat/completions (Caused by ReadTimeoutError("HTTPSConnectionPool(host=\'game.agaii.org\', port=443): Read timed out. (read timeout=180)"))'))
[ReasonBench] marked_unscorable example_id=28 strategy=direct error_records=242
[ReasonBench] error example_id=28 strategy=concise_cot error=ConnectionError(MaxRetryError('HTTPSConnectionPool(host=\'game.agaii.org\', port=443): Max retries exceeded with url: /mllm/v1/chat/completions (Caused by ReadTimeoutError("HTTPSConnectionPool(host=\'game.agaii.org\', port=443): Read timed out. (read timeout=180)"))'))
[ReasonBench] marked_unscorable example_id=28 strategy=concise_cot error_records=243
[ReasonBench] error example_id=28 strategy=least_to_most error=ConnectionError(MaxRetryError('HTTPSConnectionPool(host=\'game.agaii.org\', port=443): Max retries exceeded with url: /mllm/v1/chat/completions (Caused by ReadTimeoutError("HTTPSConnectionPool(host=\'game.agaii.org\', port=443): Read timed out. (read timeout=180)"))'))
[ReasonBench] marked_unscorable example_id=28 strategy=least_to_most error_records=244
[ReasonBench] error example_id=28 strategy=constraint_decompose error=ConnectionError(MaxRetryError('HTTPSConnectionPool(host=\'game.agaii.org\', port=443): Max retries exceeded with url: /mllm/v1/chat/completions (Caused by ReadTimeoutError("HTTPSConnectionPool(host=\'game.agaii.org\', port=443): Read timed out. (read timeout=180)"))'))
[ReasonBench] marked_unscorable example_id=28 strategy=constraint_decompose error_records=245
[ReasonBench] progress total=284/8170 (3.48%) new=280/8166 elapsed_s=75218.3
[ReasonBench] error example_id=28 strategy=self_verify error=ConnectionError(MaxRetryError('HTTPSConnectionPool(host=\'game.agaii.org\', port=443): Max retries exceeded with url: /mllm/v1/chat/completions (Caused by ReadTimeoutError("HTTPSConnectionPool(host=\'game.agaii.org\', port=443): Read timed out. (read timeout=180)"))'))
[ReasonBench] marked_unscorable example_id=28 strategy=self_verify error_records=246
[ReasonBench] error example_id=28 strategy=critique_refine error=ConnectionError(MaxRetryError('HTTPSConnectionPool(host=\'game.agaii.org\', port=443): Max retries exceeded with url: /mllm/v1/chat/completions (Caused by ReadTimeoutError("HTTPSConnectionPool(host=\'game.agaii.org\', port=443): Read timed out. (read timeout=180)"))'))
[ReasonBench] marked_unscorable example_id=28 strategy=critique_refine error_records=247
[ReasonBench] error example_id=28 strategy=self_consistency error=ConnectionError(MaxRetryError('HTTPSConnectionPool(host=\'game.agaii.org\', port=443): Max retries exceeded with url: /mllm/v1/chat/completions (Caused by ReadTimeoutError("HTTPSConnectionPool(host=\'game.agaii.org\', port=443): Read timed out. (read timeout=180)"))'))
[ReasonBench] marked_unscorable example_id=28 strategy=self_consistency error_records=248
[ReasonBench] error example_id=28 strategy=selective_self_consistency error=ConnectionError(MaxRetryError('HTTPSConnectionPool(host=\'game.agaii.org\', port=443): Max retries exceeded with url: /mllm/v1/chat/completions (Caused by ReadTimeoutError("HTTPSConnectionPool(host=\'game.agaii.org\', port=443): Read timed out. (read timeout=180)"))'))
[ReasonBench] marked_unscorable example_id=28 strategy=selective_self_consistency error_records=249
[ReasonBench] error example_id=28 strategy=budgeted_cascade error=ConnectionError(MaxRetryError('HTTPSConnectionPool(host=\'game.agaii.org\', port=443): Max retries exceeded with url: /mllm/v1/chat/completions (Caused by ReadTimeoutError("HTTPSConnectionPool(host=\'game.agaii.org\', port=443): Read timed out. (read timeout=180)"))'))
[ReasonBench] marked_unscorable example_id=28 strategy=budgeted_cascade error_records=250
[ReasonBench] error example_id=28 strategy=few_shot_exemplar error=ConnectionError(MaxRetryError('HTTPSConnectionPool(host=\'game.agaii.org\', port=443): Max retries exceeded with url: /mllm/v1/chat/completions (Caused by ReadTimeoutError("HTTPSConnectionPool(host=\'game.agaii.org\', port=443): Read timed out. (read timeout=180)"))'))
[ReasonBench] marked_unscorable example_id=28 strategy=few_shot_exemplar error_records=251
[ReasonBench] error example_id=29 strategy=direct error=ConnectionError(MaxRetryError('HTTPSConnectionPool(host=\'game.agaii.org\', port=443): Max retries exceeded with url: /mllm/v1/chat/completions (Caused by ReadTimeoutError("HTTPSConnectionPool(host=\'game.agaii.org\', port=443): Read timed out. (read timeout=180)"))'))
[ReasonBench] marked_unscorable example_id=29 strategy=direct error_records=252
[ReasonBench] error example_id=29 strategy=concise_cot error=ConnectionError(MaxRetryError('HTTPSConnectionPool(host=\'game.agaii.org\', port=443): Max retries exceeded with url: /mllm/v1/chat/completions (Caused by ReadTimeoutError("HTTPSConnectionPool(host=\'game.agaii.org\', port=443): Read timed out. (read timeout=180)"))'))
[ReasonBench] marked_unscorable example_id=29 strategy=concise_cot error_records=253
[ReasonBench] error example_id=29 strategy=least_to_most error=ConnectionError(MaxRetryError('HTTPSConnectionPool(host=\'game.agaii.org\', port=443): Max retries exceeded with url: /mllm/v1/chat/completions (Caused by ReadTimeoutError("HTTPSConnectionPool(host=\'game.agaii.org\', port=443): Read timed out. (read timeout=180)"))'))
[ReasonBench] marked_unscorable example_id=29 strategy=least_to_most error_records=254
[ReasonBench] error example_id=29 strategy=constraint_decompose error=ConnectionError(MaxRetryError('HTTPSConnectionPool(host=\'game.agaii.org\', port=443): Max retries exceeded with url: /mllm/v1/chat/completions (Caused by ReadTimeoutError("HTTPSConnectionPool(host=\'game.agaii.org\', port=443): Read timed out. (read timeout=180)"))'))
[ReasonBench] marked_unscorable example_id=29 strategy=constraint_decompose error_records=255
[ReasonBench] error example_id=29 strategy=self_verify error=ConnectionError(MaxRetryError('HTTPSConnectionPool(host=\'game.agaii.org\', port=443): Max retries exceeded with url: /mllm/v1/chat/completions (Caused by ReadTimeoutError("HTTPSConnectionPool(host=\'game.agaii.org\', port=443): Read timed out. (read timeout=180)"))'))
[ReasonBench] marked_unscorable example_id=29 strategy=self_verify error_records=256
[ReasonBench] error example_id=29 strategy=critique_refine error=ConnectionError(MaxRetryError('HTTPSConnectionPool(host=\'game.agaii.org\', port=443): Max retries exceeded with url: /mllm/v1/chat/completions (Caused by ReadTimeoutError("HTTPSConnectionPool(host=\'game.agaii.org\', port=443): Read timed out. (read timeout=180)"))'))
[ReasonBench] marked_unscorable example_id=29 strategy=critique_refine error_records=257
[ReasonBench] error example_id=29 strategy=self_consistency error=ConnectionError(MaxRetryError('HTTPSConnectionPool(host=\'game.agaii.org\', port=443): Max retries exceeded with url: /mllm/v1/chat/completions (Caused by ReadTimeoutError("HTTPSConnectionPool(host=\'game.agaii.org\', port=443): Read timed out. (read timeout=180)"))'))
[ReasonBench] marked_unscorable example_id=29 strategy=self_consistency error_records=258
[ReasonBench] error example_id=29 strategy=selective_self_consistency error=ConnectionError(MaxRetryError('HTTPSConnectionPool(host=\'game.agaii.org\', port=443): Max retries exceeded with url: /mllm/v1/chat/completions (Caused by ReadTimeoutError("HTTPSConnectionPool(host=\'game.agaii.org\', port=443): Read timed out. (read timeout=180)"))'))
[ReasonBench] marked_unscorable example_id=29 strategy=selective_self_consistency error_records=259
[ReasonBench] error example_id=29 strategy=budgeted_cascade error=ConnectionError(MaxRetryError('HTTPSConnectionPool(host=\'game.agaii.org\', port=443): Max retries exceeded with url: /mllm/v1/chat/completions (Caused by ReadTimeoutError("HTTPSConnectionPool(host=\'game.agaii.org\', port=443): Read timed out. (read timeout=180)"))'))
[ReasonBench] marked_unscorable example_id=29 strategy=budgeted_cascade error_records=260
[ReasonBench] error example_id=30 strategy=direct error=ConnectionError(MaxRetryError('HTTPSConnectionPool(host=\'game.agaii.org\', port=443): Max retries exceeded with url: /mllm/v1/chat/completions (Caused by ReadTimeoutError("HTTPSConnectionPool(host=\'game.agaii.org\', port=443): Read timed out. (read timeout=180)"))'))
[ReasonBench] marked_unscorable example_id=30 strategy=direct error_records=261
[ReasonBench] error example_id=30 strategy=concise_cot error=ConnectionError(MaxRetryError('HTTPSConnectionPool(host=\'game.agaii.org\', port=443): Max retries exceeded with url: /mllm/v1/chat/completions (Caused by ReadTimeoutError("HTTPSConnectionPool(host=\'game.agaii.org\', port=443): Read timed out. (read timeout=180)"))'))
[ReasonBench] marked_unscorable example_id=30 strategy=concise_cot error_records=262
[ReasonBench] error example_id=30 strategy=least_to_most error=ConnectionError(MaxRetryError('HTTPSConnectionPool(host=\'game.agaii.org\', port=443): Max retries exceeded with url: /mllm/v1/chat/completions (Caused by ReadTimeoutError("HTTPSConnectionPool(host=\'game.agaii.org\', port=443): Read timed out. (read timeout=180)"))'))
[ReasonBench] marked_unscorable example_id=30 strategy=least_to_most error_records=263
[ReasonBench] error example_id=30 strategy=constraint_decompose error=ConnectionError(MaxRetryError('HTTPSConnectionPool(host=\'game.agaii.org\', port=443): Max retries exceeded with url: /mllm/v1/chat/completions (Caused by ReadTimeoutError("HTTPSConnectionPool(host=\'game.agaii.org\', port=443): Read timed out. (read timeout=180)"))'))
[ReasonBench] marked_unscorable example_id=30 strategy=constraint_decompose error_records=264
[ReasonBench] error example_id=30 strategy=self_verify error=ConnectionError(MaxRetryError('HTTPSConnectionPool(host=\'game.agaii.org\', port=443): Max retries exceeded with url: /mllm/v1/chat/completions (Caused by ReadTimeoutError("HTTPSConnectionPool(host=\'game.agaii.org\', port=443): Read timed out. (read timeout=180)"))'))
[ReasonBench] marked_unscorable example_id=30 strategy=self_verify error_records=265
[ReasonBench] error example_id=30 strategy=critique_refine error=ConnectionError(MaxRetryError('HTTPSConnectionPool(host=\'game.agaii.org\', port=443): Max retries exceeded with url: /mllm/v1/chat/completions (Caused by ReadTimeoutError("HTTPSConnectionPool(host=\'game.agaii.org\', port=443): Read timed out. (read timeout=180)"))'))
[ReasonBench] marked_unscorable example_id=30 strategy=critique_refine error_records=266
[ReasonBench] error example_id=30 strategy=self_consistency error=ConnectionError(MaxRetryError('HTTPSConnectionPool(host=\'game.agaii.org\', port=443): Max retries exceeded with url: /mllm/v1/chat/completions (Caused by ReadTimeoutError("HTTPSConnectionPool(host=\'game.agaii.org\', port=443): Read timed out. (read timeout=180)"))'))
[ReasonBench] marked_unscorable example_id=30 strategy=self_consistency error_records=267
[ReasonBench] error example_id=30 strategy=selective_self_consistency error=ConnectionError(MaxRetryError('HTTPSConnectionPool(host=\'game.agaii.org\', port=443): Max retries exceeded with url: /mllm/v1/chat/completions (Caused by ReadTimeoutError("HTTPSConnectionPool(host=\'game.agaii.org\', port=443): Read timed out. (read timeout=180)"))'))
[ReasonBench] marked_unscorable example_id=30 strategy=selective_self_consistency error_records=268
[ReasonBench] error example_id=30 strategy=budgeted_cascade error=ConnectionError(MaxRetryError('HTTPSConnectionPool(host=\'game.agaii.org\', port=443): Max retries exceeded with url: /mllm/v1/chat/completions (Caused by ReadTimeoutError("HTTPSConnectionPool(host=\'game.agaii.org\', port=443): Read timed out. (read timeout=180)"))'))
[ReasonBench] marked_unscorable example_id=30 strategy=budgeted_cascade error_records=269
[ReasonBench] error example_id=30 strategy=few_shot_exemplar error=ConnectionError(MaxRetryError('HTTPSConnectionPool(host=\'game.agaii.org\', port=443): Max retries exceeded with url: /mllm/v1/chat/completions (Caused by ReadTimeoutError("HTTPSConnectionPool(host=\'game.agaii.org\', port=443): Read timed out. (read timeout=180)"))'))
[ReasonBench] marked_unscorable example_id=30 strategy=few_shot_exemplar error_records=270
[ReasonBench] error example_id=31 strategy=direct error=ConnectionError(MaxRetryError('HTTPSConnectionPool(host=\'game.agaii.org\', port=443): Max retries exceeded with url: /mllm/v1/chat/completions (Caused by ReadTimeoutError("HTTPSConnectionPool(host=\'game.agaii.org\', port=443): Read timed out. (read timeout=180)"))'))
[ReasonBench] marked_unscorable example_id=31 strategy=direct error_records=271
[ReasonBench] error example_id=31 strategy=concise_cot error=ConnectionError(MaxRetryError('HTTPSConnectionPool(host=\'game.agaii.org\', port=443): Max retries exceeded with url: /mllm/v1/chat/completions (Caused by ReadTimeoutError("HTTPSConnectionPool(host=\'game.agaii.org\', port=443): Read timed out. (read timeout=180)"))'))
[ReasonBench] marked_unscorable example_id=31 strategy=concise_cot error_records=272
[ReasonBench] error example_id=31 strategy=least_to_most error=ConnectionError(MaxRetryError('HTTPSConnectionPool(host=\'game.agaii.org\', port=443): Max retries exceeded with url: /mllm/v1/chat/completions (Caused by ReadTimeoutError("HTTPSConnectionPool(host=\'game.agaii.org\', port=443): Read timed out. (read timeout=180)"))'))
[ReasonBench] marked_unscorable example_id=31 strategy=least_to_most error_records=273
[ReasonBench] error example_id=31 strategy=constraint_decompose error=ConnectionError(MaxRetryError('HTTPSConnectionPool(host=\'game.agaii.org\', port=443): Max retries exceeded with url: /mllm/v1/chat/completions (Caused by ReadTimeoutError("HTTPSConnectionPool(host=\'game.agaii.org\', port=443): Read timed out. (read timeout=180)"))'))
[ReasonBench] marked_unscorable example_id=31 strategy=constraint_decompose error_records=274
[ReasonBench] error example_id=31 strategy=self_verify error=ConnectionError(MaxRetryError('HTTPSConnectionPool(host=\'game.agaii.org\', port=443): Max retries exceeded with url: /mllm/v1/chat/completions (Caused by ReadTimeoutError("HTTPSConnectionPool(host=\'game.agaii.org\', port=443): Read timed out. (read timeout=180)"))'))
[ReasonBench] marked_unscorable example_id=31 strategy=self_verify error_records=275
[ReasonBench] error example_id=31 strategy=critique_refine error=ConnectionError(MaxRetryError('HTTPSConnectionPool(host=\'game.agaii.org\', port=443): Max retries exceeded with url: /mllm/v1/chat/completions (Caused by ReadTimeoutError("HTTPSConnectionPool(host=\'game.agaii.org\', port=443): Read timed out. (read timeout=180)"))'))
[ReasonBench] marked_unscorable example_id=31 strategy=critique_refine error_records=276
[ReasonBench] error example_id=31 strategy=self_consistency error=ConnectionError(MaxRetryError('HTTPSConnectionPool(host=\'game.agaii.org\', port=443): Max retries exceeded with url: /mllm/v1/chat/completions (Caused by ReadTimeoutError("HTTPSConnectionPool(host=\'game.agaii.org\', port=443): Read timed out. (read timeout=180)"))'))
[ReasonBench] marked_unscorable example_id=31 strategy=self_consistency error_records=277
[ReasonBench] error example_id=31 strategy=budgeted_cascade error=ConnectionError(MaxRetryError('HTTPSConnectionPool(host=\'game.agaii.org\', port=443): Max retries exceeded with url: /mllm/v1/chat/completions (Caused by ReadTimeoutError("HTTPSConnectionPool(host=\'game.agaii.org\', port=443): Read timed out. (read timeout=180)"))'))
[ReasonBench] marked_unscorable example_id=31 strategy=budgeted_cascade error_records=278
[ReasonBench] error example_id=31 strategy=few_shot_exemplar error=ConnectionError(MaxRetryError('HTTPSConnectionPool(host=\'game.agaii.org\', port=443): Max retries exceeded with url: /mllm/v1/chat/completions (Caused by ReadTimeoutError("HTTPSConnectionPool(host=\'game.agaii.org\', port=443): Read timed out. (read timeout=180)"))'))
[ReasonBench] marked_unscorable example_id=31 strategy=few_shot_exemplar error_records=279
[ReasonBench] error example_id=32 strategy=direct error=ConnectionError(MaxRetryError('HTTPSConnectionPool(host=\'game.agaii.org\', port=443): Max retries exceeded with url: /mllm/v1/chat/completions (Caused by ReadTimeoutError("HTTPSConnectionPool(host=\'game.agaii.org\', port=443): Read timed out. (read timeout=180)"))'))
[ReasonBench] marked_unscorable example_id=32 strategy=direct error_records=280
[ReasonBench] error example_id=32 strategy=concise_cot error=ConnectionError(MaxRetryError('HTTPSConnectionPool(host=\'game.agaii.org\', port=443): Max retries exceeded with url: /mllm/v1/chat/completions (Caused by ReadTimeoutError("HTTPSConnectionPool(host=\'game.agaii.org\', port=443): Read timed out. (read timeout=180)"))'))
[ReasonBench] marked_unscorable example_id=32 strategy=concise_cot error_records=281
[ReasonBench] error example_id=32 strategy=least_to_most error=ConnectionError(MaxRetryError('HTTPSConnectionPool(host=\'game.agaii.org\', port=443): Max retries exceeded with url: /mllm/v1/chat/completions (Caused by ReadTimeoutError("HTTPSConnectionPool(host=\'game.agaii.org\', port=443): Read timed out. (read timeout=180)"))'))
[ReasonBench] marked_unscorable example_id=32 strategy=least_to_most error_records=282
[ReasonBench] error example_id=32 strategy=constraint_decompose error=ConnectionError(MaxRetryError('HTTPSConnectionPool(host=\'game.agaii.org\', port=443): Max retries exceeded with url: /mllm/v1/chat/completions (Caused by ReadTimeoutError("HTTPSConnectionPool(host=\'game.agaii.org\', port=443): Read timed out. (read timeout=180)"))'))
[ReasonBench] marked_unscorable example_id=32 strategy=constraint_decompose error_records=283
[ReasonBench] progress total=324/8170 (3.97%) new=320/8166 elapsed_s=89556.4
[ReasonBench] error example_id=32 strategy=self_verify error=ConnectionError(MaxRetryError('HTTPSConnectionPool(host=\'game.agaii.org\', port=443): Max retries exceeded with url: /mllm/v1/chat/completions (Caused by ReadTimeoutError("HTTPSConnectionPool(host=\'game.agaii.org\', port=443): Read timed out. (read timeout=180)"))'))
[ReasonBench] marked_unscorable example_id=32 strategy=self_verify error_records=284
[ReasonBench] error example_id=32 strategy=critique_refine error=ConnectionError(MaxRetryError('HTTPSConnectionPool(host=\'game.agaii.org\', port=443): Max retries exceeded with url: /mllm/v1/chat/completions (Caused by ReadTimeoutError("HTTPSConnectionPool(host=\'game.agaii.org\', port=443): Read timed out. (read timeout=180)"))'))
[ReasonBench] marked_unscorable example_id=32 strategy=critique_refine error_records=285
[ReasonBench] error example_id=32 strategy=self_consistency error=ConnectionError(MaxRetryError('HTTPSConnectionPool(host=\'game.agaii.org\', port=443): Max retries exceeded with url: /mllm/v1/chat/completions (Caused by ReadTimeoutError("HTTPSConnectionPool(host=\'game.agaii.org\', port=443): Read timed out. (read timeout=180)"))'))
[ReasonBench] marked_unscorable example_id=32 strategy=self_consistency error_records=286
[ReasonBench] error example_id=32 strategy=selective_self_consistency error=ConnectionError(MaxRetryError('HTTPSConnectionPool(host=\'game.agaii.org\', port=443): Max retries exceeded with url: /mllm/v1/chat/completions (Caused by ReadTimeoutError("HTTPSConnectionPool(host=\'game.agaii.org\', port=443): Read timed out. (read timeout=180)"))'))
[ReasonBench] marked_unscorable example_id=32 strategy=selective_self_consistency error_records=287
[ReasonBench] error example_id=32 strategy=budgeted_cascade error=ConnectionError(MaxRetryError('HTTPSConnectionPool(host=\'game.agaii.org\', port=443): Max retries exceeded with url: /mllm/v1/chat/completions (Caused by ReadTimeoutError("HTTPSConnectionPool(host=\'game.agaii.org\', port=443): Read timed out. (read timeout=180)"))'))
[ReasonBench] marked_unscorable example_id=32 strategy=budgeted_cascade error_records=288
[ReasonBench] error example_id=32 strategy=few_shot_exemplar error=ConnectionError(MaxRetryError('HTTPSConnectionPool(host=\'game.agaii.org\', port=443): Max retries exceeded with url: /mllm/v1/chat/completions (Caused by ReadTimeoutError("HTTPSConnectionPool(host=\'game.agaii.org\', port=443): Read timed out. (read timeout=180)"))'))
[ReasonBench] marked_unscorable example_id=32 strategy=few_shot_exemplar error_records=289
[ReasonBench] error example_id=33 strategy=direct error=ConnectionError(MaxRetryError('HTTPSConnectionPool(host=\'game.agaii.org\', port=443): Max retries exceeded with url: /mllm/v1/chat/completions (Caused by ReadTimeoutError("HTTPSConnectionPool(host=\'game.agaii.org\', port=443): Read timed out. (read timeout=180)"))'))
[ReasonBench] marked_unscorable example_id=33 strategy=direct error_records=290
[ReasonBench] error example_id=33 strategy=concise_cot error=ConnectionError(MaxRetryError('HTTPSConnectionPool(host=\'game.agaii.org\', port=443): Max retries exceeded with url: /mllm/v1/chat/completions (Caused by ReadTimeoutError("HTTPSConnectionPool(host=\'game.agaii.org\', port=443): Read timed out. (read timeout=180)"))'))
[ReasonBench] marked_unscorable example_id=33 strategy=concise_cot error_records=291
[ReasonBench] error example_id=33 strategy=least_to_most error=ConnectionError(MaxRetryError('HTTPSConnectionPool(host=\'game.agaii.org\', port=443): Max retries exceeded with url: /mllm/v1/chat/completions (Caused by ReadTimeoutError("HTTPSConnectionPool(host=\'game.agaii.org\', port=443): Read timed out. (read timeout=180)"))'))
[ReasonBench] marked_unscorable example_id=33 strategy=least_to_most error_records=292
[ReasonBench] error example_id=33 strategy=constraint_decompose error=ConnectionError(MaxRetryError('HTTPSConnectionPool(host=\'game.agaii.org\', port=443): Max retries exceeded with url: /mllm/v1/chat/completions (Caused by ReadTimeoutError("HTTPSConnectionPool(host=\'game.agaii.org\', port=443): Read timed out. (read timeout=180)"))'))
[ReasonBench] marked_unscorable example_id=33 strategy=constraint_decompose error_records=293
[ReasonBench] error example_id=33 strategy=self_verify error=ConnectionError(MaxRetryError('HTTPSConnectionPool(host=\'game.agaii.org\', port=443): Max retries exceeded with url: /mllm/v1/chat/completions (Caused by ReadTimeoutError("HTTPSConnectionPool(host=\'game.agaii.org\', port=443): Read timed out. (read timeout=180)"))'))
[ReasonBench] marked_unscorable example_id=33 strategy=self_verify error_records=294
[ReasonBench] error example_id=33 strategy=critique_refine error=ConnectionError(MaxRetryError('HTTPSConnectionPool(host=\'game.agaii.org\', port=443): Max retries exceeded with url: /mllm/v1/chat/completions (Caused by ReadTimeoutError("HTTPSConnectionPool(host=\'game.agaii.org\', port=443): Read timed out. (read timeout=180)"))'))
[ReasonBench] marked_unscorable example_id=33 strategy=critique_refine error_records=295
[ReasonBench] error example_id=33 strategy=self_consistency error=ConnectionError(MaxRetryError('HTTPSConnectionPool(host=\'game.agaii.org\', port=443): Max retries exceeded with url: /mllm/v1/chat/completions (Caused by ReadTimeoutError("HTTPSConnectionPool(host=\'game.agaii.org\', port=443): Read timed out. (read timeout=180)"))'))
[ReasonBench] marked_unscorable example_id=33 strategy=self_consistency error_records=296
[ReasonBench] error example_id=33 strategy=selective_self_consistency error=ConnectionError(MaxRetryError('HTTPSConnectionPool(host=\'game.agaii.org\', port=443): Max retries exceeded with url: /mllm/v1/chat/completions (Caused by ReadTimeoutError("HTTPSConnectionPool(host=\'game.agaii.org\', port=443): Read timed out. (read timeout=180)"))'))
[ReasonBench] marked_unscorable example_id=33 strategy=selective_self_consistency error_records=297
[ReasonBench] error example_id=33 strategy=budgeted_cascade error=ConnectionError(MaxRetryError('HTTPSConnectionPool(host=\'game.agaii.org\', port=443): Max retries exceeded with url: /mllm/v1/chat/completions (Caused by ReadTimeoutError("HTTPSConnectionPool(host=\'game.agaii.org\', port=443): Read timed out. (read timeout=180)"))'))
[ReasonBench] marked_unscorable example_id=33 strategy=budgeted_cascade error_records=298
[ReasonBench] error example_id=33 strategy=few_shot_exemplar error=ConnectionError(MaxRetryError('HTTPSConnectionPool(host=\'game.agaii.org\', port=443): Max retries exceeded with url: /mllm/v1/chat/completions (Caused by ReadTimeoutError("HTTPSConnectionPool(host=\'game.agaii.org\', port=443): Read timed out. (read timeout=180)"))'))
[ReasonBench] marked_unscorable example_id=33 strategy=few_shot_exemplar error_records=299
[ReasonBench] error example_id=34 strategy=direct error=ConnectionError(MaxRetryError('HTTPSConnectionPool(host=\'game.agaii.org\', port=443): Max retries exceeded with url: /mllm/v1/chat/completions (Caused by ReadTimeoutError("HTTPSConnectionPool(host=\'game.agaii.org\', port=443): Read timed out. (read timeout=180)"))'))
[ReasonBench] marked_unscorable example_id=34 strategy=direct error_records=300
[ReasonBench] error example_id=34 strategy=concise_cot error=ConnectionError(MaxRetryError('HTTPSConnectionPool(host=\'game.agaii.org\', port=443): Max retries exceeded with url: /mllm/v1/chat/completions (Caused by ReadTimeoutError("HTTPSConnectionPool(host=\'game.agaii.org\', port=443): Read timed out. (read timeout=180)"))'))
[ReasonBench] marked_unscorable example_id=34 strategy=concise_cot error_records=301
[ReasonBench] error example_id=34 strategy=least_to_most error=ConnectionError(MaxRetryError('HTTPSConnectionPool(host=\'game.agaii.org\', port=443): Max retries exceeded with url: /mllm/v1/chat/completions (Caused by ReadTimeoutError("HTTPSConnectionPool(host=\'game.agaii.org\', port=443): Read timed out. (read timeout=180)"))'))
[ReasonBench] marked_unscorable example_id=34 strategy=least_to_most error_records=302
[ReasonBench] error example_id=34 strategy=constraint_decompose error=ConnectionError(MaxRetryError('HTTPSConnectionPool(host=\'game.agaii.org\', port=443): Max retries exceeded with url: /mllm/v1/chat/completions (Caused by ReadTimeoutError("HTTPSConnectionPool(host=\'game.agaii.org\', port=443): Read timed out. (read timeout=180)"))'))
[ReasonBench] marked_unscorable example_id=34 strategy=constraint_decompose error_records=303
[ReasonBench] progress total=364/8170 (4.46%) new=360/8166 elapsed_s=97847.3
[ReasonBench] progress total=404/8170 (4.94%) new=400/8166 elapsed_s=98955.0
[ReasonBench] progress total=444/8170 (5.43%) new=440/8166 elapsed_s=100016.2
[ReasonBench] progress total=484/8170 (5.92%) new=480/8166 elapsed_s=101179.1
[ReasonBench] progress total=524/8170 (6.41%) new=520/8166 elapsed_s=102388.9
[ReasonBench] progress total=564/8170 (6.90%) new=560/8166 elapsed_s=103533.7
[ReasonBench] progress total=604/8170 (7.39%) new=600/8166 elapsed_s=104629.8
[ReasonBench] progress total=644/8170 (7.88%) new=640/8166 elapsed_s=105724.3
[ReasonBench] progress total=684/8170 (8.37%) new=680/8166 elapsed_s=106565.1
[ReasonBench] progress total=724/8170 (8.86%) new=720/8166 elapsed_s=107950.9
[ReasonBench] progress total=764/8170 (9.35%) new=760/8166 elapsed_s=109208.2
[ReasonBench] progress total=804/8170 (9.84%) new=800/8166 elapsed_s=110423.6
[ReasonBench] progress total=844/8170 (10.33%) new=840/8166 elapsed_s=111803.3
[ReasonBench] progress total=884/8170 (10.82%) new=880/8166 elapsed_s=113176.4
[ReasonBench] progress total=924/8170 (11.31%) new=920/8166 elapsed_s=114412.6
[ReasonBench] progress total=964/8170 (11.80%) new=960/8166 elapsed_s=115568.3
[ReasonBench] progress total=1004/8170 (12.29%) new=1000/8166 elapsed_s=116591.8
[ReasonBench] progress total=1044/8170 (12.78%) new=1040/8166 elapsed_s=117383.4
[ReasonBench] progress total=1084/8170 (13.27%) new=1080/8166 elapsed_s=118196.0
[ReasonBench] progress total=1124/8170 (13.76%) new=1120/8166 elapsed_s=119089.6
[ReasonBench] progress total=1164/8170 (14.25%) new=1160/8166 elapsed_s=120571.9
[ReasonBench] progress total=1204/8170 (14.74%) new=1200/8166 elapsed_s=121686.5
[ReasonBench] progress total=1244/8170 (15.23%) new=1240/8166 elapsed_s=122692.7
[ReasonBench] progress total=1284/8170 (15.72%) new=1280/8166 elapsed_s=124185.1
[ReasonBench] progress total=1324/8170 (16.21%) new=1320/8166 elapsed_s=125907.0
[ReasonBench] progress total=1364/8170 (16.70%) new=1360/8166 elapsed_s=127591.3
[ReasonBench] progress total=1404/8170 (17.18%) new=1400/8166 elapsed_s=128714.3
[ReasonBench] progress total=1444/8170 (17.67%) new=1440/8166 elapsed_s=129736.0
[ReasonBench] progress total=1484/8170 (18.16%) new=1480/8166 elapsed_s=130924.9
[ReasonBench] progress total=1524/8170 (18.65%) new=1520/8166 elapsed_s=132007.8
[ReasonBench] progress total=1564/8170 (19.14%) new=1560/8166 elapsed_s=133161.9
[ReasonBench] progress total=1604/8170 (19.63%) new=1600/8166 elapsed_s=134204.1
[ReasonBench] progress total=1644/8170 (20.12%) new=1640/8166 elapsed_s=135347.2
[ReasonBench] progress total=1684/8170 (20.61%) new=1680/8166 elapsed_s=136561.6
[ReasonBench] progress total=1724/8170 (21.10%) new=1720/8166 elapsed_s=137644.1
[ReasonBench] progress total=1764/8170 (21.59%) new=1760/8166 elapsed_s=138806.6
[ReasonBench] progress total=1804/8170 (22.08%) new=1800/8166 elapsed_s=140074.9
[ReasonBench] progress total=1844/8170 (22.57%) new=1840/8166 elapsed_s=141320.2
[ReasonBench] progress total=1884/8170 (23.06%) new=1880/8166 elapsed_s=142612.5
[ReasonBench] progress total=1924/8170 (23.55%) new=1920/8166 elapsed_s=143798.7
[ReasonBench] error example_id=195 strategy=least_to_most error=ConnectionError(MaxRetryError('HTTPSConnectionPool(host=\'game.agaii.org\', port=443): Max retries exceeded with url: /mllm/v1/chat/completions (Caused by ReadTimeoutError("HTTPSConnectionPool(host=\'game.agaii.org\', port=443): Read timed out. (read timeout=180)"))'))
[ReasonBench] marked_unscorable example_id=195 strategy=least_to_most error_records=304
[ReasonBench] error example_id=195 strategy=constraint_decompose error=ConnectionError(MaxRetryError('HTTPSConnectionPool(host=\'game.agaii.org\', port=443): Max retries exceeded with url: /mllm/v1/chat/completions (Caused by ReadTimeoutError("HTTPSConnectionPool(host=\'game.agaii.org\', port=443): Read timed out. (read timeout=180)"))'))
[ReasonBench] marked_unscorable example_id=195 strategy=constraint_decompose error_records=305
[ReasonBench] error example_id=195 strategy=self_verify error=ConnectionError(MaxRetryError('HTTPSConnectionPool(host=\'game.agaii.org\', port=443): Max retries exceeded with url: /mllm/v1/chat/completions (Caused by ReadTimeoutError("HTTPSConnectionPool(host=\'game.agaii.org\', port=443): Read timed out. (read timeout=180)"))'))
[ReasonBench] marked_unscorable example_id=195 strategy=self_verify error_records=306
[ReasonBench] error example_id=195 strategy=critique_refine error=ConnectionError(MaxRetryError('HTTPSConnectionPool(host=\'game.agaii.org\', port=443): Max retries exceeded with url: /mllm/v1/chat/completions (Caused by ReadTimeoutError("HTTPSConnectionPool(host=\'game.agaii.org\', port=443): Read timed out. (read timeout=180)"))'))
[ReasonBench] marked_unscorable example_id=195 strategy=critique_refine error_records=307
[ReasonBench] error example_id=195 strategy=self_consistency error=ConnectionError(MaxRetryError('HTTPSConnectionPool(host=\'game.agaii.org\', port=443): Max retries exceeded with url: /mllm/v1/chat/completions (Caused by ReadTimeoutError("HTTPSConnectionPool(host=\'game.agaii.org\', port=443): Read timed out. (read timeout=180)"))'))
[ReasonBench] marked_unscorable example_id=195 strategy=self_consistency error_records=308
[ReasonBench] error example_id=195 strategy=selective_self_consistency error=ConnectionError(MaxRetryError('HTTPSConnectionPool(host=\'game.agaii.org\', port=443): Max retries exceeded with url: /mllm/v1/chat/completions (Caused by ReadTimeoutError("HTTPSConnectionPool(host=\'game.agaii.org\', port=443): Read timed out. (read timeout=180)"))'))
[ReasonBench] marked_unscorable example_id=195 strategy=selective_self_consistency error_records=309
[ReasonBench] error example_id=195 strategy=few_shot_exemplar error=ConnectionError(MaxRetryError('HTTPSConnectionPool(host=\'game.agaii.org\', port=443): Max retries exceeded with url: /mllm/v1/chat/completions (Caused by ReadTimeoutError("HTTPSConnectionPool(host=\'game.agaii.org\', port=443): Read timed out. (read timeout=180)"))'))
[ReasonBench] marked_unscorable example_id=195 strategy=few_shot_exemplar error_records=310
[ReasonBench] error example_id=196 strategy=direct error=ConnectionError(MaxRetryError('HTTPSConnectionPool(host=\'game.agaii.org\', port=443): Max retries exceeded with url: /mllm/v1/chat/completions (Caused by ReadTimeoutError("HTTPSConnectionPool(host=\'game.agaii.org\', port=443): Read timed out. (read timeout=180)"))'))
[ReasonBench] marked_unscorable example_id=196 strategy=direct error_records=311
[ReasonBench] error example_id=196 strategy=concise_cot error=ConnectionError(MaxRetryError('HTTPSConnectionPool(host=\'game.agaii.org\', port=443): Max retries exceeded with url: /mllm/v1/chat/completions (Caused by ReadTimeoutError("HTTPSConnectionPool(host=\'game.agaii.org\', port=443): Read timed out. (read timeout=180)"))'))
[ReasonBench] marked_unscorable example_id=196 strategy=concise_cot error_records=312
[ReasonBench] error example_id=196 strategy=least_to_most error=ConnectionError(MaxRetryError('HTTPSConnectionPool(host=\'game.agaii.org\', port=443): Max retries exceeded with url: /mllm/v1/chat/completions (Caused by ReadTimeoutError("HTTPSConnectionPool(host=\'game.agaii.org\', port=443): Read timed out. (read timeout=180)"))'))
[ReasonBench] marked_unscorable example_id=196 strategy=least_to_most error_records=313
[ReasonBench] error example_id=196 strategy=constraint_decompose error=ConnectionError(MaxRetryError('HTTPSConnectionPool(host=\'game.agaii.org\', port=443): Max retries exceeded with url: /mllm/v1/chat/completions (Caused by ReadTimeoutError("HTTPSConnectionPool(host=\'game.agaii.org\', port=443): Read timed out. (read timeout=180)"))'))
[ReasonBench] marked_unscorable example_id=196 strategy=constraint_decompose error_records=314
[ReasonBench] progress total=1964/8170 (24.04%) new=1960/8166 elapsed_s=149185.5
[ReasonBench] error example_id=196 strategy=self_verify error=ConnectionError(MaxRetryError('HTTPSConnectionPool(host=\'game.agaii.org\', port=443): Max retries exceeded with url: /mllm/v1/chat/completions (Caused by ReadTimeoutError("HTTPSConnectionPool(host=\'game.agaii.org\', port=443): Read timed out. (read timeout=180)"))'))
[ReasonBench] marked_unscorable example_id=196 strategy=self_verify error_records=315
[ReasonBench] error example_id=196 strategy=critique_refine error=ConnectionError(MaxRetryError('HTTPSConnectionPool(host=\'game.agaii.org\', port=443): Max retries exceeded with url: /mllm/v1/chat/completions (Caused by ReadTimeoutError("HTTPSConnectionPool(host=\'game.agaii.org\', port=443): Read timed out. (read timeout=180)"))'))
[ReasonBench] marked_unscorable example_id=196 strategy=critique_refine error_records=316
[ReasonBench] error example_id=196 strategy=self_consistency error=ConnectionError(MaxRetryError('HTTPSConnectionPool(host=\'game.agaii.org\', port=443): Max retries exceeded with url: /mllm/v1/chat/completions (Caused by ReadTimeoutError("HTTPSConnectionPool(host=\'game.agaii.org\', port=443): Read timed out. (read timeout=180)"))'))
[ReasonBench] marked_unscorable example_id=196 strategy=self_consistency error_records=317
[ReasonBench] error example_id=196 strategy=selective_self_consistency error=ConnectionError(MaxRetryError('HTTPSConnectionPool(host=\'game.agaii.org\', port=443): Max retries exceeded with url: /mllm/v1/chat/completions (Caused by ReadTimeoutError("HTTPSConnectionPool(host=\'game.agaii.org\', port=443): Read timed out. (read timeout=180)"))'))
[ReasonBench] marked_unscorable example_id=196 strategy=selective_self_consistency error_records=318
[ReasonBench] error example_id=196 strategy=budgeted_cascade error=ConnectionError(MaxRetryError('HTTPSConnectionPool(host=\'game.agaii.org\', port=443): Max retries exceeded with url: /mllm/v1/chat/completions (Caused by ReadTimeoutError("HTTPSConnectionPool(host=\'game.agaii.org\', port=443): Read timed out. (read timeout=180)"))'))
[ReasonBench] marked_unscorable example_id=196 strategy=budgeted_cascade error_records=319
[ReasonBench] error example_id=197 strategy=direct error=ConnectionError(MaxRetryError('HTTPSConnectionPool(host=\'game.agaii.org\', port=443): Max retries exceeded with url: /mllm/v1/chat/completions (Caused by ReadTimeoutError("HTTPSConnectionPool(host=\'game.agaii.org\', port=443): Read timed out. (read timeout=180)"))'))
[ReasonBench] marked_unscorable example_id=197 strategy=direct error_records=320
[ReasonBench] error example_id=197 strategy=concise_cot error=ConnectionError(MaxRetryError('HTTPSConnectionPool(host=\'game.agaii.org\', port=443): Max retries exceeded with url: /mllm/v1/chat/completions (Caused by ReadTimeoutError("HTTPSConnectionPool(host=\'game.agaii.org\', port=443): Read timed out. (read timeout=180)"))'))
[ReasonBench] marked_unscorable example_id=197 strategy=concise_cot error_records=321
[ReasonBench] error example_id=197 strategy=least_to_most error=ConnectionError(MaxRetryError('HTTPSConnectionPool(host=\'game.agaii.org\', port=443): Max retries exceeded with url: /mllm/v1/chat/completions (Caused by ReadTimeoutError("HTTPSConnectionPool(host=\'game.agaii.org\', port=443): Read timed out. (read timeout=180)"))'))
[ReasonBench] marked_unscorable example_id=197 strategy=least_to_most error_records=322
[ReasonBench] error example_id=197 strategy=constraint_decompose error=ConnectionError(MaxRetryError('HTTPSConnectionPool(host=\'game.agaii.org\', port=443): Max retries exceeded with url: /mllm/v1/chat/completions (Caused by ReadTimeoutError("HTTPSConnectionPool(host=\'game.agaii.org\', port=443): Read timed out. (read timeout=180)"))'))
[ReasonBench] marked_unscorable example_id=197 strategy=constraint_decompose error_records=323
[ReasonBench] error example_id=197 strategy=self_verify error=ConnectionError(MaxRetryError('HTTPSConnectionPool(host=\'game.agaii.org\', port=443): Max retries exceeded with url: /mllm/v1/chat/completions (Caused by ReadTimeoutError("HTTPSConnectionPool(host=\'game.agaii.org\', port=443): Read timed out. (read timeout=180)"))'))
[ReasonBench] marked_unscorable example_id=197 strategy=self_verify error_records=324
[ReasonBench] error example_id=197 strategy=critique_refine error=ConnectionError(MaxRetryError('HTTPSConnectionPool(host=\'game.agaii.org\', port=443): Max retries exceeded with url: /mllm/v1/chat/completions (Caused by ReadTimeoutError("HTTPSConnectionPool(host=\'game.agaii.org\', port=443): Read timed out. (read timeout=180)"))'))
[ReasonBench] marked_unscorable example_id=197 strategy=critique_refine error_records=325
[ReasonBench] error example_id=197 strategy=self_consistency error=ConnectionError(MaxRetryError('HTTPSConnectionPool(host=\'game.agaii.org\', port=443): Max retries exceeded with url: /mllm/v1/chat/completions (Caused by ReadTimeoutError("HTTPSConnectionPool(host=\'game.agaii.org\', port=443): Read timed out. (read timeout=180)"))'))
[ReasonBench] marked_unscorable example_id=197 strategy=self_consistency error_records=326
[ReasonBench] error example_id=197 strategy=selective_self_consistency error=ConnectionError(MaxRetryError('HTTPSConnectionPool(host=\'game.agaii.org\', port=443): Max retries exceeded with url: /mllm/v1/chat/completions (Caused by ReadTimeoutError("HTTPSConnectionPool(host=\'game.agaii.org\', port=443): Read timed out. (read timeout=180)"))'))
[ReasonBench] marked_unscorable example_id=197 strategy=selective_self_consistency error_records=327
[ReasonBench] error example_id=197 strategy=budgeted_cascade error=ConnectionError(MaxRetryError('HTTPSConnectionPool(host=\'game.agaii.org\', port=443): Max retries exceeded with url: /mllm/v1/chat/completions (Caused by ReadTimeoutError("HTTPSConnectionPool(host=\'game.agaii.org\', port=443): Read timed out. (read timeout=180)"))'))
[ReasonBench] marked_unscorable example_id=197 strategy=budgeted_cascade error_records=328
[ReasonBench] error example_id=197 strategy=few_shot_exemplar error=ConnectionError(MaxRetryError('HTTPSConnectionPool(host=\'game.agaii.org\', port=443): Max retries exceeded with url: /mllm/v1/chat/completions (Caused by ReadTimeoutError("HTTPSConnectionPool(host=\'game.agaii.org\', port=443): Read timed out. (read timeout=180)"))'))
[ReasonBench] marked_unscorable example_id=197 strategy=few_shot_exemplar error_records=329
[ReasonBench] error example_id=198 strategy=direct error=ConnectionError(MaxRetryError('HTTPSConnectionPool(host=\'game.agaii.org\', port=443): Max retries exceeded with url: /mllm/v1/chat/completions (Caused by ReadTimeoutError("HTTPSConnectionPool(host=\'game.agaii.org\', port=443): Read timed out. (read timeout=180)"))'))
[ReasonBench] marked_unscorable example_id=198 strategy=direct error_records=330
[ReasonBench] error example_id=198 strategy=concise_cot error=ConnectionError(MaxRetryError('HTTPSConnectionPool(host=\'game.agaii.org\', port=443): Max retries exceeded with url: /mllm/v1/chat/completions (Caused by ReadTimeoutError("HTTPSConnectionPool(host=\'game.agaii.org\', port=443): Read timed out. (read timeout=180)"))'))
[ReasonBench] marked_unscorable example_id=198 strategy=concise_cot error_records=331
[ReasonBench] error example_id=198 strategy=least_to_most error=ConnectionError(MaxRetryError('HTTPSConnectionPool(host=\'game.agaii.org\', port=443): Max retries exceeded with url: /mllm/v1/chat/completions (Caused by ReadTimeoutError("HTTPSConnectionPool(host=\'game.agaii.org\', port=443): Read timed out. (read timeout=180)"))'))
[ReasonBench] marked_unscorable example_id=198 strategy=least_to_most error_records=332
[ReasonBench] error example_id=198 strategy=budgeted_cascade error=ConnectionError(MaxRetryError('HTTPSConnectionPool(host=\'game.agaii.org\', port=443): Max retries exceeded with url: /mllm/v1/chat/completions (Caused by ReadTimeoutError("HTTPSConnectionPool(host=\'game.agaii.org\', port=443): Read timed out. (read timeout=180)"))'))
[ReasonBench] marked_unscorable example_id=198 strategy=budgeted_cascade error_records=333
[ReasonBench] error example_id=198 strategy=critique_refine error=ConnectionError(MaxRetryError('HTTPSConnectionPool(host=\'game.agaii.org\', port=443): Max retries exceeded with url: /mllm/v1/chat/completions (Caused by ReadTimeoutError("HTTPSConnectionPool(host=\'game.agaii.org\', port=443): Read timed out. (read timeout=180)"))'))
[ReasonBench] marked_unscorable example_id=198 strategy=critique_refine error_records=334
[ReasonBench] error example_id=198 strategy=few_shot_exemplar error=ConnectionError(MaxRetryError('HTTPSConnectionPool(host=\'game.agaii.org\', port=443): Max retries exceeded with url: /mllm/v1/chat/completions (Caused by ReadTimeoutError("HTTPSConnectionPool(host=\'game.agaii.org\', port=443): Read timed out. (read timeout=180)"))'))
[ReasonBench] marked_unscorable example_id=198 strategy=few_shot_exemplar error_records=335
[ReasonBench] error example_id=199 strategy=direct error=ConnectionError(MaxRetryError('HTTPSConnectionPool(host=\'game.agaii.org\', port=443): Max retries exceeded with url: /mllm/v1/chat/completions (Caused by ReadTimeoutError("HTTPSConnectionPool(host=\'game.agaii.org\', port=443): Read timed out. (read timeout=180)"))'))
[ReasonBench] marked_unscorable example_id=199 strategy=direct error_records=336
[ReasonBench] error example_id=199 strategy=concise_cot error=ConnectionError(MaxRetryError('HTTPSConnectionPool(host=\'game.agaii.org\', port=443): Max retries exceeded with url: /mllm/v1/chat/completions (Caused by ReadTimeoutError("HTTPSConnectionPool(host=\'game.agaii.org\', port=443): Read timed out. (read timeout=180)"))'))
[ReasonBench] marked_unscorable example_id=199 strategy=concise_cot error_records=337
[ReasonBench] error example_id=199 strategy=least_to_most error=ConnectionError(MaxRetryError('HTTPSConnectionPool(host=\'game.agaii.org\', port=443): Max retries exceeded with url: /mllm/v1/chat/completions (Caused by ReadTimeoutError("HTTPSConnectionPool(host=\'game.agaii.org\', port=443): Read timed out. (read timeout=180)"))'))
[ReasonBench] marked_unscorable example_id=199 strategy=least_to_most error_records=338
[ReasonBench] error example_id=199 strategy=constraint_decompose error=ConnectionError(MaxRetryError('HTTPSConnectionPool(host=\'game.agaii.org\', port=443): Max retries exceeded with url: /mllm/v1/chat/completions (Caused by ReadTimeoutError("HTTPSConnectionPool(host=\'game.agaii.org\', port=443): Read timed out. (read timeout=180)"))'))
[ReasonBench] marked_unscorable example_id=199 strategy=constraint_decompose error_records=339
[ReasonBench] error example_id=199 strategy=self_verify error=ConnectionError(MaxRetryError('HTTPSConnectionPool(host=\'game.agaii.org\', port=443): Max retries exceeded with url: /mllm/v1/chat/completions (Caused by ReadTimeoutError("HTTPSConnectionPool(host=\'game.agaii.org\', port=443): Read timed out. (read timeout=180)"))'))
[ReasonBench] marked_unscorable example_id=199 strategy=self_verify error_records=340
[ReasonBench] error example_id=199 strategy=critique_refine error=ConnectionError(MaxRetryError('HTTPSConnectionPool(host=\'game.agaii.org\', port=443): Max retries exceeded with url: /mllm/v1/chat/completions (Caused by ReadTimeoutError("HTTPSConnectionPool(host=\'game.agaii.org\', port=443): Read timed out. (read timeout=180)"))'))
[ReasonBench] marked_unscorable example_id=199 strategy=critique_refine error_records=341
[ReasonBench] error example_id=199 strategy=self_consistency error=ConnectionError(MaxRetryError('HTTPSConnectionPool(host=\'game.agaii.org\', port=443): Max retries exceeded with url: /mllm/v1/chat/completions (Caused by ReadTimeoutError("HTTPSConnectionPool(host=\'game.agaii.org\', port=443): Read timed out. (read timeout=180)"))'))
[ReasonBench] marked_unscorable example_id=199 strategy=self_consistency error_records=342
[ReasonBench] error example_id=199 strategy=selective_self_consistency error=ConnectionError(MaxRetryError('HTTPSConnectionPool(host=\'game.agaii.org\', port=443): Max retries exceeded with url: /mllm/v1/chat/completions (Caused by ReadTimeoutError("HTTPSConnectionPool(host=\'game.agaii.org\', port=443): Read timed out. (read timeout=180)"))'))
[ReasonBench] marked_unscorable example_id=199 strategy=selective_self_consistency error_records=343
[ReasonBench] error example_id=199 strategy=budgeted_cascade error=ConnectionError(MaxRetryError('HTTPSConnectionPool(host=\'game.agaii.org\', port=443): Max retries exceeded with url: /mllm/v1/chat/completions (Caused by ReadTimeoutError("HTTPSConnectionPool(host=\'game.agaii.org\', port=443): Read timed out. (read timeout=180)"))'))
[ReasonBench] marked_unscorable example_id=199 strategy=budgeted_cascade error_records=344
[ReasonBench] error example_id=200 strategy=direct error=ConnectionError(MaxRetryError('HTTPSConnectionPool(host=\'game.agaii.org\', port=443): Max retries exceeded with url: /mllm/v1/chat/completions (Caused by ReadTimeoutError("HTTPSConnectionPool(host=\'game.agaii.org\', port=443): Read timed out. (read timeout=180)"))'))
[ReasonBench] marked_unscorable example_id=200 strategy=direct error_records=345
[ReasonBench] error example_id=200 strategy=concise_cot error=ConnectionError(MaxRetryError('HTTPSConnectionPool(host=\'game.agaii.org\', port=443): Max retries exceeded with url: /mllm/v1/chat/completions (Caused by ReadTimeoutError("HTTPSConnectionPool(host=\'game.agaii.org\', port=443): Read timed out. (read timeout=180)"))'))
[ReasonBench] marked_unscorable example_id=200 strategy=concise_cot error_records=346
[ReasonBench] error example_id=200 strategy=least_to_most error=ConnectionError(MaxRetryError('HTTPSConnectionPool(host=\'game.agaii.org\', port=443): Max retries exceeded with url: /mllm/v1/chat/completions (Caused by ReadTimeoutError("HTTPSConnectionPool(host=\'game.agaii.org\', port=443): Read timed out. (read timeout=180)"))'))
[ReasonBench] marked_unscorable example_id=200 strategy=least_to_most error_records=347
[ReasonBench] error example_id=200 strategy=constraint_decompose error=ConnectionError(MaxRetryError('HTTPSConnectionPool(host=\'game.agaii.org\', port=443): Max retries exceeded with url: /mllm/v1/chat/completions (Caused by ReadTimeoutError("HTTPSConnectionPool(host=\'game.agaii.org\', port=443): Read timed out. (read timeout=180)"))'))
[ReasonBench] marked_unscorable example_id=200 strategy=constraint_decompose error_records=348
[ReasonBench] progress total=2004/8170 (24.53%) new=2000/8166 elapsed_s=162729.7
[ReasonBench] error example_id=200 strategy=self_verify error=ConnectionError(MaxRetryError('HTTPSConnectionPool(host=\'game.agaii.org\', port=443): Max retries exceeded with url: /mllm/v1/chat/completions (Caused by ReadTimeoutError("HTTPSConnectionPool(host=\'game.agaii.org\', port=443): Read timed out. (read timeout=180)"))'))
[ReasonBench] marked_unscorable example_id=200 strategy=self_verify error_records=349
[ReasonBench] error example_id=200 strategy=critique_refine error=ConnectionError(MaxRetryError('HTTPSConnectionPool(host=\'game.agaii.org\', port=443): Max retries exceeded with url: /mllm/v1/chat/completions (Caused by ReadTimeoutError("HTTPSConnectionPool(host=\'game.agaii.org\', port=443): Read timed out. (read timeout=180)"))'))
[ReasonBench] marked_unscorable example_id=200 strategy=critique_refine error_records=350
[ReasonBench] error example_id=200 strategy=self_consistency error=ConnectionError(MaxRetryError('HTTPSConnectionPool(host=\'game.agaii.org\', port=443): Max retries exceeded with url: /mllm/v1/chat/completions (Caused by ReadTimeoutError("HTTPSConnectionPool(host=\'game.agaii.org\', port=443): Read timed out. (read timeout=180)"))'))
[ReasonBench] marked_unscorable example_id=200 strategy=self_consistency error_records=351
[ReasonBench] error example_id=200 strategy=budgeted_cascade error=ConnectionError(MaxRetryError('HTTPSConnectionPool(host=\'game.agaii.org\', port=443): Max retries exceeded with url: /mllm/v1/chat/completions (Caused by ReadTimeoutError("HTTPSConnectionPool(host=\'game.agaii.org\', port=443): Read timed out. (read timeout=180)"))'))
[ReasonBench] marked_unscorable example_id=200 strategy=budgeted_cascade error_records=352
[ReasonBench] error example_id=200 strategy=few_shot_exemplar error=ConnectionError(MaxRetryError('HTTPSConnectionPool(host=\'game.agaii.org\', port=443): Max retries exceeded with url: /mllm/v1/chat/completions (Caused by ReadTimeoutError("HTTPSConnectionPool(host=\'game.agaii.org\', port=443): Read timed out. (read timeout=180)"))'))
[ReasonBench] marked_unscorable example_id=200 strategy=few_shot_exemplar error_records=353
[ReasonBench] error example_id=201 strategy=direct error=ConnectionError(MaxRetryError('HTTPSConnectionPool(host=\'game.agaii.org\', port=443): Max retries exceeded with url: /mllm/v1/chat/completions (Caused by ReadTimeoutError("HTTPSConnectionPool(host=\'game.agaii.org\', port=443): Read timed out. (read timeout=180)"))'))
[ReasonBench] marked_unscorable example_id=201 strategy=direct error_records=354
[ReasonBench] error example_id=201 strategy=concise_cot error=ConnectionError(MaxRetryError('HTTPSConnectionPool(host=\'game.agaii.org\', port=443): Max retries exceeded with url: /mllm/v1/chat/completions (Caused by ReadTimeoutError("HTTPSConnectionPool(host=\'game.agaii.org\', port=443): Read timed out. (read timeout=180)"))'))
[ReasonBench] marked_unscorable example_id=201 strategy=concise_cot error_records=355
[ReasonBench] error example_id=201 strategy=least_to_most error=ConnectionError(MaxRetryError('HTTPSConnectionPool(host=\'game.agaii.org\', port=443): Max retries exceeded with url: /mllm/v1/chat/completions (Caused by ReadTimeoutError("HTTPSConnectionPool(host=\'game.agaii.org\', port=443): Read timed out. (read timeout=180)"))'))
[ReasonBench] marked_unscorable example_id=201 strategy=least_to_most error_records=356
[ReasonBench] error example_id=201 strategy=constraint_decompose error=ConnectionError(MaxRetryError('HTTPSConnectionPool(host=\'game.agaii.org\', port=443): Max retries exceeded with url: /mllm/v1/chat/completions (Caused by ReadTimeoutError("HTTPSConnectionPool(host=\'game.agaii.org\', port=443): Read timed out. (read timeout=180)"))'))
[ReasonBench] marked_unscorable example_id=201 strategy=constraint_decompose error_records=357
[ReasonBench] error example_id=201 strategy=self_verify error=ConnectionError(MaxRetryError('HTTPSConnectionPool(host=\'game.agaii.org\', port=443): Max retries exceeded with url: /mllm/v1/chat/completions (Caused by ReadTimeoutError("HTTPSConnectionPool(host=\'game.agaii.org\', port=443): Read timed out. (read timeout=180)"))'))
[ReasonBench] marked_unscorable example_id=201 strategy=self_verify error_records=358
[ReasonBench] error example_id=201 strategy=critique_refine error=ConnectionError(MaxRetryError('HTTPSConnectionPool(host=\'game.agaii.org\', port=443): Max retries exceeded with url: /mllm/v1/chat/completions (Caused by ReadTimeoutError("HTTPSConnectionPool(host=\'game.agaii.org\', port=443): Read timed out. (read timeout=180)"))'))
[ReasonBench] marked_unscorable example_id=201 strategy=critique_refine error_records=359
[ReasonBench] error example_id=201 strategy=self_consistency error=ConnectionError(MaxRetryError('HTTPSConnectionPool(host=\'game.agaii.org\', port=443): Max retries exceeded with url: /mllm/v1/chat/completions (Caused by ReadTimeoutError("HTTPSConnectionPool(host=\'game.agaii.org\', port=443): Read timed out. (read timeout=180)"))'))
[ReasonBench] marked_unscorable example_id=201 strategy=self_consistency error_records=360
[ReasonBench] error example_id=201 strategy=selective_self_consistency error=ConnectionError(MaxRetryError('HTTPSConnectionPool(host=\'game.agaii.org\', port=443): Max retries exceeded with url: /mllm/v1/chat/completions (Caused by ReadTimeoutError("HTTPSConnectionPool(host=\'game.agaii.org\', port=443): Read timed out. (read timeout=180)"))'))
[ReasonBench] marked_unscorable example_id=201 strategy=selective_self_consistency error_records=361
[ReasonBench] error example_id=201 strategy=budgeted_cascade error=ConnectionError(MaxRetryError('HTTPSConnectionPool(host=\'game.agaii.org\', port=443): Max retries exceeded with url: /mllm/v1/chat/completions (Caused by ReadTimeoutError("HTTPSConnectionPool(host=\'game.agaii.org\', port=443): Read timed out. (read timeout=180)"))'))
[ReasonBench] marked_unscorable example_id=201 strategy=budgeted_cascade error_records=362
[ReasonBench] error example_id=201 strategy=few_shot_exemplar error=ConnectionError(MaxRetryError('HTTPSConnectionPool(host=\'game.agaii.org\', port=443): Max retries exceeded with url: /mllm/v1/chat/completions (Caused by ReadTimeoutError("HTTPSConnectionPool(host=\'game.agaii.org\', port=443): Read timed out. (read timeout=180)"))'))
[ReasonBench] marked_unscorable example_id=201 strategy=few_shot_exemplar error_records=363
[ReasonBench] error example_id=202 strategy=direct error=ConnectionError(MaxRetryError('HTTPSConnectionPool(host=\'game.agaii.org\', port=443): Max retries exceeded with url: /mllm/v1/chat/completions (Caused by ReadTimeoutError("HTTPSConnectionPool(host=\'game.agaii.org\', port=443): Read timed out. (read timeout=180)"))'))
[ReasonBench] marked_unscorable example_id=202 strategy=direct error_records=364
[ReasonBench] error example_id=202 strategy=concise_cot error=ConnectionError(MaxRetryError('HTTPSConnectionPool(host=\'game.agaii.org\', port=443): Max retries exceeded with url: /mllm/v1/chat/completions (Caused by ReadTimeoutError("HTTPSConnectionPool(host=\'game.agaii.org\', port=443): Read timed out. (read timeout=180)"))'))
[ReasonBench] marked_unscorable example_id=202 strategy=concise_cot error_records=365
[ReasonBench] error example_id=202 strategy=least_to_most error=ConnectionError(MaxRetryError('HTTPSConnectionPool(host=\'game.agaii.org\', port=443): Max retries exceeded with url: /mllm/v1/chat/completions (Caused by ReadTimeoutError("HTTPSConnectionPool(host=\'game.agaii.org\', port=443): Read timed out. (read timeout=180)"))'))
[ReasonBench] marked_unscorable example_id=202 strategy=least_to_most error_records=366
[ReasonBench] error example_id=202 strategy=constraint_decompose error=ConnectionError(MaxRetryError('HTTPSConnectionPool(host=\'game.agaii.org\', port=443): Max retries exceeded with url: /mllm/v1/chat/completions (Caused by ReadTimeoutError("HTTPSConnectionPool(host=\'game.agaii.org\', port=443): Read timed out. (read timeout=180)"))'))
[ReasonBench] marked_unscorable example_id=202 strategy=constraint_decompose error_records=367
[ReasonBench] error example_id=202 strategy=self_verify error=ConnectionError(MaxRetryError('HTTPSConnectionPool(host=\'game.agaii.org\', port=443): Max retries exceeded with url: /mllm/v1/chat/completions (Caused by ReadTimeoutError("HTTPSConnectionPool(host=\'game.agaii.org\', port=443): Read timed out. (read timeout=180)"))'))
[ReasonBench] marked_unscorable example_id=202 strategy=self_verify error_records=368
[ReasonBench] error example_id=202 strategy=critique_refine error=ConnectionError(MaxRetryError('HTTPSConnectionPool(host=\'game.agaii.org\', port=443): Max retries exceeded with url: /mllm/v1/chat/completions (Caused by ReadTimeoutError("HTTPSConnectionPool(host=\'game.agaii.org\', port=443): Read timed out. (read timeout=180)"))'))
[ReasonBench] marked_unscorable example_id=202 strategy=critique_refine error_records=369
[ReasonBench] error example_id=202 strategy=self_consistency error=ConnectionError(MaxRetryError('HTTPSConnectionPool(host=\'game.agaii.org\', port=443): Max retries exceeded with url: /mllm/v1/chat/completions (Caused by ReadTimeoutError("HTTPSConnectionPool(host=\'game.agaii.org\', port=443): Read timed out. (read timeout=180)"))'))
[ReasonBench] marked_unscorable example_id=202 strategy=self_consistency error_records=370
[ReasonBench] error example_id=202 strategy=selective_self_consistency error=ConnectionError(MaxRetryError('HTTPSConnectionPool(host=\'game.agaii.org\', port=443): Max retries exceeded with url: /mllm/v1/chat/completions (Caused by ReadTimeoutError("HTTPSConnectionPool(host=\'game.agaii.org\', port=443): Read timed out. (read timeout=180)"))'))
[ReasonBench] marked_unscorable example_id=202 strategy=selective_self_consistency error_records=371
[ReasonBench] error example_id=202 strategy=few_shot_exemplar error=ConnectionError(MaxRetryError("HTTPSConnectionPool(host='game.agaii.org', port=443): Max retries exceeded with url: /mllm/v1/chat/completions (Caused by NewConnectionError('<urllib3.connection.HTTPSConnection object at 0x720b515cb410>: Failed to establish a new connection: [Errno 113] No route to host'))"))
[ReasonBench] marked_unscorable example_id=202 strategy=few_shot_exemplar error_records=372
[ReasonBench] error example_id=202 strategy=budgeted_cascade error=ConnectionError(MaxRetryError('HTTPSConnectionPool(host=\'game.agaii.org\', port=443): Max retries exceeded with url: /mllm/v1/chat/completions (Caused by ReadTimeoutError("HTTPSConnectionPool(host=\'game.agaii.org\', port=443): Read timed out. (read timeout=180)"))'))
[ReasonBench] marked_unscorable example_id=202 strategy=budgeted_cascade error_records=373
[ReasonBench] error example_id=203 strategy=direct error=ConnectTimeout(MaxRetryError("HTTPSConnectionPool(host='game.agaii.org', port=443): Max retries exceeded with url: /mllm/v1/chat/completions (Caused by ConnectTimeoutError(<urllib3.connection.HTTPSConnection object at 0x720b515cbf80>, 'Connection to game.agaii.org timed out. (connect timeout=180)'))"))
[ReasonBench] marked_unscorable example_id=203 strategy=direct error_records=374
[ReasonBench] error example_id=203 strategy=least_to_most error=ConnectTimeout(MaxRetryError("HTTPSConnectionPool(host='game.agaii.org', port=443): Max retries exceeded with url: /mllm/v1/chat/completions (Caused by ConnectTimeoutError(<urllib3.connection.HTTPSConnection object at 0x720b516013d0>, 'Connection to game.agaii.org timed out. (connect timeout=180)'))"))
[ReasonBench] marked_unscorable example_id=203 strategy=least_to_most error_records=375
[ReasonBench] error example_id=203 strategy=constraint_decompose error=ConnectionError(MaxRetryError("HTTPSConnectionPool(host='game.agaii.org', port=443): Max retries exceeded with url: /mllm/v1/chat/completions (Caused by NewConnectionError('<urllib3.connection.HTTPSConnection object at 0x720b51600740>: Failed to establish a new connection: [Errno 113] No route to host'))"))
[ReasonBench] marked_unscorable example_id=203 strategy=constraint_decompose error_records=376
[ReasonBench] error example_id=203 strategy=concise_cot error=ConnectTimeout(MaxRetryError("HTTPSConnectionPool(host='game.agaii.org', port=443): Max retries exceeded with url: /mllm/v1/chat/completions (Caused by ConnectTimeoutError(<urllib3.connection.HTTPSConnection object at 0x720b516015b0>, 'Connection to game.agaii.org timed out. (connect timeout=180)'))"))
[ReasonBench] marked_unscorable example_id=203 strategy=concise_cot error_records=377
[ReasonBench] error example_id=203 strategy=self_verify error=ConnectionError(MaxRetryError("HTTPSConnectionPool(host='game.agaii.org', port=443): Max retries exceeded with url: /mllm/v1/chat/completions (Caused by NewConnectionError('<urllib3.connection.HTTPSConnection object at 0x720b51603410>: Failed to establish a new connection: [Errno 113] No route to host'))"))
[ReasonBench] marked_unscorable example_id=203 strategy=self_verify error_records=378
[ReasonBench] error example_id=203 strategy=critique_refine error=ConnectionError(MaxRetryError("HTTPSConnectionPool(host='game.agaii.org', port=443): Max retries exceeded with url: /mllm/v1/chat/completions (Caused by NewConnectionError('<urllib3.connection.HTTPSConnection object at 0x720b51603680>: Failed to establish a new connection: [Errno 113] No route to host'))"))
[ReasonBench] marked_unscorable example_id=203 strategy=critique_refine error_records=379
[ReasonBench] error example_id=203 strategy=selective_self_consistency error=ConnectionError(MaxRetryError("HTTPSConnectionPool(host='game.agaii.org', port=443): Max retries exceeded with url: /mllm/v1/chat/completions (Caused by NewConnectionError('<urllib3.connection.HTTPSConnection object at 0x720b51638830>: Failed to establish a new connection: [Errno 113] No route to host'))"))
[ReasonBench] marked_unscorable example_id=203 strategy=selective_self_consistency error_records=380
[ReasonBench] error example_id=203 strategy=budgeted_cascade error=ConnectionError(MaxRetryError("HTTPSConnectionPool(host='game.agaii.org', port=443): Max retries exceeded with url: /mllm/v1/chat/completions (Caused by NewConnectionError('<urllib3.connection.HTTPSConnection object at 0x720b51639700>: Failed to establish a new connection: [Errno 113] No route to host'))"))
[ReasonBench] marked_unscorable example_id=203 strategy=budgeted_cascade error_records=381
[ReasonBench] error example_id=203 strategy=self_consistency error=ConnectionError(MaxRetryError("HTTPSConnectionPool(host='game.agaii.org', port=443): Max retries exceeded with url: /mllm/v1/chat/completions (Caused by NewConnectionError('<urllib3.connection.HTTPSConnection object at 0x720b51639340>: Failed to establish a new connection: [Errno 113] No route to host'))"))
[ReasonBench] marked_unscorable example_id=203 strategy=self_consistency error_records=382
[ReasonBench] error example_id=204 strategy=direct error=ConnectionError(MaxRetryError("HTTPSConnectionPool(host='game.agaii.org', port=443): Max retries exceeded with url: /mllm/v1/chat/completions (Caused by NewConnectionError('<urllib3.connection.HTTPSConnection object at 0x720b5163a900>: Failed to establish a new connection: [Errno 113] No route to host'))"))
[ReasonBench] marked_unscorable example_id=204 strategy=direct error_records=383
[ReasonBench] error example_id=204 strategy=concise_cot error=ConnectionError(MaxRetryError("HTTPSConnectionPool(host='game.agaii.org', port=443): Max retries exceeded with url: /mllm/v1/chat/completions (Caused by NewConnectionError('<urllib3.connection.HTTPSConnection object at 0x720b5163b590>: Failed to establish a new connection: [Errno 113] No route to host'))"))
[ReasonBench] marked_unscorable example_id=204 strategy=concise_cot error_records=384
[ReasonBench] error example_id=204 strategy=least_to_most error=ConnectionError(MaxRetryError("HTTPSConnectionPool(host='game.agaii.org', port=443): Max retries exceeded with url: /mllm/v1/chat/completions (Caused by NewConnectionError('<urllib3.connection.HTTPSConnection object at 0x720b51474140>: Failed to establish a new connection: [Errno 113] No route to host'))"))
[ReasonBench] marked_unscorable example_id=204 strategy=least_to_most error_records=385
[ReasonBench] error example_id=203 strategy=few_shot_exemplar error=ConnectTimeout(MaxRetryError("HTTPSConnectionPool(host='game.agaii.org', port=443): Max retries exceeded with url: /mllm/v1/chat/completions (Caused by ConnectTimeoutError(<urllib3.connection.HTTPSConnection object at 0x720b515528a0>, 'Connection to game.agaii.org timed out. (connect timeout=180)'))"))
[ReasonBench] marked_unscorable example_id=203 strategy=few_shot_exemplar error_records=386
[ReasonBench] error example_id=204 strategy=constraint_decompose error=ConnectionError(MaxRetryError("HTTPSConnectionPool(host='game.agaii.org', port=443): Max retries exceeded with url: /mllm/v1/chat/completions (Caused by NewConnectionError('<urllib3.connection.HTTPSConnection object at 0x720b51474fe0>: Failed to establish a new connection: [Errno 113] No route to host'))"))
[ReasonBench] marked_unscorable example_id=204 strategy=constraint_decompose error_records=387
[ReasonBench] progress total=2044/8170 (25.02%) new=2040/8166 elapsed_s=172314.2
[ReasonBench] error example_id=204 strategy=critique_refine error=ConnectionError(MaxRetryError("HTTPSConnectionPool(host='game.agaii.org', port=443): Max retries exceeded with url: /mllm/v1/chat/completions (Caused by NewConnectionError('<urllib3.connection.HTTPSConnection object at 0x720b51475be0>: Failed to establish a new connection: [Errno 113] No route to host'))"))
[ReasonBench] marked_unscorable example_id=204 strategy=critique_refine error_records=388
[ReasonBench] error example_id=204 strategy=self_verify error=ConnectionError(MaxRetryError("HTTPSConnectionPool(host='game.agaii.org', port=443): Max retries exceeded with url: /mllm/v1/chat/completions (Caused by NewConnectionError('<urllib3.connection.HTTPSConnection object at 0x720b51476b40>: Failed to establish a new connection: [Errno 113] No route to host'))"))
[ReasonBench] marked_unscorable example_id=204 strategy=self_verify error_records=389
[ReasonBench] error example_id=204 strategy=self_consistency error=ConnectionError(MaxRetryError("HTTPSConnectionPool(host='game.agaii.org', port=443): Max retries exceeded with url: /mllm/v1/chat/completions (Caused by NewConnectionError('<urllib3.connection.HTTPSConnection object at 0x720b51477170>: Failed to establish a new connection: [Errno 113] No route to host'))"))
[ReasonBench] marked_unscorable example_id=204 strategy=self_consistency error_records=390
[ReasonBench] error example_id=204 strategy=budgeted_cascade error=ConnectionError(MaxRetryError("HTTPSConnectionPool(host='game.agaii.org', port=443): Max retries exceeded with url: /mllm/v1/chat/completions (Caused by NewConnectionError('<urllib3.connection.HTTPSConnection object at 0x720b51477cb0>: Failed to establish a new connection: [Errno 113] No route to host'))"))
[ReasonBench] marked_unscorable example_id=204 strategy=budgeted_cascade error_records=391
[ReasonBench] error example_id=204 strategy=few_shot_exemplar error=ConnectionError(MaxRetryError("HTTPSConnectionPool(host='game.agaii.org', port=443): Max retries exceeded with url: /mllm/v1/chat/completions (Caused by NewConnectionError('<urllib3.connection.HTTPSConnection object at 0x720b514ac890>: Failed to establish a new connection: [Errno 113] No route to host'))"))
[ReasonBench] marked_unscorable example_id=204 strategy=few_shot_exemplar error_records=392
[ReasonBench] error example_id=205 strategy=direct error=ConnectionError(MaxRetryError("HTTPSConnectionPool(host='game.agaii.org', port=443): Max retries exceeded with url: /mllm/v1/chat/completions (Caused by NewConnectionError('<urllib3.connection.HTTPSConnection object at 0x720b514ad7c0>: Failed to establish a new connection: [Errno 113] No route to host'))"))
[ReasonBench] marked_unscorable example_id=205 strategy=direct error_records=393
[ReasonBench] error example_id=204 strategy=selective_self_consistency error=ConnectTimeout(MaxRetryError("HTTPSConnectionPool(host='game.agaii.org', port=443): Max retries exceeded with url: /mllm/v1/chat/completions (Caused by ConnectTimeoutError(<urllib3.connection.HTTPSConnection object at 0x720b514ad610>, 'Connection to game.agaii.org timed out. (connect timeout=180)'))"))
[ReasonBench] marked_unscorable example_id=204 strategy=selective_self_consistency error_records=394
[ReasonBench] error example_id=205 strategy=concise_cot error=ConnectTimeout(MaxRetryError("HTTPSConnectionPool(host='game.agaii.org', port=443): Max retries exceeded with url: /mllm/v1/chat/completions (Caused by ConnectTimeoutError(<urllib3.connection.HTTPSConnection object at 0x720b514ae990>, 'Connection to game.agaii.org timed out. (connect timeout=180)'))"))
[ReasonBench] marked_unscorable example_id=205 strategy=concise_cot error_records=395
[ReasonBench] error example_id=205 strategy=least_to_most error=ConnectTimeout(MaxRetryError("HTTPSConnectionPool(host='game.agaii.org', port=443): Max retries exceeded with url: /mllm/v1/chat/completions (Caused by ConnectTimeoutError(<urllib3.connection.HTTPSConnection object at 0x720b514aed50>, 'Connection to game.agaii.org timed out. (connect timeout=180)'))"))
[ReasonBench] marked_unscorable example_id=205 strategy=least_to_most error_records=396
[ReasonBench] error example_id=205 strategy=self_verify error=ConnectionError(MaxRetryError("HTTPSConnectionPool(host='game.agaii.org', port=443): Max retries exceeded with url: /mllm/v1/chat/completions (Caused by NewConnectionError('<urllib3.connection.HTTPSConnection object at 0x720b514afe00>: Failed to establish a new connection: [Errno 113] No route to host'))"))
[ReasonBench] marked_unscorable example_id=205 strategy=self_verify error_records=397
[ReasonBench] error example_id=205 strategy=critique_refine error=ConnectionError(MaxRetryError("HTTPSConnectionPool(host='game.agaii.org', port=443): Max retries exceeded with url: /mllm/v1/chat/completions (Caused by NewConnectionError('<urllib3.connection.HTTPSConnection object at 0x720b514f4890>: Failed to establish a new connection: [Errno 113] No route to host'))"))
[ReasonBench] marked_unscorable example_id=205 strategy=critique_refine error_records=398
[ReasonBench] error example_id=205 strategy=constraint_decompose error=RetryError(MaxRetryError("HTTPSConnectionPool(host='game.agaii.org', port=443): Max retries exceeded with url: /mllm/v1/chat/completions (Caused by ResponseError('too many 502 error responses'))"))
[ReasonBench] marked_unscorable example_id=205 strategy=constraint_decompose error_records=399
[ReasonBench] error example_id=205 strategy=selective_self_consistency error=RetryError(MaxRetryError("HTTPSConnectionPool(host='game.agaii.org', port=443): Max retries exceeded with url: /mllm/v1/chat/completions (Caused by ResponseError('too many 502 error responses'))"))
[ReasonBench] marked_unscorable example_id=205 strategy=selective_self_consistency error_records=400
[ReasonBench] error example_id=205 strategy=budgeted_cascade error=RetryError(MaxRetryError("HTTPSConnectionPool(host='game.agaii.org', port=443): Max retries exceeded with url: /mllm/v1/chat/completions (Caused by ResponseError('too many 502 error responses'))"))
[ReasonBench] marked_unscorable example_id=205 strategy=budgeted_cascade error_records=401
[ReasonBench] error example_id=205 strategy=few_shot_exemplar error=RetryError(MaxRetryError("HTTPSConnectionPool(host='game.agaii.org', port=443): Max retries exceeded with url: /mllm/v1/chat/completions (Caused by ResponseError('too many 502 error responses'))"))
[ReasonBench] marked_unscorable example_id=205 strategy=few_shot_exemplar error_records=402
[ReasonBench] error example_id=206 strategy=direct error=RetryError(MaxRetryError("HTTPSConnectionPool(host='game.agaii.org', port=443): Max retries exceeded with url: /mllm/v1/chat/completions (Caused by ResponseError('too many 502 error responses'))"))
[ReasonBench] marked_unscorable example_id=206 strategy=direct error_records=403
[ReasonBench] error example_id=206 strategy=concise_cot error=RetryError(MaxRetryError("HTTPSConnectionPool(host='game.agaii.org', port=443): Max retries exceeded with url: /mllm/v1/chat/completions (Caused by ResponseError('too many 502 error responses'))"))
[ReasonBench] marked_unscorable example_id=206 strategy=concise_cot error_records=404
[ReasonBench] error example_id=206 strategy=least_to_most error=RetryError(MaxRetryError("HTTPSConnectionPool(host='game.agaii.org', port=443): Max retries exceeded with url: /mllm/v1/chat/completions (Caused by ResponseError('too many 502 error responses'))"))
[ReasonBench] marked_unscorable example_id=206 strategy=least_to_most error_records=405
[ReasonBench] error example_id=206 strategy=constraint_decompose error=RetryError(MaxRetryError("HTTPSConnectionPool(host='game.agaii.org', port=443): Max retries exceeded with url: /mllm/v1/chat/completions (Caused by ResponseError('too many 502 error responses'))"))
[ReasonBench] marked_unscorable example_id=206 strategy=constraint_decompose error_records=406
[ReasonBench] error example_id=205 strategy=self_consistency error=RetryError(MaxRetryError("HTTPSConnectionPool(host='game.agaii.org', port=443): Max retries exceeded with url: /mllm/v1/chat/completions (Caused by ResponseError('too many 502 error responses'))"))
[ReasonBench] marked_unscorable example_id=205 strategy=self_consistency error_records=407
[ReasonBench] error example_id=206 strategy=self_verify error=RetryError(MaxRetryError("HTTPSConnectionPool(host='game.agaii.org', port=443): Max retries exceeded with url: /mllm/v1/chat/completions (Caused by ResponseError('too many 502 error responses'))"))
[ReasonBench] marked_unscorable example_id=206 strategy=self_verify error_records=408
[ReasonBench] error example_id=206 strategy=critique_refine error=RetryError(MaxRetryError("HTTPSConnectionPool(host='game.agaii.org', port=443): Max retries exceeded with url: /mllm/v1/chat/completions (Caused by ResponseError('too many 502 error responses'))"))
[ReasonBench] marked_unscorable example_id=206 strategy=critique_refine error_records=409
[ReasonBench] error example_id=206 strategy=self_consistency error=RetryError(MaxRetryError("HTTPSConnectionPool(host='game.agaii.org', port=443): Max retries exceeded with url: /mllm/v1/chat/completions (Caused by ResponseError('too many 502 error responses'))"))
[ReasonBench] marked_unscorable example_id=206 strategy=self_consistency error_records=410
[ReasonBench] error example_id=207 strategy=concise_cot error=ConnectionError(MaxRetryError('HTTPSConnectionPool(host=\'game.agaii.org\', port=443): Max retries exceeded with url: /mllm/v1/chat/completions (Caused by ReadTimeoutError("HTTPSConnectionPool(host=\'game.agaii.org\', port=443): Read timed out. (read timeout=180)"))'))
[ReasonBench] marked_unscorable example_id=207 strategy=concise_cot error_records=411
[ReasonBench] error example_id=207 strategy=least_to_most error=ConnectionError(MaxRetryError('HTTPSConnectionPool(host=\'game.agaii.org\', port=443): Max retries exceeded with url: /mllm/v1/chat/completions (Caused by ReadTimeoutError("HTTPSConnectionPool(host=\'game.agaii.org\', port=443): Read timed out. (read timeout=180)"))'))
[ReasonBench] marked_unscorable example_id=207 strategy=least_to_most error_records=412
[ReasonBench] error example_id=207 strategy=constraint_decompose error=ConnectionError(MaxRetryError('HTTPSConnectionPool(host=\'game.agaii.org\', port=443): Max retries exceeded with url: /mllm/v1/chat/completions (Caused by ReadTimeoutError("HTTPSConnectionPool(host=\'game.agaii.org\', port=443): Read timed out. (read timeout=180)"))'))
[ReasonBench] marked_unscorable example_id=207 strategy=constraint_decompose error_records=413
[ReasonBench] error example_id=207 strategy=self_verify error=ConnectionError(MaxRetryError('HTTPSConnectionPool(host=\'game.agaii.org\', port=443): Max retries exceeded with url: /mllm/v1/chat/completions (Caused by ReadTimeoutError("HTTPSConnectionPool(host=\'game.agaii.org\', port=443): Read timed out. (read timeout=180)"))'))
[ReasonBench] marked_unscorable example_id=207 strategy=self_verify error_records=414
[ReasonBench] error example_id=207 strategy=critique_refine error=ConnectionError(MaxRetryError('HTTPSConnectionPool(host=\'game.agaii.org\', port=443): Max retries exceeded with url: /mllm/v1/chat/completions (Caused by ReadTimeoutError("HTTPSConnectionPool(host=\'game.agaii.org\', port=443): Read timed out. (read timeout=180)"))'))
[ReasonBench] marked_unscorable example_id=207 strategy=critique_refine error_records=415
[ReasonBench] error example_id=207 strategy=self_consistency error=ConnectionError(MaxRetryError('HTTPSConnectionPool(host=\'game.agaii.org\', port=443): Max retries exceeded with url: /mllm/v1/chat/completions (Caused by ReadTimeoutError("HTTPSConnectionPool(host=\'game.agaii.org\', port=443): Read timed out. (read timeout=180)"))'))
[ReasonBench] marked_unscorable example_id=207 strategy=self_consistency error_records=416
[ReasonBench] error example_id=207 strategy=few_shot_exemplar error=ConnectionError(MaxRetryError('HTTPSConnectionPool(host=\'game.agaii.org\', port=443): Max retries exceeded with url: /mllm/v1/chat/completions (Caused by ReadTimeoutError("HTTPSConnectionPool(host=\'game.agaii.org\', port=443): Read timed out. (read timeout=180)"))'))
[ReasonBench] marked_unscorable example_id=207 strategy=few_shot_exemplar error_records=417
[ReasonBench] error example_id=208 strategy=direct error=ConnectionError(MaxRetryError('HTTPSConnectionPool(host=\'game.agaii.org\', port=443): Max retries exceeded with url: /mllm/v1/chat/completions (Caused by ReadTimeoutError("HTTPSConnectionPool(host=\'game.agaii.org\', port=443): Read timed out. (read timeout=180)"))'))
[ReasonBench] marked_unscorable example_id=208 strategy=direct error_records=418
[ReasonBench] error example_id=208 strategy=concise_cot error=ConnectionError(MaxRetryError('HTTPSConnectionPool(host=\'game.agaii.org\', port=443): Max retries exceeded with url: /mllm/v1/chat/completions (Caused by ReadTimeoutError("HTTPSConnectionPool(host=\'game.agaii.org\', port=443): Read timed out. (read timeout=180)"))'))
[ReasonBench] marked_unscorable example_id=208 strategy=concise_cot error_records=419
[ReasonBench] error example_id=208 strategy=least_to_most error=ConnectionError(MaxRetryError('HTTPSConnectionPool(host=\'game.agaii.org\', port=443): Max retries exceeded with url: /mllm/v1/chat/completions (Caused by ReadTimeoutError("HTTPSConnectionPool(host=\'game.agaii.org\', port=443): Read timed out. (read timeout=180)"))'))
[ReasonBench] marked_unscorable example_id=208 strategy=least_to_most error_records=420
[ReasonBench] error example_id=208 strategy=constraint_decompose error=ConnectionError(MaxRetryError('HTTPSConnectionPool(host=\'game.agaii.org\', port=443): Max retries exceeded with url: /mllm/v1/chat/completions (Caused by ReadTimeoutError("HTTPSConnectionPool(host=\'game.agaii.org\', port=443): Read timed out. (read timeout=180)"))'))
[ReasonBench] marked_unscorable example_id=208 strategy=constraint_decompose error_records=421
[ReasonBench] progress total=2084/8170 (25.51%) new=2080/8166 elapsed_s=177626.5
[ReasonBench] error example_id=208 strategy=self_verify error=ConnectionError(MaxRetryError('HTTPSConnectionPool(host=\'game.agaii.org\', port=443): Max retries exceeded with url: /mllm/v1/chat/completions (Caused by ReadTimeoutError("HTTPSConnectionPool(host=\'game.agaii.org\', port=443): Read timed out. (read timeout=180)"))'))
[ReasonBench] marked_unscorable example_id=208 strategy=self_verify error_records=422
[ReasonBench] error example_id=208 strategy=critique_refine error=ConnectionError(MaxRetryError('HTTPSConnectionPool(host=\'game.agaii.org\', port=443): Max retries exceeded with url: /mllm/v1/chat/completions (Caused by ReadTimeoutError("HTTPSConnectionPool(host=\'game.agaii.org\', port=443): Read timed out. (read timeout=180)"))'))
[ReasonBench] marked_unscorable example_id=208 strategy=critique_refine error_records=423
[ReasonBench] error example_id=208 strategy=self_consistency error=ConnectionError(MaxRetryError('HTTPSConnectionPool(host=\'game.agaii.org\', port=443): Max retries exceeded with url: /mllm/v1/chat/completions (Caused by ReadTimeoutError("HTTPSConnectionPool(host=\'game.agaii.org\', port=443): Read timed out. (read timeout=180)"))'))
[ReasonBench] marked_unscorable example_id=208 strategy=self_consistency error_records=424
[ReasonBench] error example_id=208 strategy=selective_self_consistency error=ConnectionError(MaxRetryError('HTTPSConnectionPool(host=\'game.agaii.org\', port=443): Max retries exceeded with url: /mllm/v1/chat/completions (Caused by ReadTimeoutError("HTTPSConnectionPool(host=\'game.agaii.org\', port=443): Read timed out. (read timeout=180)"))'))
[ReasonBench] marked_unscorable example_id=208 strategy=selective_self_consistency error_records=425
[ReasonBench] error example_id=208 strategy=budgeted_cascade error=ConnectionError(MaxRetryError('HTTPSConnectionPool(host=\'game.agaii.org\', port=443): Max retries exceeded with url: /mllm/v1/chat/completions (Caused by ReadTimeoutError("HTTPSConnectionPool(host=\'game.agaii.org\', port=443): Read timed out. (read timeout=180)"))'))
[ReasonBench] marked_unscorable example_id=208 strategy=budgeted_cascade error_records=426
[ReasonBench] error example_id=208 strategy=few_shot_exemplar error=ConnectionError(MaxRetryError('HTTPSConnectionPool(host=\'game.agaii.org\', port=443): Max retries exceeded with url: /mllm/v1/chat/completions (Caused by ReadTimeoutError("HTTPSConnectionPool(host=\'game.agaii.org\', port=443): Read timed out. (read timeout=180)"))'))
[ReasonBench] marked_unscorable example_id=208 strategy=few_shot_exemplar error_records=427
[ReasonBench] error example_id=209 strategy=direct error=ConnectionError(MaxRetryError('HTTPSConnectionPool(host=\'game.agaii.org\', port=443): Max retries exceeded with url: /mllm/v1/chat/completions (Caused by ReadTimeoutError("HTTPSConnectionPool(host=\'game.agaii.org\', port=443): Read timed out. (read timeout=180)"))'))
[ReasonBench] marked_unscorable example_id=209 strategy=direct error_records=428
[ReasonBench] error example_id=209 strategy=concise_cot error=ConnectionError(MaxRetryError('HTTPSConnectionPool(host=\'game.agaii.org\', port=443): Max retries exceeded with url: /mllm/v1/chat/completions (Caused by ReadTimeoutError("HTTPSConnectionPool(host=\'game.agaii.org\', port=443): Read timed out. (read timeout=180)"))'))
[ReasonBench] marked_unscorable example_id=209 strategy=concise_cot error_records=429
[ReasonBench] error example_id=209 strategy=least_to_most error=ConnectionError(MaxRetryError('HTTPSConnectionPool(host=\'game.agaii.org\', port=443): Max retries exceeded with url: /mllm/v1/chat/completions (Caused by ReadTimeoutError("HTTPSConnectionPool(host=\'game.agaii.org\', port=443): Read timed out. (read timeout=180)"))'))
[ReasonBench] marked_unscorable example_id=209 strategy=least_to_most error_records=430
[ReasonBench] error example_id=209 strategy=constraint_decompose error=ConnectionError(MaxRetryError('HTTPSConnectionPool(host=\'game.agaii.org\', port=443): Max retries exceeded with url: /mllm/v1/chat/completions (Caused by ReadTimeoutError("HTTPSConnectionPool(host=\'game.agaii.org\', port=443): Read timed out. (read timeout=180)"))'))
[ReasonBench] marked_unscorable example_id=209 strategy=constraint_decompose error_records=431
[ReasonBench] error example_id=209 strategy=self_verify error=ConnectionError(MaxRetryError('HTTPSConnectionPool(host=\'game.agaii.org\', port=443): Max retries exceeded with url: /mllm/v1/chat/completions (Caused by ReadTimeoutError("HTTPSConnectionPool(host=\'game.agaii.org\', port=443): Read timed out. (read timeout=180)"))'))
[ReasonBench] marked_unscorable example_id=209 strategy=self_verify error_records=432
[ReasonBench] error example_id=209 strategy=critique_refine error=ConnectionError(MaxRetryError('HTTPSConnectionPool(host=\'game.agaii.org\', port=443): Max retries exceeded with url: /mllm/v1/chat/completions (Caused by ReadTimeoutError("HTTPSConnectionPool(host=\'game.agaii.org\', port=443): Read timed out. (read timeout=180)"))'))
[ReasonBench] marked_unscorable example_id=209 strategy=critique_refine error_records=433
[ReasonBench] error example_id=209 strategy=self_consistency error=ConnectionError(MaxRetryError('HTTPSConnectionPool(host=\'game.agaii.org\', port=443): Max retries exceeded with url: /mllm/v1/chat/completions (Caused by ReadTimeoutError("HTTPSConnectionPool(host=\'game.agaii.org\', port=443): Read timed out. (read timeout=180)"))'))
[ReasonBench] marked_unscorable example_id=209 strategy=self_consistency error_records=434
[ReasonBench] error example_id=209 strategy=selective_self_consistency error=ConnectionError(MaxRetryError('HTTPSConnectionPool(host=\'game.agaii.org\', port=443): Max retries exceeded with url: /mllm/v1/chat/completions (Caused by ReadTimeoutError("HTTPSConnectionPool(host=\'game.agaii.org\', port=443): Read timed out. (read timeout=180)"))'))
[ReasonBench] marked_unscorable example_id=209 strategy=selective_self_consistency error_records=435
[ReasonBench] error example_id=209 strategy=budgeted_cascade error=ConnectionError(MaxRetryError('HTTPSConnectionPool(host=\'game.agaii.org\', port=443): Max retries exceeded with url: /mllm/v1/chat/completions (Caused by ReadTimeoutError("HTTPSConnectionPool(host=\'game.agaii.org\', port=443): Read timed out. (read timeout=180)"))'))
[ReasonBench] marked_unscorable example_id=209 strategy=budgeted_cascade error_records=436
[ReasonBench] error example_id=209 strategy=few_shot_exemplar error=ConnectionError(MaxRetryError('HTTPSConnectionPool(host=\'game.agaii.org\', port=443): Max retries exceeded with url: /mllm/v1/chat/completions (Caused by ReadTimeoutError("HTTPSConnectionPool(host=\'game.agaii.org\', port=443): Read timed out. (read timeout=180)"))'))
[ReasonBench] marked_unscorable example_id=209 strategy=few_shot_exemplar error_records=437
[ReasonBench] error example_id=210 strategy=concise_cot error=ConnectionError(MaxRetryError('HTTPSConnectionPool(host=\'game.agaii.org\', port=443): Max retries exceeded with url: /mllm/v1/chat/completions (Caused by ReadTimeoutError("HTTPSConnectionPool(host=\'game.agaii.org\', port=443): Read timed out. (read timeout=180)"))'))
[ReasonBench] marked_unscorable example_id=210 strategy=concise_cot error_records=438
[ReasonBench] error example_id=210 strategy=least_to_most error=ConnectionError(MaxRetryError('HTTPSConnectionPool(host=\'game.agaii.org\', port=443): Max retries exceeded with url: /mllm/v1/chat/completions (Caused by ReadTimeoutError("HTTPSConnectionPool(host=\'game.agaii.org\', port=443): Read timed out. (read timeout=180)"))'))
[ReasonBench] marked_unscorable example_id=210 strategy=least_to_most error_records=439
[ReasonBench] error example_id=210 strategy=constraint_decompose error=ConnectionError(MaxRetryError('HTTPSConnectionPool(host=\'game.agaii.org\', port=443): Max retries exceeded with url: /mllm/v1/chat/completions (Caused by ReadTimeoutError("HTTPSConnectionPool(host=\'game.agaii.org\', port=443): Read timed out. (read timeout=180)"))'))
[ReasonBench] marked_unscorable example_id=210 strategy=constraint_decompose error_records=440
[ReasonBench] error example_id=210 strategy=self_verify error=ConnectionError(MaxRetryError('HTTPSConnectionPool(host=\'game.agaii.org\', port=443): Max retries exceeded with url: /mllm/v1/chat/completions (Caused by ReadTimeoutError("HTTPSConnectionPool(host=\'game.agaii.org\', port=443): Read timed out. (read timeout=180)"))'))
[ReasonBench] marked_unscorable example_id=210 strategy=self_verify error_records=441
[ReasonBench] error example_id=210 strategy=self_consistency error=ConnectionError(MaxRetryError('HTTPSConnectionPool(host=\'game.agaii.org\', port=443): Max retries exceeded with url: /mllm/v1/chat/completions (Caused by ReadTimeoutError("HTTPSConnectionPool(host=\'game.agaii.org\', port=443): Read timed out. (read timeout=180)"))'))
[ReasonBench] marked_unscorable example_id=210 strategy=self_consistency error_records=442
[ReasonBench] error example_id=210 strategy=critique_refine error=ConnectionError(MaxRetryError('HTTPSConnectionPool(host=\'game.agaii.org\', port=443): Max retries exceeded with url: /mllm/v1/chat/completions (Caused by ReadTimeoutError("HTTPSConnectionPool(host=\'game.agaii.org\', port=443): Read timed out. (read timeout=180)"))'))
[ReasonBench] marked_unscorable example_id=210 strategy=critique_refine error_records=443
[ReasonBench] error example_id=210 strategy=selective_self_consistency error=ConnectionError(MaxRetryError('HTTPSConnectionPool(host=\'game.agaii.org\', port=443): Max retries exceeded with url: /mllm/v1/chat/completions (Caused by ReadTimeoutError("HTTPSConnectionPool(host=\'game.agaii.org\', port=443): Read timed out. (read timeout=180)"))'))
[ReasonBench] marked_unscorable example_id=210 strategy=selective_self_consistency error_records=444
[ReasonBench] error example_id=210 strategy=few_shot_exemplar error=ConnectionError(MaxRetryError('HTTPSConnectionPool(host=\'game.agaii.org\', port=443): Max retries exceeded with url: /mllm/v1/chat/completions (Caused by ReadTimeoutError("HTTPSConnectionPool(host=\'game.agaii.org\', port=443): Read timed out. (read timeout=180)"))'))
[ReasonBench] marked_unscorable example_id=210 strategy=few_shot_exemplar error_records=445
[ReasonBench] error example_id=211 strategy=direct error=ConnectionError(MaxRetryError('HTTPSConnectionPool(host=\'game.agaii.org\', port=443): Max retries exceeded with url: /mllm/v1/chat/completions (Caused by ReadTimeoutError("HTTPSConnectionPool(host=\'game.agaii.org\', port=443): Read timed out. (read timeout=180)"))'))
[ReasonBench] marked_unscorable example_id=211 strategy=direct error_records=446
[ReasonBench] error example_id=211 strategy=concise_cot error=ConnectionError(MaxRetryError('HTTPSConnectionPool(host=\'game.agaii.org\', port=443): Max retries exceeded with url: /mllm/v1/chat/completions (Caused by ReadTimeoutError("HTTPSConnectionPool(host=\'game.agaii.org\', port=443): Read timed out. (read timeout=180)"))'))
[ReasonBench] marked_unscorable example_id=211 strategy=concise_cot error_records=447
[ReasonBench] error example_id=211 strategy=least_to_most error=ConnectionError(MaxRetryError('HTTPSConnectionPool(host=\'game.agaii.org\', port=443): Max retries exceeded with url: /mllm/v1/chat/completions (Caused by ReadTimeoutError("HTTPSConnectionPool(host=\'game.agaii.org\', port=443): Read timed out. (read timeout=180)"))'))
[ReasonBench] marked_unscorable example_id=211 strategy=least_to_most error_records=448
[ReasonBench] error example_id=211 strategy=constraint_decompose error=ConnectionError(MaxRetryError('HTTPSConnectionPool(host=\'game.agaii.org\', port=443): Max retries exceeded with url: /mllm/v1/chat/completions (Caused by ReadTimeoutError("HTTPSConnectionPool(host=\'game.agaii.org\', port=443): Read timed out. (read timeout=180)"))'))
[ReasonBench] marked_unscorable example_id=211 strategy=constraint_decompose error_records=449
[ReasonBench] error example_id=211 strategy=self_verify error=ConnectionError(MaxRetryError('HTTPSConnectionPool(host=\'game.agaii.org\', port=443): Max retries exceeded with url: /mllm/v1/chat/completions (Caused by ReadTimeoutError("HTTPSConnectionPool(host=\'game.agaii.org\', port=443): Read timed out. (read timeout=180)"))'))
[ReasonBench] marked_unscorable example_id=211 strategy=self_verify error_records=450
[ReasonBench] error example_id=211 strategy=critique_refine error=ConnectionError(MaxRetryError('HTTPSConnectionPool(host=\'game.agaii.org\', port=443): Max retries exceeded with url: /mllm/v1/chat/completions (Caused by ReadTimeoutError("HTTPSConnectionPool(host=\'game.agaii.org\', port=443): Read timed out. (read timeout=180)"))'))
[ReasonBench] marked_unscorable example_id=211 strategy=critique_refine error_records=451
[ReasonBench] error example_id=211 strategy=self_consistency error=ConnectionError(MaxRetryError('HTTPSConnectionPool(host=\'game.agaii.org\', port=443): Max retries exceeded with url: /mllm/v1/chat/completions (Caused by ReadTimeoutError("HTTPSConnectionPool(host=\'game.agaii.org\', port=443): Read timed out. (read timeout=180)"))'))
[ReasonBench] marked_unscorable example_id=211 strategy=self_consistency error_records=452
[ReasonBench] error example_id=211 strategy=selective_self_consistency error=ConnectionError(MaxRetryError('HTTPSConnectionPool(host=\'game.agaii.org\', port=443): Max retries exceeded with url: /mllm/v1/chat/completions (Caused by ReadTimeoutError("HTTPSConnectionPool(host=\'game.agaii.org\', port=443): Read timed out. (read timeout=180)"))'))
[ReasonBench] marked_unscorable example_id=211 strategy=selective_self_consistency error_records=453
[ReasonBench] error example_id=211 strategy=budgeted_cascade error=ConnectionError(MaxRetryError('HTTPSConnectionPool(host=\'game.agaii.org\', port=443): Max retries exceeded with url: /mllm/v1/chat/completions (Caused by ReadTimeoutError("HTTPSConnectionPool(host=\'game.agaii.org\', port=443): Read timed out. (read timeout=180)"))'))
[ReasonBench] marked_unscorable example_id=211 strategy=budgeted_cascade error_records=454
[ReasonBench] error example_id=211 strategy=few_shot_exemplar error=ConnectionError(MaxRetryError('HTTPSConnectionPool(host=\'game.agaii.org\', port=443): Max retries exceeded with url: /mllm/v1/chat/completions (Caused by ReadTimeoutError("HTTPSConnectionPool(host=\'game.agaii.org\', port=443): Read timed out. (read timeout=180)"))'))
[ReasonBench] marked_unscorable example_id=211 strategy=few_shot_exemplar error_records=455
[ReasonBench] error example_id=212 strategy=direct error=ConnectionError(MaxRetryError('HTTPSConnectionPool(host=\'game.agaii.org\', port=443): Max retries exceeded with url: /mllm/v1/chat/completions (Caused by ReadTimeoutError("HTTPSConnectionPool(host=\'game.agaii.org\', port=443): Read timed out. (read timeout=180)"))'))
[ReasonBench] marked_unscorable example_id=212 strategy=direct error_records=456
[ReasonBench] error example_id=212 strategy=concise_cot error=ConnectionError(MaxRetryError('HTTPSConnectionPool(host=\'game.agaii.org\', port=443): Max retries exceeded with url: /mllm/v1/chat/completions (Caused by ReadTimeoutError("HTTPSConnectionPool(host=\'game.agaii.org\', port=443): Read timed out. (read timeout=180)"))'))
[ReasonBench] marked_unscorable example_id=212 strategy=concise_cot error_records=457
[ReasonBench] error example_id=212 strategy=least_to_most error=ConnectionError(MaxRetryError('HTTPSConnectionPool(host=\'game.agaii.org\', port=443): Max retries exceeded with url: /mllm/v1/chat/completions (Caused by ReadTimeoutError("HTTPSConnectionPool(host=\'game.agaii.org\', port=443): Read timed out. (read timeout=180)"))'))
[ReasonBench] marked_unscorable example_id=212 strategy=least_to_most error_records=458
[ReasonBench] error example_id=212 strategy=constraint_decompose error=ConnectionError(MaxRetryError('HTTPSConnectionPool(host=\'game.agaii.org\', port=443): Max retries exceeded with url: /mllm/v1/chat/completions (Caused by ReadTimeoutError("HTTPSConnectionPool(host=\'game.agaii.org\', port=443): Read timed out. (read timeout=180)"))'))
[ReasonBench] marked_unscorable example_id=212 strategy=constraint_decompose error_records=459
[ReasonBench] progress total=2124/8170 (26.00%) new=2120/8166 elapsed_s=191441.3
[ReasonBench] error example_id=212 strategy=self_verify error=ConnectionError(MaxRetryError('HTTPSConnectionPool(host=\'game.agaii.org\', port=443): Max retries exceeded with url: /mllm/v1/chat/completions (Caused by ReadTimeoutError("HTTPSConnectionPool(host=\'game.agaii.org\', port=443): Read timed out. (read timeout=180)"))'))
[ReasonBench] marked_unscorable example_id=212 strategy=self_verify error_records=460
[ReasonBench] error example_id=212 strategy=critique_refine error=ConnectionError(MaxRetryError('HTTPSConnectionPool(host=\'game.agaii.org\', port=443): Max retries exceeded with url: /mllm/v1/chat/completions (Caused by ReadTimeoutError("HTTPSConnectionPool(host=\'game.agaii.org\', port=443): Read timed out. (read timeout=180)"))'))
[ReasonBench] marked_unscorable example_id=212 strategy=critique_refine error_records=461
[ReasonBench] error example_id=212 strategy=self_consistency error=ConnectionError(MaxRetryError('HTTPSConnectionPool(host=\'game.agaii.org\', port=443): Max retries exceeded with url: /mllm/v1/chat/completions (Caused by ReadTimeoutError("HTTPSConnectionPool(host=\'game.agaii.org\', port=443): Read timed out. (read timeout=180)"))'))
[ReasonBench] marked_unscorable example_id=212 strategy=self_consistency error_records=462
[ReasonBench] error example_id=212 strategy=selective_self_consistency error=ConnectionError(MaxRetryError('HTTPSConnectionPool(host=\'game.agaii.org\', port=443): Max retries exceeded with url: /mllm/v1/chat/completions (Caused by ReadTimeoutError("HTTPSConnectionPool(host=\'game.agaii.org\', port=443): Read timed out. (read timeout=180)"))'))
[ReasonBench] marked_unscorable example_id=212 strategy=selective_self_consistency error_records=463
[ReasonBench] error example_id=212 strategy=budgeted_cascade error=ConnectionError(MaxRetryError('HTTPSConnectionPool(host=\'game.agaii.org\', port=443): Max retries exceeded with url: /mllm/v1/chat/completions (Caused by ReadTimeoutError("HTTPSConnectionPool(host=\'game.agaii.org\', port=443): Read timed out. (read timeout=180)"))'))
[ReasonBench] marked_unscorable example_id=212 strategy=budgeted_cascade error_records=464
[ReasonBench] error example_id=213 strategy=direct error=ConnectionError(MaxRetryError('HTTPSConnectionPool(host=\'game.agaii.org\', port=443): Max retries exceeded with url: /mllm/v1/chat/completions (Caused by ReadTimeoutError("HTTPSConnectionPool(host=\'game.agaii.org\', port=443): Read timed out. (read timeout=180)"))'))
[ReasonBench] marked_unscorable example_id=213 strategy=direct error_records=465
[ReasonBench] error example_id=213 strategy=concise_cot error=ConnectionError(MaxRetryError('HTTPSConnectionPool(host=\'game.agaii.org\', port=443): Max retries exceeded with url: /mllm/v1/chat/completions (Caused by ReadTimeoutError("HTTPSConnectionPool(host=\'game.agaii.org\', port=443): Read timed out. (read timeout=180)"))'))
[ReasonBench] marked_unscorable example_id=213 strategy=concise_cot error_records=466
[ReasonBench] error example_id=213 strategy=least_to_most error=ConnectionError(MaxRetryError('HTTPSConnectionPool(host=\'game.agaii.org\', port=443): Max retries exceeded with url: /mllm/v1/chat/completions (Caused by ReadTimeoutError("HTTPSConnectionPool(host=\'game.agaii.org\', port=443): Read timed out. (read timeout=180)"))'))
[ReasonBench] marked_unscorable example_id=213 strategy=least_to_most error_records=467
[ReasonBench] error example_id=213 strategy=constraint_decompose error=ConnectionError(MaxRetryError('HTTPSConnectionPool(host=\'game.agaii.org\', port=443): Max retries exceeded with url: /mllm/v1/chat/completions (Caused by ReadTimeoutError("HTTPSConnectionPool(host=\'game.agaii.org\', port=443): Read timed out. (read timeout=180)"))'))
[ReasonBench] marked_unscorable example_id=213 strategy=constraint_decompose error_records=468
[ReasonBench] error example_id=213 strategy=self_verify error=ConnectionError(MaxRetryError('HTTPSConnectionPool(host=\'game.agaii.org\', port=443): Max retries exceeded with url: /mllm/v1/chat/completions (Caused by ReadTimeoutError("HTTPSConnectionPool(host=\'game.agaii.org\', port=443): Read timed out. (read timeout=180)"))'))
[ReasonBench] marked_unscorable example_id=213 strategy=self_verify error_records=469
[ReasonBench] error example_id=213 strategy=critique_refine error=ConnectionError(MaxRetryError('HTTPSConnectionPool(host=\'game.agaii.org\', port=443): Max retries exceeded with url: /mllm/v1/chat/completions (Caused by ReadTimeoutError("HTTPSConnectionPool(host=\'game.agaii.org\', port=443): Read timed out. (read timeout=180)"))'))
[ReasonBench] marked_unscorable example_id=213 strategy=critique_refine error_records=470
[ReasonBench] error example_id=213 strategy=self_consistency error=ConnectionError(MaxRetryError('HTTPSConnectionPool(host=\'game.agaii.org\', port=443): Max retries exceeded with url: /mllm/v1/chat/completions (Caused by ReadTimeoutError("HTTPSConnectionPool(host=\'game.agaii.org\', port=443): Read timed out. (read timeout=180)"))'))
[ReasonBench] marked_unscorable example_id=213 strategy=self_consistency error_records=471
[ReasonBench] error example_id=213 strategy=selective_self_consistency error=ConnectionError(MaxRetryError('HTTPSConnectionPool(host=\'game.agaii.org\', port=443): Max retries exceeded with url: /mllm/v1/chat/completions (Caused by ReadTimeoutError("HTTPSConnectionPool(host=\'game.agaii.org\', port=443): Read timed out. (read timeout=180)"))'))
[ReasonBench] marked_unscorable example_id=213 strategy=selective_self_consistency error_records=472
[ReasonBench] error example_id=213 strategy=budgeted_cascade error=ConnectionError(MaxRetryError('HTTPSConnectionPool(host=\'game.agaii.org\', port=443): Max retries exceeded with url: /mllm/v1/chat/completions (Caused by ReadTimeoutError("HTTPSConnectionPool(host=\'game.agaii.org\', port=443): Read timed out. (read timeout=180)"))'))
[ReasonBench] marked_unscorable example_id=213 strategy=budgeted_cascade error_records=473
[ReasonBench] error example_id=214 strategy=direct error=ConnectionError(MaxRetryError('HTTPSConnectionPool(host=\'game.agaii.org\', port=443): Max retries exceeded with url: /mllm/v1/chat/completions (Caused by ReadTimeoutError("HTTPSConnectionPool(host=\'game.agaii.org\', port=443): Read timed out. (read timeout=180)"))'))
[ReasonBench] marked_unscorable example_id=214 strategy=direct error_records=474
[ReasonBench] error example_id=214 strategy=concise_cot error=ConnectionError(MaxRetryError('HTTPSConnectionPool(host=\'game.agaii.org\', port=443): Max retries exceeded with url: /mllm/v1/chat/completions (Caused by ReadTimeoutError("HTTPSConnectionPool(host=\'game.agaii.org\', port=443): Read timed out. (read timeout=180)"))'))
[ReasonBench] marked_unscorable example_id=214 strategy=concise_cot error_records=475
[ReasonBench] error example_id=214 strategy=least_to_most error=ConnectionError(MaxRetryError('HTTPSConnectionPool(host=\'game.agaii.org\', port=443): Max retries exceeded with url: /mllm/v1/chat/completions (Caused by ReadTimeoutError("HTTPSConnectionPool(host=\'game.agaii.org\', port=443): Read timed out. (read timeout=180)"))'))
[ReasonBench] marked_unscorable example_id=214 strategy=least_to_most error_records=476
[ReasonBench] error example_id=214 strategy=constraint_decompose error=ConnectionError(MaxRetryError('HTTPSConnectionPool(host=\'game.agaii.org\', port=443): Max retries exceeded with url: /mllm/v1/chat/completions (Caused by ReadTimeoutError("HTTPSConnectionPool(host=\'game.agaii.org\', port=443): Read timed out. (read timeout=180)"))'))
[ReasonBench] marked_unscorable example_id=214 strategy=constraint_decompose error_records=477
[ReasonBench] error example_id=214 strategy=self_verify error=ConnectionError(MaxRetryError('HTTPSConnectionPool(host=\'game.agaii.org\', port=443): Max retries exceeded with url: /mllm/v1/chat/completions (Caused by ReadTimeoutError("HTTPSConnectionPool(host=\'game.agaii.org\', port=443): Read timed out. (read timeout=180)"))'))
[ReasonBench] marked_unscorable example_id=214 strategy=self_verify error_records=478
[ReasonBench] error example_id=214 strategy=critique_refine error=ConnectionError(MaxRetryError('HTTPSConnectionPool(host=\'game.agaii.org\', port=443): Max retries exceeded with url: /mllm/v1/chat/completions (Caused by ReadTimeoutError("HTTPSConnectionPool(host=\'game.agaii.org\', port=443): Read timed out. (read timeout=180)"))'))
[ReasonBench] marked_unscorable example_id=214 strategy=critique_refine error_records=479
[ReasonBench] error example_id=214 strategy=self_consistency error=ConnectionError(MaxRetryError('HTTPSConnectionPool(host=\'game.agaii.org\', port=443): Max retries exceeded with url: /mllm/v1/chat/completions (Caused by ReadTimeoutError("HTTPSConnectionPool(host=\'game.agaii.org\', port=443): Read timed out. (read timeout=180)"))'))
[ReasonBench] marked_unscorable example_id=214 strategy=self_consistency error_records=480
[ReasonBench] error example_id=214 strategy=selective_self_consistency error=ConnectionError(MaxRetryError('HTTPSConnectionPool(host=\'game.agaii.org\', port=443): Max retries exceeded with url: /mllm/v1/chat/completions (Caused by ReadTimeoutError("HTTPSConnectionPool(host=\'game.agaii.org\', port=443): Read timed out. (read timeout=180)"))'))
[ReasonBench] marked_unscorable example_id=214 strategy=selective_self_consistency error_records=481
[ReasonBench] error example_id=214 strategy=budgeted_cascade error=ConnectionError(MaxRetryError('HTTPSConnectionPool(host=\'game.agaii.org\', port=443): Max retries exceeded with url: /mllm/v1/chat/completions (Caused by ReadTimeoutError("HTTPSConnectionPool(host=\'game.agaii.org\', port=443): Read timed out. (read timeout=180)"))'))
[ReasonBench] marked_unscorable example_id=214 strategy=budgeted_cascade error_records=482
[ReasonBench] error example_id=214 strategy=few_shot_exemplar error=ConnectionError(MaxRetryError('HTTPSConnectionPool(host=\'game.agaii.org\', port=443): Max retries exceeded with url: /mllm/v1/chat/completions (Caused by ReadTimeoutError("HTTPSConnectionPool(host=\'game.agaii.org\', port=443): Read timed out. (read timeout=180)"))'))
[ReasonBench] marked_unscorable example_id=214 strategy=few_shot_exemplar error_records=483
[ReasonBench] error example_id=215 strategy=direct error=ConnectionError(MaxRetryError('HTTPSConnectionPool(host=\'game.agaii.org\', port=443): Max retries exceeded with url: /mllm/v1/chat/completions (Caused by ReadTimeoutError("HTTPSConnectionPool(host=\'game.agaii.org\', port=443): Read timed out. (read timeout=180)"))'))
[ReasonBench] marked_unscorable example_id=215 strategy=direct error_records=484
[ReasonBench] error example_id=215 strategy=concise_cot error=ConnectionError(MaxRetryError('HTTPSConnectionPool(host=\'game.agaii.org\', port=443): Max retries exceeded with url: /mllm/v1/chat/completions (Caused by ReadTimeoutError("HTTPSConnectionPool(host=\'game.agaii.org\', port=443): Read timed out. (read timeout=180)"))'))
[ReasonBench] marked_unscorable example_id=215 strategy=concise_cot error_records=485
[ReasonBench] error example_id=215 strategy=least_to_most error=ConnectionError(MaxRetryError('HTTPSConnectionPool(host=\'game.agaii.org\', port=443): Max retries exceeded with url: /mllm/v1/chat/completions (Caused by ReadTimeoutError("HTTPSConnectionPool(host=\'game.agaii.org\', port=443): Read timed out. (read timeout=180)"))'))
[ReasonBench] marked_unscorable example_id=215 strategy=least_to_most error_records=486
[ReasonBench] error example_id=215 strategy=constraint_decompose error=ConnectionError(MaxRetryError('HTTPSConnectionPool(host=\'game.agaii.org\', port=443): Max retries exceeded with url: /mllm/v1/chat/completions (Caused by ReadTimeoutError("HTTPSConnectionPool(host=\'game.agaii.org\', port=443): Read timed out. (read timeout=180)"))'))
[ReasonBench] marked_unscorable example_id=215 strategy=constraint_decompose error_records=487
[ReasonBench] error example_id=215 strategy=self_verify error=ConnectionError(MaxRetryError('HTTPSConnectionPool(host=\'game.agaii.org\', port=443): Max retries exceeded with url: /mllm/v1/chat/completions (Caused by ReadTimeoutError("HTTPSConnectionPool(host=\'game.agaii.org\', port=443): Read timed out. (read timeout=180)"))'))
[ReasonBench] marked_unscorable example_id=215 strategy=self_verify error_records=488
[ReasonBench] error example_id=215 strategy=critique_refine error=ConnectionError(MaxRetryError('HTTPSConnectionPool(host=\'game.agaii.org\', port=443): Max retries exceeded with url: /mllm/v1/chat/completions (Caused by ReadTimeoutError("HTTPSConnectionPool(host=\'game.agaii.org\', port=443): Read timed out. (read timeout=180)"))'))
[ReasonBench] marked_unscorable example_id=215 strategy=critique_refine error_records=489
[ReasonBench] error example_id=215 strategy=self_consistency error=ConnectionError(MaxRetryError('HTTPSConnectionPool(host=\'game.agaii.org\', port=443): Max retries exceeded with url: /mllm/v1/chat/completions (Caused by ReadTimeoutError("HTTPSConnectionPool(host=\'game.agaii.org\', port=443): Read timed out. (read timeout=180)"))'))
[ReasonBench] marked_unscorable example_id=215 strategy=self_consistency error_records=490
[ReasonBench] error example_id=215 strategy=selective_self_consistency error=ConnectionError(MaxRetryError('HTTPSConnectionPool(host=\'game.agaii.org\', port=443): Max retries exceeded with url: /mllm/v1/chat/completions (Caused by ReadTimeoutError("HTTPSConnectionPool(host=\'game.agaii.org\', port=443): Read timed out. (read timeout=180)"))'))
[ReasonBench] marked_unscorable example_id=215 strategy=selective_self_consistency error_records=491
[ReasonBench] error example_id=215 strategy=budgeted_cascade error=ConnectionError(MaxRetryError('HTTPSConnectionPool(host=\'game.agaii.org\', port=443): Max retries exceeded with url: /mllm/v1/chat/completions (Caused by ReadTimeoutError("HTTPSConnectionPool(host=\'game.agaii.org\', port=443): Read timed out. (read timeout=180)"))'))
[ReasonBench] marked_unscorable example_id=215 strategy=budgeted_cascade error_records=492
[ReasonBench] error example_id=215 strategy=few_shot_exemplar error=ConnectionError(MaxRetryError('HTTPSConnectionPool(host=\'game.agaii.org\', port=443): Max retries exceeded with url: /mllm/v1/chat/completions (Caused by ReadTimeoutError("HTTPSConnectionPool(host=\'game.agaii.org\', port=443): Read timed out. (read timeout=180)"))'))
[ReasonBench] marked_unscorable example_id=215 strategy=few_shot_exemplar error_records=493
[ReasonBench] error example_id=216 strategy=direct error=ConnectionError(MaxRetryError('HTTPSConnectionPool(host=\'game.agaii.org\', port=443): Max retries exceeded with url: /mllm/v1/chat/completions (Caused by ReadTimeoutError("HTTPSConnectionPool(host=\'game.agaii.org\', port=443): Read timed out. (read timeout=180)"))'))
[ReasonBench] marked_unscorable example_id=216 strategy=direct error_records=494
[ReasonBench] error example_id=216 strategy=concise_cot error=ConnectionError(MaxRetryError('HTTPSConnectionPool(host=\'game.agaii.org\', port=443): Max retries exceeded with url: /mllm/v1/chat/completions (Caused by ReadTimeoutError("HTTPSConnectionPool(host=\'game.agaii.org\', port=443): Read timed out. (read timeout=180)"))'))
[ReasonBench] marked_unscorable example_id=216 strategy=concise_cot error_records=495
[ReasonBench] error example_id=216 strategy=least_to_most error=ConnectionError(MaxRetryError('HTTPSConnectionPool(host=\'game.agaii.org\', port=443): Max retries exceeded with url: /mllm/v1/chat/completions (Caused by ReadTimeoutError("HTTPSConnectionPool(host=\'game.agaii.org\', port=443): Read timed out. (read timeout=180)"))'))
[ReasonBench] marked_unscorable example_id=216 strategy=least_to_most error_records=496
[ReasonBench] error example_id=216 strategy=constraint_decompose error=ConnectionError(MaxRetryError('HTTPSConnectionPool(host=\'game.agaii.org\', port=443): Max retries exceeded with url: /mllm/v1/chat/completions (Caused by ReadTimeoutError("HTTPSConnectionPool(host=\'game.agaii.org\', port=443): Read timed out. (read timeout=180)"))'))
[ReasonBench] marked_unscorable example_id=216 strategy=constraint_decompose error_records=497
[ReasonBench] progress total=2164/8170 (26.49%) new=2160/8166 elapsed_s=205395.5
[ReasonBench] error example_id=216 strategy=self_verify error=ConnectionError(MaxRetryError('HTTPSConnectionPool(host=\'game.agaii.org\', port=443): Max retries exceeded with url: /mllm/v1/chat/completions (Caused by ReadTimeoutError("HTTPSConnectionPool(host=\'game.agaii.org\', port=443): Read timed out. (read timeout=180)"))'))
[ReasonBench] marked_unscorable example_id=216 strategy=self_verify error_records=498
[ReasonBench] error example_id=216 strategy=critique_refine error=ConnectionError(MaxRetryError('HTTPSConnectionPool(host=\'game.agaii.org\', port=443): Max retries exceeded with url: /mllm/v1/chat/completions (Caused by ReadTimeoutError("HTTPSConnectionPool(host=\'game.agaii.org\', port=443): Read timed out. (read timeout=180)"))'))
[ReasonBench] marked_unscorable example_id=216 strategy=critique_refine error_records=499
[ReasonBench] error example_id=216 strategy=self_consistency error=ConnectionError(MaxRetryError('HTTPSConnectionPool(host=\'game.agaii.org\', port=443): Max retries exceeded with url: /mllm/v1/chat/completions (Caused by ReadTimeoutError("HTTPSConnectionPool(host=\'game.agaii.org\', port=443): Read timed out. (read timeout=180)"))'))
[ReasonBench] marked_unscorable example_id=216 strategy=self_consistency error_records=500
[ReasonBench] error example_id=216 strategy=few_shot_exemplar error=ConnectionError(MaxRetryError('HTTPSConnectionPool(host=\'game.agaii.org\', port=443): Max retries exceeded with url: /mllm/v1/chat/completions (Caused by ReadTimeoutError("HTTPSConnectionPool(host=\'game.agaii.org\', port=443): Read timed out. (read timeout=180)"))'))
[ReasonBench] marked_unscorable example_id=216 strategy=few_shot_exemplar error_records=501
[ReasonBench] error example_id=217 strategy=direct error=ConnectionError(MaxRetryError('HTTPSConnectionPool(host=\'game.agaii.org\', port=443): Max retries exceeded with url: /mllm/v1/chat/completions (Caused by ReadTimeoutError("HTTPSConnectionPool(host=\'game.agaii.org\', port=443): Read timed out. (read timeout=180)"))'))
[ReasonBench] marked_unscorable example_id=217 strategy=direct error_records=502
[ReasonBench] error example_id=217 strategy=concise_cot error=ConnectionError(MaxRetryError('HTTPSConnectionPool(host=\'game.agaii.org\', port=443): Max retries exceeded with url: /mllm/v1/chat/completions (Caused by ReadTimeoutError("HTTPSConnectionPool(host=\'game.agaii.org\', port=443): Read timed out. (read timeout=180)"))'))
[ReasonBench] marked_unscorable example_id=217 strategy=concise_cot error_records=503
[ReasonBench] error example_id=217 strategy=least_to_most error=ConnectionError(MaxRetryError('HTTPSConnectionPool(host=\'game.agaii.org\', port=443): Max retries exceeded with url: /mllm/v1/chat/completions (Caused by ReadTimeoutError("HTTPSConnectionPool(host=\'game.agaii.org\', port=443): Read timed out. (read timeout=180)"))'))
[ReasonBench] marked_unscorable example_id=217 strategy=least_to_most error_records=504
[ReasonBench] error example_id=217 strategy=constraint_decompose error=ConnectionError(MaxRetryError('HTTPSConnectionPool(host=\'game.agaii.org\', port=443): Max retries exceeded with url: /mllm/v1/chat/completions (Caused by ReadTimeoutError("HTTPSConnectionPool(host=\'game.agaii.org\', port=443): Read timed out. (read timeout=180)"))'))
[ReasonBench] marked_unscorable example_id=217 strategy=constraint_decompose error_records=505
[ReasonBench] error example_id=217 strategy=self_verify error=ConnectionError(MaxRetryError('HTTPSConnectionPool(host=\'game.agaii.org\', port=443): Max retries exceeded with url: /mllm/v1/chat/completions (Caused by ReadTimeoutError("HTTPSConnectionPool(host=\'game.agaii.org\', port=443): Read timed out. (read timeout=180)"))'))
[ReasonBench] marked_unscorable example_id=217 strategy=self_verify error_records=506
[ReasonBench] error example_id=217 strategy=critique_refine error=ConnectionError(MaxRetryError('HTTPSConnectionPool(host=\'game.agaii.org\', port=443): Max retries exceeded with url: /mllm/v1/chat/completions (Caused by ReadTimeoutError("HTTPSConnectionPool(host=\'game.agaii.org\', port=443): Read timed out. (read timeout=180)"))'))
[ReasonBench] marked_unscorable example_id=217 strategy=critique_refine error_records=507
[ReasonBench] error example_id=217 strategy=self_consistency error=ConnectionError(MaxRetryError('HTTPSConnectionPool(host=\'game.agaii.org\', port=443): Max retries exceeded with url: /mllm/v1/chat/completions (Caused by ReadTimeoutError("HTTPSConnectionPool(host=\'game.agaii.org\', port=443): Read timed out. (read timeout=180)"))'))
[ReasonBench] marked_unscorable example_id=217 strategy=self_consistency error_records=508
[ReasonBench] error example_id=217 strategy=selective_self_consistency error=ConnectionError(MaxRetryError('HTTPSConnectionPool(host=\'game.agaii.org\', port=443): Max retries exceeded with url: /mllm/v1/chat/completions (Caused by ReadTimeoutError("HTTPSConnectionPool(host=\'game.agaii.org\', port=443): Read timed out. (read timeout=180)"))'))
[ReasonBench] marked_unscorable example_id=217 strategy=selective_self_consistency error_records=509
[ReasonBench] error example_id=217 strategy=budgeted_cascade error=ConnectionError(MaxRetryError('HTTPSConnectionPool(host=\'game.agaii.org\', port=443): Max retries exceeded with url: /mllm/v1/chat/completions (Caused by ReadTimeoutError("HTTPSConnectionPool(host=\'game.agaii.org\', port=443): Read timed out. (read timeout=180)"))'))
[ReasonBench] marked_unscorable example_id=217 strategy=budgeted_cascade error_records=510
[ReasonBench] error example_id=217 strategy=few_shot_exemplar error=ConnectionError(MaxRetryError('HTTPSConnectionPool(host=\'game.agaii.org\', port=443): Max retries exceeded with url: /mllm/v1/chat/completions (Caused by ReadTimeoutError("HTTPSConnectionPool(host=\'game.agaii.org\', port=443): Read timed out. (read timeout=180)"))'))
[ReasonBench] marked_unscorable example_id=217 strategy=few_shot_exemplar error_records=511
[ReasonBench] error example_id=218 strategy=direct error=ConnectionError(MaxRetryError('HTTPSConnectionPool(host=\'game.agaii.org\', port=443): Max retries exceeded with url: /mllm/v1/chat/completions (Caused by ReadTimeoutError("HTTPSConnectionPool(host=\'game.agaii.org\', port=443): Read timed out. (read timeout=180)"))'))
[ReasonBench] marked_unscorable example_id=218 strategy=direct error_records=512
[ReasonBench] error example_id=218 strategy=least_to_most error=ConnectionError(MaxRetryError('HTTPSConnectionPool(host=\'game.agaii.org\', port=443): Max retries exceeded with url: /mllm/v1/chat/completions (Caused by ReadTimeoutError("HTTPSConnectionPool(host=\'game.agaii.org\', port=443): Read timed out. (read timeout=180)"))'))
[ReasonBench] marked_unscorable example_id=218 strategy=least_to_most error_records=513
[ReasonBench] error example_id=218 strategy=constraint_decompose error=ConnectionError(MaxRetryError('HTTPSConnectionPool(host=\'game.agaii.org\', port=443): Max retries exceeded with url: /mllm/v1/chat/completions (Caused by ReadTimeoutError("HTTPSConnectionPool(host=\'game.agaii.org\', port=443): Read timed out. (read timeout=180)"))'))
[ReasonBench] marked_unscorable example_id=218 strategy=constraint_decompose error_records=514
[ReasonBench] error example_id=218 strategy=self_verify error=ConnectionError(MaxRetryError('HTTPSConnectionPool(host=\'game.agaii.org\', port=443): Max retries exceeded with url: /mllm/v1/chat/completions (Caused by ReadTimeoutError("HTTPSConnectionPool(host=\'game.agaii.org\', port=443): Read timed out. (read timeout=180)"))'))
[ReasonBench] marked_unscorable example_id=218 strategy=self_verify error_records=515
[ReasonBench] error example_id=218 strategy=self_consistency error=ConnectionError(MaxRetryError('HTTPSConnectionPool(host=\'game.agaii.org\', port=443): Max retries exceeded with url: /mllm/v1/chat/completions (Caused by ReadTimeoutError("HTTPSConnectionPool(host=\'game.agaii.org\', port=443): Read timed out. (read timeout=180)"))'))
[ReasonBench] marked_unscorable example_id=218 strategy=self_consistency error_records=516
[ReasonBench] error example_id=218 strategy=selective_self_consistency error=ConnectionError(MaxRetryError('HTTPSConnectionPool(host=\'game.agaii.org\', port=443): Max retries exceeded with url: /mllm/v1/chat/completions (Caused by ReadTimeoutError("HTTPSConnectionPool(host=\'game.agaii.org\', port=443): Read timed out. (read timeout=180)"))'))
[ReasonBench] marked_unscorable example_id=218 strategy=selective_self_consistency error_records=517
[ReasonBench] error example_id=218 strategy=critique_refine error=ConnectionError(MaxRetryError('HTTPSConnectionPool(host=\'game.agaii.org\', port=443): Max retries exceeded with url: /mllm/v1/chat/completions (Caused by ReadTimeoutError("HTTPSConnectionPool(host=\'game.agaii.org\', port=443): Read timed out. (read timeout=180)"))'))
[ReasonBench] marked_unscorable example_id=218 strategy=critique_refine error_records=518
[ReasonBench] error example_id=218 strategy=budgeted_cascade error=ConnectionError(MaxRetryError('HTTPSConnectionPool(host=\'game.agaii.org\', port=443): Max retries exceeded with url: /mllm/v1/chat/completions (Caused by ReadTimeoutError("HTTPSConnectionPool(host=\'game.agaii.org\', port=443): Read timed out. (read timeout=180)"))'))
[ReasonBench] marked_unscorable example_id=218 strategy=budgeted_cascade error_records=519
[ReasonBench] error example_id=218 strategy=few_shot_exemplar error=ConnectionError(MaxRetryError('HTTPSConnectionPool(host=\'game.agaii.org\', port=443): Max retries exceeded with url: /mllm/v1/chat/completions (Caused by ReadTimeoutError("HTTPSConnectionPool(host=\'game.agaii.org\', port=443): Read timed out. (read timeout=180)"))'))
[ReasonBench] marked_unscorable example_id=218 strategy=few_shot_exemplar error_records=520
[ReasonBench] error example_id=219 strategy=direct error=ConnectionError(MaxRetryError('HTTPSConnectionPool(host=\'game.agaii.org\', port=443): Max retries exceeded with url: /mllm/v1/chat/completions (Caused by ReadTimeoutError("HTTPSConnectionPool(host=\'game.agaii.org\', port=443): Read timed out. (read timeout=180)"))'))
[ReasonBench] marked_unscorable example_id=219 strategy=direct error_records=521
[ReasonBench] error example_id=219 strategy=concise_cot error=ConnectionError(MaxRetryError('HTTPSConnectionPool(host=\'game.agaii.org\', port=443): Max retries exceeded with url: /mllm/v1/chat/completions (Caused by ReadTimeoutError("HTTPSConnectionPool(host=\'game.agaii.org\', port=443): Read timed out. (read timeout=180)"))'))
[ReasonBench] marked_unscorable example_id=219 strategy=concise_cot error_records=522
[ReasonBench] error example_id=219 strategy=least_to_most error=ConnectionError(MaxRetryError('HTTPSConnectionPool(host=\'game.agaii.org\', port=443): Max retries exceeded with url: /mllm/v1/chat/completions (Caused by ReadTimeoutError("HTTPSConnectionPool(host=\'game.agaii.org\', port=443): Read timed out. (read timeout=180)"))'))
[ReasonBench] marked_unscorable example_id=219 strategy=least_to_most error_records=523
[ReasonBench] error example_id=219 strategy=constraint_decompose error=ConnectionError(MaxRetryError('HTTPSConnectionPool(host=\'game.agaii.org\', port=443): Max retries exceeded with url: /mllm/v1/chat/completions (Caused by ReadTimeoutError("HTTPSConnectionPool(host=\'game.agaii.org\', port=443): Read timed out. (read timeout=180)"))'))
[ReasonBench] marked_unscorable example_id=219 strategy=constraint_decompose error_records=524
[ReasonBench] error example_id=219 strategy=self_verify error=ConnectionError(MaxRetryError('HTTPSConnectionPool(host=\'game.agaii.org\', port=443): Max retries exceeded with url: /mllm/v1/chat/completions (Caused by ReadTimeoutError("HTTPSConnectionPool(host=\'game.agaii.org\', port=443): Read timed out. (read timeout=180)"))'))
[ReasonBench] marked_unscorable example_id=219 strategy=self_verify error_records=525
[ReasonBench] error example_id=219 strategy=critique_refine error=ConnectionError(MaxRetryError('HTTPSConnectionPool(host=\'game.agaii.org\', port=443): Max retries exceeded with url: /mllm/v1/chat/completions (Caused by ReadTimeoutError("HTTPSConnectionPool(host=\'game.agaii.org\', port=443): Read timed out. (read timeout=180)"))'))
[ReasonBench] marked_unscorable example_id=219 strategy=critique_refine error_records=526
[ReasonBench] error example_id=219 strategy=self_consistency error=ConnectionError(MaxRetryError('HTTPSConnectionPool(host=\'game.agaii.org\', port=443): Max retries exceeded with url: /mllm/v1/chat/completions (Caused by ReadTimeoutError("HTTPSConnectionPool(host=\'game.agaii.org\', port=443): Read timed out. (read timeout=180)"))'))
[ReasonBench] marked_unscorable example_id=219 strategy=self_consistency error_records=527
[ReasonBench] error example_id=219 strategy=selective_self_consistency error=ConnectionError(MaxRetryError('HTTPSConnectionPool(host=\'game.agaii.org\', port=443): Max retries exceeded with url: /mllm/v1/chat/completions (Caused by ReadTimeoutError("HTTPSConnectionPool(host=\'game.agaii.org\', port=443): Read timed out. (read timeout=180)"))'))
[ReasonBench] marked_unscorable example_id=219 strategy=selective_self_consistency error_records=528
[ReasonBench] error example_id=219 strategy=budgeted_cascade error=ConnectionError(MaxRetryError('HTTPSConnectionPool(host=\'game.agaii.org\', port=443): Max retries exceeded with url: /mllm/v1/chat/completions (Caused by ReadTimeoutError("HTTPSConnectionPool(host=\'game.agaii.org\', port=443): Read timed out. (read timeout=180)"))'))
[ReasonBench] marked_unscorable example_id=219 strategy=budgeted_cascade error_records=529
[ReasonBench] error example_id=219 strategy=few_shot_exemplar error=ConnectionError(MaxRetryError('HTTPSConnectionPool(host=\'game.agaii.org\', port=443): Max retries exceeded with url: /mllm/v1/chat/completions (Caused by ReadTimeoutError("HTTPSConnectionPool(host=\'game.agaii.org\', port=443): Read timed out. (read timeout=180)"))'))
[ReasonBench] marked_unscorable example_id=219 strategy=few_shot_exemplar error_records=530
[ReasonBench] error example_id=220 strategy=direct error=ConnectionError(MaxRetryError('HTTPSConnectionPool(host=\'game.agaii.org\', port=443): Max retries exceeded with url: /mllm/v1/chat/completions (Caused by ReadTimeoutError("HTTPSConnectionPool(host=\'game.agaii.org\', port=443): Read timed out. (read timeout=180)"))'))
[ReasonBench] marked_unscorable example_id=220 strategy=direct error_records=531
[ReasonBench] error example_id=220 strategy=concise_cot error=ConnectionError(MaxRetryError('HTTPSConnectionPool(host=\'game.agaii.org\', port=443): Max retries exceeded with url: /mllm/v1/chat/completions (Caused by ReadTimeoutError("HTTPSConnectionPool(host=\'game.agaii.org\', port=443): Read timed out. (read timeout=180)"))'))
[ReasonBench] marked_unscorable example_id=220 strategy=concise_cot error_records=532
[ReasonBench] error example_id=220 strategy=least_to_most error=ConnectionError(MaxRetryError('HTTPSConnectionPool(host=\'game.agaii.org\', port=443): Max retries exceeded with url: /mllm/v1/chat/completions (Caused by ReadTimeoutError("HTTPSConnectionPool(host=\'game.agaii.org\', port=443): Read timed out. (read timeout=180)"))'))
[ReasonBench] marked_unscorable example_id=220 strategy=least_to_most error_records=533
[ReasonBench] error example_id=220 strategy=constraint_decompose error=ConnectionError(MaxRetryError('HTTPSConnectionPool(host=\'game.agaii.org\', port=443): Max retries exceeded with url: /mllm/v1/chat/completions (Caused by ReadTimeoutError("HTTPSConnectionPool(host=\'game.agaii.org\', port=443): Read timed out. (read timeout=180)"))'))
[ReasonBench] marked_unscorable example_id=220 strategy=constraint_decompose error_records=534
[ReasonBench] progress total=2204/8170 (26.98%) new=2200/8166 elapsed_s=220374.6
[ReasonBench] error example_id=220 strategy=self_verify error=ConnectionError(MaxRetryError('HTTPSConnectionPool(host=\'game.agaii.org\', port=443): Max retries exceeded with url: /mllm/v1/chat/completions (Caused by ReadTimeoutError("HTTPSConnectionPool(host=\'game.agaii.org\', port=443): Read timed out. (read timeout=180)"))'))
[ReasonBench] marked_unscorable example_id=220 strategy=self_verify error_records=535
[ReasonBench] error example_id=220 strategy=critique_refine error=ConnectionError(MaxRetryError('HTTPSConnectionPool(host=\'game.agaii.org\', port=443): Max retries exceeded with url: /mllm/v1/chat/completions (Caused by ReadTimeoutError("HTTPSConnectionPool(host=\'game.agaii.org\', port=443): Read timed out. (read timeout=180)"))'))
[ReasonBench] marked_unscorable example_id=220 strategy=critique_refine error_records=536
[ReasonBench] error example_id=220 strategy=self_consistency error=ConnectionError(MaxRetryError('HTTPSConnectionPool(host=\'game.agaii.org\', port=443): Max retries exceeded with url: /mllm/v1/chat/completions (Caused by ReadTimeoutError("HTTPSConnectionPool(host=\'game.agaii.org\', port=443): Read timed out. (read timeout=180)"))'))
[ReasonBench] marked_unscorable example_id=220 strategy=self_consistency error_records=537
[ReasonBench] error example_id=220 strategy=budgeted_cascade error=ConnectionError(MaxRetryError('HTTPSConnectionPool(host=\'game.agaii.org\', port=443): Max retries exceeded with url: /mllm/v1/chat/completions (Caused by ReadTimeoutError("HTTPSConnectionPool(host=\'game.agaii.org\', port=443): Read timed out. (read timeout=180)"))'))
[ReasonBench] marked_unscorable example_id=220 strategy=budgeted_cascade error_records=538
[ReasonBench] error example_id=220 strategy=few_shot_exemplar error=ConnectionError(MaxRetryError('HTTPSConnectionPool(host=\'game.agaii.org\', port=443): Max retries exceeded with url: /mllm/v1/chat/completions (Caused by ReadTimeoutError("HTTPSConnectionPool(host=\'game.agaii.org\', port=443): Read timed out. (read timeout=180)"))'))
[ReasonBench] marked_unscorable example_id=220 strategy=few_shot_exemplar error_records=539
[ReasonBench] error example_id=221 strategy=direct error=ConnectionError(MaxRetryError('HTTPSConnectionPool(host=\'game.agaii.org\', port=443): Max retries exceeded with url: /mllm/v1/chat/completions (Caused by ReadTimeoutError("HTTPSConnectionPool(host=\'game.agaii.org\', port=443): Read timed out. (read timeout=180)"))'))
[ReasonBench] marked_unscorable example_id=221 strategy=direct error_records=540
[ReasonBench] error example_id=221 strategy=concise_cot error=ConnectionError(MaxRetryError('HTTPSConnectionPool(host=\'game.agaii.org\', port=443): Max retries exceeded with url: /mllm/v1/chat/completions (Caused by ReadTimeoutError("HTTPSConnectionPool(host=\'game.agaii.org\', port=443): Read timed out. (read timeout=180)"))'))
[ReasonBench] marked_unscorable example_id=221 strategy=concise_cot error_records=541
[ReasonBench] error example_id=221 strategy=least_to_most error=ConnectionError(MaxRetryError('HTTPSConnectionPool(host=\'game.agaii.org\', port=443): Max retries exceeded with url: /mllm/v1/chat/completions (Caused by ReadTimeoutError("HTTPSConnectionPool(host=\'game.agaii.org\', port=443): Read timed out. (read timeout=180)"))'))
[ReasonBench] marked_unscorable example_id=221 strategy=least_to_most error_records=542
[ReasonBench] error example_id=221 strategy=constraint_decompose error=ConnectionError(MaxRetryError('HTTPSConnectionPool(host=\'game.agaii.org\', port=443): Max retries exceeded with url: /mllm/v1/chat/completions (Caused by ReadTimeoutError("HTTPSConnectionPool(host=\'game.agaii.org\', port=443): Read timed out. (read timeout=180)"))'))
[ReasonBench] marked_unscorable example_id=221 strategy=constraint_decompose error_records=543
[ReasonBench] error example_id=221 strategy=self_verify error=ConnectionError(MaxRetryError('HTTPSConnectionPool(host=\'game.agaii.org\', port=443): Max retries exceeded with url: /mllm/v1/chat/completions (Caused by ReadTimeoutError("HTTPSConnectionPool(host=\'game.agaii.org\', port=443): Read timed out. (read timeout=180)"))'))
[ReasonBench] marked_unscorable example_id=221 strategy=self_verify error_records=544
[ReasonBench] error example_id=221 strategy=critique_refine error=ConnectionError(MaxRetryError('HTTPSConnectionPool(host=\'game.agaii.org\', port=443): Max retries exceeded with url: /mllm/v1/chat/completions (Caused by ReadTimeoutError("HTTPSConnectionPool(host=\'game.agaii.org\', port=443): Read timed out. (read timeout=180)"))'))
[ReasonBench] marked_unscorable example_id=221 strategy=critique_refine error_records=545
[ReasonBench] error example_id=221 strategy=self_consistency error=ConnectionError(MaxRetryError('HTTPSConnectionPool(host=\'game.agaii.org\', port=443): Max retries exceeded with url: /mllm/v1/chat/completions (Caused by ReadTimeoutError("HTTPSConnectionPool(host=\'game.agaii.org\', port=443): Read timed out. (read timeout=180)"))'))
[ReasonBench] marked_unscorable example_id=221 strategy=self_consistency error_records=546
[ReasonBench] error example_id=221 strategy=selective_self_consistency error=ConnectionError(MaxRetryError('HTTPSConnectionPool(host=\'game.agaii.org\', port=443): Max retries exceeded with url: /mllm/v1/chat/completions (Caused by ReadTimeoutError("HTTPSConnectionPool(host=\'game.agaii.org\', port=443): Read timed out. (read timeout=180)"))'))
[ReasonBench] marked_unscorable example_id=221 strategy=selective_self_consistency error_records=547
[ReasonBench] error example_id=221 strategy=budgeted_cascade error=ConnectionError(MaxRetryError('HTTPSConnectionPool(host=\'game.agaii.org\', port=443): Max retries exceeded with url: /mllm/v1/chat/completions (Caused by ReadTimeoutError("HTTPSConnectionPool(host=\'game.agaii.org\', port=443): Read timed out. (read timeout=180)"))'))
[ReasonBench] marked_unscorable example_id=221 strategy=budgeted_cascade error_records=548
[ReasonBench] error example_id=222 strategy=concise_cot error=ConnectionError(MaxRetryError('HTTPSConnectionPool(host=\'game.agaii.org\', port=443): Max retries exceeded with url: /mllm/v1/chat/completions (Caused by ReadTimeoutError("HTTPSConnectionPool(host=\'game.agaii.org\', port=443): Read timed out. (read timeout=180)"))'))
[ReasonBench] marked_unscorable example_id=222 strategy=concise_cot error_records=549
[ReasonBench] error example_id=222 strategy=constraint_decompose error=ConnectionError(MaxRetryError('HTTPSConnectionPool(host=\'game.agaii.org\', port=443): Max retries exceeded with url: /mllm/v1/chat/completions (Caused by ReadTimeoutError("HTTPSConnectionPool(host=\'game.agaii.org\', port=443): Read timed out. (read timeout=180)"))'))
[ReasonBench] marked_unscorable example_id=222 strategy=constraint_decompose error_records=550
[ReasonBench] error example_id=222 strategy=self_verify error=ConnectionError(MaxRetryError('HTTPSConnectionPool(host=\'game.agaii.org\', port=443): Max retries exceeded with url: /mllm/v1/chat/completions (Caused by ReadTimeoutError("HTTPSConnectionPool(host=\'game.agaii.org\', port=443): Read timed out. (read timeout=180)"))'))
[ReasonBench] marked_unscorable example_id=222 strategy=self_verify error_records=551
[ReasonBench] error example_id=222 strategy=critique_refine error=ConnectionError(MaxRetryError('HTTPSConnectionPool(host=\'game.agaii.org\', port=443): Max retries exceeded with url: /mllm/v1/chat/completions (Caused by ReadTimeoutError("HTTPSConnectionPool(host=\'game.agaii.org\', port=443): Read timed out. (read timeout=180)"))'))
[ReasonBench] marked_unscorable example_id=222 strategy=critique_refine error_records=552
[ReasonBench] error example_id=222 strategy=self_consistency error=ConnectionError(MaxRetryError('HTTPSConnectionPool(host=\'game.agaii.org\', port=443): Max retries exceeded with url: /mllm/v1/chat/completions (Caused by ReadTimeoutError("HTTPSConnectionPool(host=\'game.agaii.org\', port=443): Read timed out. (read timeout=180)"))'))
[ReasonBench] marked_unscorable example_id=222 strategy=self_consistency error_records=553
[ReasonBench] error example_id=222 strategy=selective_self_consistency error=ConnectionError(MaxRetryError('HTTPSConnectionPool(host=\'game.agaii.org\', port=443): Max retries exceeded with url: /mllm/v1/chat/completions (Caused by ReadTimeoutError("HTTPSConnectionPool(host=\'game.agaii.org\', port=443): Read timed out. (read timeout=180)"))'))
[ReasonBench] marked_unscorable example_id=222 strategy=selective_self_consistency error_records=554
[ReasonBench] error example_id=222 strategy=few_shot_exemplar error=ConnectionError(MaxRetryError('HTTPSConnectionPool(host=\'game.agaii.org\', port=443): Max retries exceeded with url: /mllm/v1/chat/completions (Caused by ReadTimeoutError("HTTPSConnectionPool(host=\'game.agaii.org\', port=443): Read timed out. (read timeout=180)"))'))
[ReasonBench] marked_unscorable example_id=222 strategy=few_shot_exemplar error_records=555
[ReasonBench] error example_id=223 strategy=direct error=ConnectionError(MaxRetryError('HTTPSConnectionPool(host=\'game.agaii.org\', port=443): Max retries exceeded with url: /mllm/v1/chat/completions (Caused by ReadTimeoutError("HTTPSConnectionPool(host=\'game.agaii.org\', port=443): Read timed out. (read timeout=180)"))'))
[ReasonBench] marked_unscorable example_id=223 strategy=direct error_records=556
[ReasonBench] error example_id=223 strategy=concise_cot error=ConnectionError(MaxRetryError('HTTPSConnectionPool(host=\'game.agaii.org\', port=443): Max retries exceeded with url: /mllm/v1/chat/completions (Caused by ReadTimeoutError("HTTPSConnectionPool(host=\'game.agaii.org\', port=443): Read timed out. (read timeout=180)"))'))
[ReasonBench] marked_unscorable example_id=223 strategy=concise_cot error_records=557
[ReasonBench] error example_id=223 strategy=least_to_most error=ConnectionError(MaxRetryError('HTTPSConnectionPool(host=\'game.agaii.org\', port=443): Max retries exceeded with url: /mllm/v1/chat/completions (Caused by ReadTimeoutError("HTTPSConnectionPool(host=\'game.agaii.org\', port=443): Read timed out. (read timeout=180)"))'))
[ReasonBench] marked_unscorable example_id=223 strategy=least_to_most error_records=558
[ReasonBench] error example_id=223 strategy=constraint_decompose error=ConnectionError(MaxRetryError('HTTPSConnectionPool(host=\'game.agaii.org\', port=443): Max retries exceeded with url: /mllm/v1/chat/completions (Caused by ReadTimeoutError("HTTPSConnectionPool(host=\'game.agaii.org\', port=443): Read timed out. (read timeout=180)"))'))
[ReasonBench] marked_unscorable example_id=223 strategy=constraint_decompose error_records=559
[ReasonBench] error example_id=223 strategy=self_verify error=ConnectionError(MaxRetryError('HTTPSConnectionPool(host=\'game.agaii.org\', port=443): Max retries exceeded with url: /mllm/v1/chat/completions (Caused by ReadTimeoutError("HTTPSConnectionPool(host=\'game.agaii.org\', port=443): Read timed out. (read timeout=180)"))'))
[ReasonBench] marked_unscorable example_id=223 strategy=self_verify error_records=560
[ReasonBench] error example_id=223 strategy=critique_refine error=ConnectionError(MaxRetryError('HTTPSConnectionPool(host=\'game.agaii.org\', port=443): Max retries exceeded with url: /mllm/v1/chat/completions (Caused by ReadTimeoutError("HTTPSConnectionPool(host=\'game.agaii.org\', port=443): Read timed out. (read timeout=180)"))'))
[ReasonBench] marked_unscorable example_id=223 strategy=critique_refine error_records=561
[ReasonBench] error example_id=223 strategy=self_consistency error=ConnectionError(MaxRetryError('HTTPSConnectionPool(host=\'game.agaii.org\', port=443): Max retries exceeded with url: /mllm/v1/chat/completions (Caused by ReadTimeoutError("HTTPSConnectionPool(host=\'game.agaii.org\', port=443): Read timed out. (read timeout=180)"))'))
[ReasonBench] marked_unscorable example_id=223 strategy=self_consistency error_records=562
[ReasonBench] error example_id=223 strategy=selective_self_consistency error=ConnectionError(MaxRetryError('HTTPSConnectionPool(host=\'game.agaii.org\', port=443): Max retries exceeded with url: /mllm/v1/chat/completions (Caused by ReadTimeoutError("HTTPSConnectionPool(host=\'game.agaii.org\', port=443): Read timed out. (read timeout=180)"))'))
[ReasonBench] marked_unscorable example_id=223 strategy=selective_self_consistency error_records=563
[ReasonBench] error example_id=223 strategy=budgeted_cascade error=ConnectionError(MaxRetryError('HTTPSConnectionPool(host=\'game.agaii.org\', port=443): Max retries exceeded with url: /mllm/v1/chat/completions (Caused by ReadTimeoutError("HTTPSConnectionPool(host=\'game.agaii.org\', port=443): Read timed out. (read timeout=180)"))'))
[ReasonBench] marked_unscorable example_id=223 strategy=budgeted_cascade error_records=564
[ReasonBench] error example_id=223 strategy=few_shot_exemplar error=ConnectionError(MaxRetryError('HTTPSConnectionPool(host=\'game.agaii.org\', port=443): Max retries exceeded with url: /mllm/v1/chat/completions (Caused by ReadTimeoutError("HTTPSConnectionPool(host=\'game.agaii.org\', port=443): Read timed out. (read timeout=180)"))'))
[ReasonBench] marked_unscorable example_id=223 strategy=few_shot_exemplar error_records=565
[ReasonBench] error example_id=224 strategy=direct error=ConnectionError(MaxRetryError('HTTPSConnectionPool(host=\'game.agaii.org\', port=443): Max retries exceeded with url: /mllm/v1/chat/completions (Caused by ReadTimeoutError("HTTPSConnectionPool(host=\'game.agaii.org\', port=443): Read timed out. (read timeout=180)"))'))
[ReasonBench] marked_unscorable example_id=224 strategy=direct error_records=566
[ReasonBench] error example_id=224 strategy=concise_cot error=ConnectionError(MaxRetryError('HTTPSConnectionPool(host=\'game.agaii.org\', port=443): Max retries exceeded with url: /mllm/v1/chat/completions (Caused by ReadTimeoutError("HTTPSConnectionPool(host=\'game.agaii.org\', port=443): Read timed out. (read timeout=180)"))'))
[ReasonBench] marked_unscorable example_id=224 strategy=concise_cot error_records=567
[ReasonBench] error example_id=224 strategy=least_to_most error=ConnectionError(MaxRetryError('HTTPSConnectionPool(host=\'game.agaii.org\', port=443): Max retries exceeded with url: /mllm/v1/chat/completions (Caused by ReadTimeoutError("HTTPSConnectionPool(host=\'game.agaii.org\', port=443): Read timed out. (read timeout=180)"))'))
[ReasonBench] marked_unscorable example_id=224 strategy=least_to_most error_records=568
[ReasonBench] error example_id=224 strategy=constraint_decompose error=ConnectionError(MaxRetryError('HTTPSConnectionPool(host=\'game.agaii.org\', port=443): Max retries exceeded with url: /mllm/v1/chat/completions (Caused by ReadTimeoutError("HTTPSConnectionPool(host=\'game.agaii.org\', port=443): Read timed out. (read timeout=180)"))'))
[ReasonBench] marked_unscorable example_id=224 strategy=constraint_decompose error_records=569
[ReasonBench] progress total=2244/8170 (27.47%) new=2240/8166 elapsed_s=234414.3
[ReasonBench] error example_id=224 strategy=self_verify error=ConnectionError(MaxRetryError('HTTPSConnectionPool(host=\'game.agaii.org\', port=443): Max retries exceeded with url: /mllm/v1/chat/completions (Caused by ReadTimeoutError("HTTPSConnectionPool(host=\'game.agaii.org\', port=443): Read timed out. (read timeout=180)"))'))
[ReasonBench] marked_unscorable example_id=224 strategy=self_verify error_records=570
[ReasonBench] error example_id=224 strategy=critique_refine error=ConnectionError(MaxRetryError('HTTPSConnectionPool(host=\'game.agaii.org\', port=443): Max retries exceeded with url: /mllm/v1/chat/completions (Caused by ReadTimeoutError("HTTPSConnectionPool(host=\'game.agaii.org\', port=443): Read timed out. (read timeout=180)"))'))
[ReasonBench] marked_unscorable example_id=224 strategy=critique_refine error_records=571
[ReasonBench] error example_id=224 strategy=budgeted_cascade error=ConnectionError(MaxRetryError('HTTPSConnectionPool(host=\'game.agaii.org\', port=443): Max retries exceeded with url: /mllm/v1/chat/completions (Caused by ReadTimeoutError("HTTPSConnectionPool(host=\'game.agaii.org\', port=443): Read timed out. (read timeout=180)"))'))
[ReasonBench] marked_unscorable example_id=224 strategy=budgeted_cascade error_records=572
[ReasonBench] error example_id=224 strategy=few_shot_exemplar error=ConnectionError(MaxRetryError('HTTPSConnectionPool(host=\'game.agaii.org\', port=443): Max retries exceeded with url: /mllm/v1/chat/completions (Caused by ReadTimeoutError("HTTPSConnectionPool(host=\'game.agaii.org\', port=443): Read timed out. (read timeout=180)"))'))
[ReasonBench] marked_unscorable example_id=224 strategy=few_shot_exemplar error_records=573
[ReasonBench] error example_id=225 strategy=direct error=ConnectionError(MaxRetryError('HTTPSConnectionPool(host=\'game.agaii.org\', port=443): Max retries exceeded with url: /mllm/v1/chat/completions (Caused by ReadTimeoutError("HTTPSConnectionPool(host=\'game.agaii.org\', port=443): Read timed out. (read timeout=180)"))'))
[ReasonBench] marked_unscorable example_id=225 strategy=direct error_records=574
[ReasonBench] error example_id=225 strategy=concise_cot error=ConnectionError(MaxRetryError('HTTPSConnectionPool(host=\'game.agaii.org\', port=443): Max retries exceeded with url: /mllm/v1/chat/completions (Caused by ReadTimeoutError("HTTPSConnectionPool(host=\'game.agaii.org\', port=443): Read timed out. (read timeout=180)"))'))
[ReasonBench] marked_unscorable example_id=225 strategy=concise_cot error_records=575
[ReasonBench] error example_id=225 strategy=least_to_most error=ConnectionError(MaxRetryError('HTTPSConnectionPool(host=\'game.agaii.org\', port=443): Max retries exceeded with url: /mllm/v1/chat/completions (Caused by ReadTimeoutError("HTTPSConnectionPool(host=\'game.agaii.org\', port=443): Read timed out. (read timeout=180)"))'))
[ReasonBench] marked_unscorable example_id=225 strategy=least_to_most error_records=576
[ReasonBench] error example_id=225 strategy=constraint_decompose error=ConnectionError(MaxRetryError('HTTPSConnectionPool(host=\'game.agaii.org\', port=443): Max retries exceeded with url: /mllm/v1/chat/completions (Caused by ReadTimeoutError("HTTPSConnectionPool(host=\'game.agaii.org\', port=443): Read timed out. (read timeout=180)"))'))
[ReasonBench] marked_unscorable example_id=225 strategy=constraint_decompose error_records=577
[ReasonBench] error example_id=225 strategy=self_verify error=ConnectionError(MaxRetryError('HTTPSConnectionPool(host=\'game.agaii.org\', port=443): Max retries exceeded with url: /mllm/v1/chat/completions (Caused by ReadTimeoutError("HTTPSConnectionPool(host=\'game.agaii.org\', port=443): Read timed out. (read timeout=180)"))'))
[ReasonBench] marked_unscorable example_id=225 strategy=self_verify error_records=578
[ReasonBench] error example_id=225 strategy=critique_refine error=ConnectionError(MaxRetryError('HTTPSConnectionPool(host=\'game.agaii.org\', port=443): Max retries exceeded with url: /mllm/v1/chat/completions (Caused by ReadTimeoutError("HTTPSConnectionPool(host=\'game.agaii.org\', port=443): Read timed out. (read timeout=180)"))'))
[ReasonBench] marked_unscorable example_id=225 strategy=critique_refine error_records=579
[ReasonBench] error example_id=225 strategy=self_consistency error=ConnectionError(MaxRetryError('HTTPSConnectionPool(host=\'game.agaii.org\', port=443): Max retries exceeded with url: /mllm/v1/chat/completions (Caused by ReadTimeoutError("HTTPSConnectionPool(host=\'game.agaii.org\', port=443): Read timed out. (read timeout=180)"))'))
[ReasonBench] marked_unscorable example_id=225 strategy=self_consistency error_records=580
[ReasonBench] error example_id=225 strategy=selective_self_consistency error=ConnectionError(MaxRetryError('HTTPSConnectionPool(host=\'game.agaii.org\', port=443): Max retries exceeded with url: /mllm/v1/chat/completions (Caused by ReadTimeoutError("HTTPSConnectionPool(host=\'game.agaii.org\', port=443): Read timed out. (read timeout=180)"))'))
[ReasonBench] marked_unscorable example_id=225 strategy=selective_self_consistency error_records=581
[ReasonBench] error example_id=225 strategy=budgeted_cascade error=ConnectionError(MaxRetryError('HTTPSConnectionPool(host=\'game.agaii.org\', port=443): Max retries exceeded with url: /mllm/v1/chat/completions (Caused by ReadTimeoutError("HTTPSConnectionPool(host=\'game.agaii.org\', port=443): Read timed out. (read timeout=180)"))'))
[ReasonBench] marked_unscorable example_id=225 strategy=budgeted_cascade error_records=582
[ReasonBench] error example_id=225 strategy=few_shot_exemplar error=ConnectionError(MaxRetryError('HTTPSConnectionPool(host=\'game.agaii.org\', port=443): Max retries exceeded with url: /mllm/v1/chat/completions (Caused by ReadTimeoutError("HTTPSConnectionPool(host=\'game.agaii.org\', port=443): Read timed out. (read timeout=180)"))'))
[ReasonBench] marked_unscorable example_id=225 strategy=few_shot_exemplar error_records=583
[ReasonBench] error example_id=226 strategy=direct error=ConnectionError(MaxRetryError('HTTPSConnectionPool(host=\'game.agaii.org\', port=443): Max retries exceeded with url: /mllm/v1/chat/completions (Caused by ReadTimeoutError("HTTPSConnectionPool(host=\'game.agaii.org\', port=443): Read timed out. (read timeout=180)"))'))
[ReasonBench] marked_unscorable example_id=226 strategy=direct error_records=584
[ReasonBench] error example_id=226 strategy=concise_cot error=ConnectionError(MaxRetryError('HTTPSConnectionPool(host=\'game.agaii.org\', port=443): Max retries exceeded with url: /mllm/v1/chat/completions (Caused by ReadTimeoutError("HTTPSConnectionPool(host=\'game.agaii.org\', port=443): Read timed out. (read timeout=180)"))'))
[ReasonBench] marked_unscorable example_id=226 strategy=concise_cot error_records=585
[ReasonBench] error example_id=226 strategy=least_to_most error=ConnectionError(MaxRetryError('HTTPSConnectionPool(host=\'game.agaii.org\', port=443): Max retries exceeded with url: /mllm/v1/chat/completions (Caused by ReadTimeoutError("HTTPSConnectionPool(host=\'game.agaii.org\', port=443): Read timed out. (read timeout=180)"))'))
[ReasonBench] marked_unscorable example_id=226 strategy=least_to_most error_records=586
[ReasonBench] error example_id=226 strategy=constraint_decompose error=ConnectionError(MaxRetryError('HTTPSConnectionPool(host=\'game.agaii.org\', port=443): Max retries exceeded with url: /mllm/v1/chat/completions (Caused by ReadTimeoutError("HTTPSConnectionPool(host=\'game.agaii.org\', port=443): Read timed out. (read timeout=180)"))'))
[ReasonBench] marked_unscorable example_id=226 strategy=constraint_decompose error_records=587
[ReasonBench] error example_id=226 strategy=self_verify error=ConnectionError(MaxRetryError('HTTPSConnectionPool(host=\'game.agaii.org\', port=443): Max retries exceeded with url: /mllm/v1/chat/completions (Caused by ReadTimeoutError("HTTPSConnectionPool(host=\'game.agaii.org\', port=443): Read timed out. (read timeout=180)"))'))
[ReasonBench] marked_unscorable example_id=226 strategy=self_verify error_records=588
[ReasonBench] error example_id=226 strategy=critique_refine error=ConnectionError(MaxRetryError('HTTPSConnectionPool(host=\'game.agaii.org\', port=443): Max retries exceeded with url: /mllm/v1/chat/completions (Caused by ReadTimeoutError("HTTPSConnectionPool(host=\'game.agaii.org\', port=443): Read timed out. (read timeout=180)"))'))
[ReasonBench] marked_unscorable example_id=226 strategy=critique_refine error_records=589
[ReasonBench] error example_id=226 strategy=self_consistency error=ConnectionError(MaxRetryError('HTTPSConnectionPool(host=\'game.agaii.org\', port=443): Max retries exceeded with url: /mllm/v1/chat/completions (Caused by ReadTimeoutError("HTTPSConnectionPool(host=\'game.agaii.org\', port=443): Read timed out. (read timeout=180)"))'))
[ReasonBench] marked_unscorable example_id=226 strategy=self_consistency error_records=590
[ReasonBench] error example_id=226 strategy=selective_self_consistency error=ConnectionError(MaxRetryError('HTTPSConnectionPool(host=\'game.agaii.org\', port=443): Max retries exceeded with url: /mllm/v1/chat/completions (Caused by ReadTimeoutError("HTTPSConnectionPool(host=\'game.agaii.org\', port=443): Read timed out. (read timeout=180)"))'))
[ReasonBench] marked_unscorable example_id=226 strategy=selective_self_consistency error_records=591
[ReasonBench] error example_id=226 strategy=budgeted_cascade error=ConnectionError(MaxRetryError('HTTPSConnectionPool(host=\'game.agaii.org\', port=443): Max retries exceeded with url: /mllm/v1/chat/completions (Caused by ReadTimeoutError("HTTPSConnectionPool(host=\'game.agaii.org\', port=443): Read timed out. (read timeout=180)"))'))
[ReasonBench] marked_unscorable example_id=226 strategy=budgeted_cascade error_records=592
[ReasonBench] error example_id=226 strategy=few_shot_exemplar error=ConnectionError(MaxRetryError('HTTPSConnectionPool(host=\'game.agaii.org\', port=443): Max retries exceeded with url: /mllm/v1/chat/completions (Caused by ReadTimeoutError("HTTPSConnectionPool(host=\'game.agaii.org\', port=443): Read timed out. (read timeout=180)"))'))
[ReasonBench] marked_unscorable example_id=226 strategy=few_shot_exemplar error_records=593
[ReasonBench] error example_id=227 strategy=direct error=ConnectionError(MaxRetryError('HTTPSConnectionPool(host=\'game.agaii.org\', port=443): Max retries exceeded with url: /mllm/v1/chat/completions (Caused by ReadTimeoutError("HTTPSConnectionPool(host=\'game.agaii.org\', port=443): Read timed out. (read timeout=180)"))'))
[ReasonBench] marked_unscorable example_id=227 strategy=direct error_records=594
[ReasonBench] error example_id=227 strategy=concise_cot error=ConnectionError(MaxRetryError('HTTPSConnectionPool(host=\'game.agaii.org\', port=443): Max retries exceeded with url: /mllm/v1/chat/completions (Caused by ReadTimeoutError("HTTPSConnectionPool(host=\'game.agaii.org\', port=443): Read timed out. (read timeout=180)"))'))
[ReasonBench] marked_unscorable example_id=227 strategy=concise_cot error_records=595
[ReasonBench] error example_id=227 strategy=least_to_most error=ConnectionError(MaxRetryError('HTTPSConnectionPool(host=\'game.agaii.org\', port=443): Max retries exceeded with url: /mllm/v1/chat/completions (Caused by ReadTimeoutError("HTTPSConnectionPool(host=\'game.agaii.org\', port=443): Read timed out. (read timeout=180)"))'))
[ReasonBench] marked_unscorable example_id=227 strategy=least_to_most error_records=596
[ReasonBench] error example_id=227 strategy=constraint_decompose error=ConnectionError(MaxRetryError('HTTPSConnectionPool(host=\'game.agaii.org\', port=443): Max retries exceeded with url: /mllm/v1/chat/completions (Caused by ReadTimeoutError("HTTPSConnectionPool(host=\'game.agaii.org\', port=443): Read timed out. (read timeout=180)"))'))
[ReasonBench] marked_unscorable example_id=227 strategy=constraint_decompose error_records=597
[ReasonBench] error example_id=227 strategy=self_verify error=ConnectionError(MaxRetryError('HTTPSConnectionPool(host=\'game.agaii.org\', port=443): Max retries exceeded with url: /mllm/v1/chat/completions (Caused by ReadTimeoutError("HTTPSConnectionPool(host=\'game.agaii.org\', port=443): Read timed out. (read timeout=180)"))'))
[ReasonBench] marked_unscorable example_id=227 strategy=self_verify error_records=598
[ReasonBench] error example_id=227 strategy=critique_refine error=ConnectionError(MaxRetryError('HTTPSConnectionPool(host=\'game.agaii.org\', port=443): Max retries exceeded with url: /mllm/v1/chat/completions (Caused by ReadTimeoutError("HTTPSConnectionPool(host=\'game.agaii.org\', port=443): Read timed out. (read timeout=180)"))'))
[ReasonBench] marked_unscorable example_id=227 strategy=critique_refine error_records=599
[ReasonBench] error example_id=227 strategy=self_consistency error=ConnectionError(MaxRetryError('HTTPSConnectionPool(host=\'game.agaii.org\', port=443): Max retries exceeded with url: /mllm/v1/chat/completions (Caused by ReadTimeoutError("HTTPSConnectionPool(host=\'game.agaii.org\', port=443): Read timed out. (read timeout=180)"))'))
[ReasonBench] marked_unscorable example_id=227 strategy=self_consistency error_records=600
[ReasonBench] error example_id=227 strategy=selective_self_consistency error=ConnectionError(MaxRetryError('HTTPSConnectionPool(host=\'game.agaii.org\', port=443): Max retries exceeded with url: /mllm/v1/chat/completions (Caused by ReadTimeoutError("HTTPSConnectionPool(host=\'game.agaii.org\', port=443): Read timed out. (read timeout=180)"))'))
[ReasonBench] marked_unscorable example_id=227 strategy=selective_self_consistency error_records=601
[ReasonBench] error example_id=227 strategy=budgeted_cascade error=ConnectionError(MaxRetryError('HTTPSConnectionPool(host=\'game.agaii.org\', port=443): Max retries exceeded with url: /mllm/v1/chat/completions (Caused by ReadTimeoutError("HTTPSConnectionPool(host=\'game.agaii.org\', port=443): Read timed out. (read timeout=180)"))'))
[ReasonBench] marked_unscorable example_id=227 strategy=budgeted_cascade error_records=602
[ReasonBench] error example_id=227 strategy=few_shot_exemplar error=ConnectionError(MaxRetryError('HTTPSConnectionPool(host=\'game.agaii.org\', port=443): Max retries exceeded with url: /mllm/v1/chat/completions (Caused by ReadTimeoutError("HTTPSConnectionPool(host=\'game.agaii.org\', port=443): Read timed out. (read timeout=180)"))'))
[ReasonBench] marked_unscorable example_id=227 strategy=few_shot_exemplar error_records=603
[ReasonBench] error example_id=228 strategy=direct error=ConnectionError(MaxRetryError('HTTPSConnectionPool(host=\'game.agaii.org\', port=443): Max retries exceeded with url: /mllm/v1/chat/completions (Caused by ReadTimeoutError("HTTPSConnectionPool(host=\'game.agaii.org\', port=443): Read timed out. (read timeout=180)"))'))
[ReasonBench] marked_unscorable example_id=228 strategy=direct error_records=604
[ReasonBench] error example_id=228 strategy=least_to_most error=ConnectionError(MaxRetryError('HTTPSConnectionPool(host=\'game.agaii.org\', port=443): Max retries exceeded with url: /mllm/v1/chat/completions (Caused by ReadTimeoutError("HTTPSConnectionPool(host=\'game.agaii.org\', port=443): Read timed out. (read timeout=180)"))'))
[ReasonBench] marked_unscorable example_id=228 strategy=least_to_most error_records=605
[ReasonBench] error example_id=228 strategy=constraint_decompose error=ConnectionError(MaxRetryError('HTTPSConnectionPool(host=\'game.agaii.org\', port=443): Max retries exceeded with url: /mllm/v1/chat/completions (Caused by ReadTimeoutError("HTTPSConnectionPool(host=\'game.agaii.org\', port=443): Read timed out. (read timeout=180)"))'))
[ReasonBench] marked_unscorable example_id=228 strategy=constraint_decompose error_records=606
[ReasonBench] progress total=2284/8170 (27.96%) new=2280/8166 elapsed_s=248749.5
[ReasonBench] error example_id=228 strategy=self_verify error=ConnectionError(MaxRetryError('HTTPSConnectionPool(host=\'game.agaii.org\', port=443): Max retries exceeded with url: /mllm/v1/chat/completions (Caused by ReadTimeoutError("HTTPSConnectionPool(host=\'game.agaii.org\', port=443): Read timed out. (read timeout=180)"))'))
[ReasonBench] marked_unscorable example_id=228 strategy=self_verify error_records=607
[ReasonBench] error example_id=228 strategy=critique_refine error=ConnectionError(MaxRetryError('HTTPSConnectionPool(host=\'game.agaii.org\', port=443): Max retries exceeded with url: /mllm/v1/chat/completions (Caused by ReadTimeoutError("HTTPSConnectionPool(host=\'game.agaii.org\', port=443): Read timed out. (read timeout=180)"))'))
[ReasonBench] marked_unscorable example_id=228 strategy=critique_refine error_records=608
[ReasonBench] error example_id=228 strategy=self_consistency error=ConnectionError(MaxRetryError('HTTPSConnectionPool(host=\'game.agaii.org\', port=443): Max retries exceeded with url: /mllm/v1/chat/completions (Caused by ReadTimeoutError("HTTPSConnectionPool(host=\'game.agaii.org\', port=443): Read timed out. (read timeout=180)"))'))
[ReasonBench] marked_unscorable example_id=228 strategy=self_consistency error_records=609
[ReasonBench] error example_id=228 strategy=selective_self_consistency error=ConnectionError(MaxRetryError('HTTPSConnectionPool(host=\'game.agaii.org\', port=443): Max retries exceeded with url: /mllm/v1/chat/completions (Caused by ReadTimeoutError("HTTPSConnectionPool(host=\'game.agaii.org\', port=443): Read timed out. (read timeout=180)"))'))
[ReasonBench] marked_unscorable example_id=228 strategy=selective_self_consistency error_records=610
[ReasonBench] error example_id=229 strategy=least_to_most error=ConnectionError(MaxRetryError('HTTPSConnectionPool(host=\'game.agaii.org\', port=443): Max retries exceeded with url: /mllm/v1/chat/completions (Caused by ReadTimeoutError("HTTPSConnectionPool(host=\'game.agaii.org\', port=443): Read timed out. (read timeout=180)"))'))
[ReasonBench] marked_unscorable example_id=229 strategy=least_to_most error_records=611
[ReasonBench] error example_id=229 strategy=constraint_decompose error=ConnectionError(MaxRetryError('HTTPSConnectionPool(host=\'game.agaii.org\', port=443): Max retries exceeded with url: /mllm/v1/chat/completions (Caused by ReadTimeoutError("HTTPSConnectionPool(host=\'game.agaii.org\', port=443): Read timed out. (read timeout=180)"))'))
[ReasonBench] marked_unscorable example_id=229 strategy=constraint_decompose error_records=612
[ReasonBench] error example_id=229 strategy=self_verify error=ConnectionError(MaxRetryError('HTTPSConnectionPool(host=\'game.agaii.org\', port=443): Max retries exceeded with url: /mllm/v1/chat/completions (Caused by ReadTimeoutError("HTTPSConnectionPool(host=\'game.agaii.org\', port=443): Read timed out. (read timeout=180)"))'))
[ReasonBench] marked_unscorable example_id=229 strategy=self_verify error_records=613
[ReasonBench] error example_id=229 strategy=critique_refine error=ConnectionError(MaxRetryError('HTTPSConnectionPool(host=\'game.agaii.org\', port=443): Max retries exceeded with url: /mllm/v1/chat/completions (Caused by ReadTimeoutError("HTTPSConnectionPool(host=\'game.agaii.org\', port=443): Read timed out. (read timeout=180)"))'))
[ReasonBench] marked_unscorable example_id=229 strategy=critique_refine error_records=614
[ReasonBench] error example_id=229 strategy=self_consistency error=ConnectionError(MaxRetryError('HTTPSConnectionPool(host=\'game.agaii.org\', port=443): Max retries exceeded with url: /mllm/v1/chat/completions (Caused by ReadTimeoutError("HTTPSConnectionPool(host=\'game.agaii.org\', port=443): Read timed out. (read timeout=180)"))'))
[ReasonBench] marked_unscorable example_id=229 strategy=self_consistency error_records=615
[ReasonBench] error example_id=229 strategy=few_shot_exemplar error=ConnectionError(MaxRetryError('HTTPSConnectionPool(host=\'game.agaii.org\', port=443): Max retries exceeded with url: /mllm/v1/chat/completions (Caused by ReadTimeoutError("HTTPSConnectionPool(host=\'game.agaii.org\', port=443): Read timed out. (read timeout=180)"))'))
[ReasonBench] marked_unscorable example_id=229 strategy=few_shot_exemplar error_records=616
[ReasonBench] error example_id=230 strategy=direct error=ConnectionError(MaxRetryError('HTTPSConnectionPool(host=\'game.agaii.org\', port=443): Max retries exceeded with url: /mllm/v1/chat/completions (Caused by ReadTimeoutError("HTTPSConnectionPool(host=\'game.agaii.org\', port=443): Read timed out. (read timeout=180)"))'))
[ReasonBench] marked_unscorable example_id=230 strategy=direct error_records=617
[ReasonBench] error example_id=230 strategy=concise_cot error=ConnectionError(MaxRetryError('HTTPSConnectionPool(host=\'game.agaii.org\', port=443): Max retries exceeded with url: /mllm/v1/chat/completions (Caused by ReadTimeoutError("HTTPSConnectionPool(host=\'game.agaii.org\', port=443): Read timed out. (read timeout=180)"))'))
[ReasonBench] marked_unscorable example_id=230 strategy=concise_cot error_records=618
[ReasonBench] error example_id=230 strategy=least_to_most error=ConnectionError(MaxRetryError('HTTPSConnectionPool(host=\'game.agaii.org\', port=443): Max retries exceeded with url: /mllm/v1/chat/completions (Caused by ReadTimeoutError("HTTPSConnectionPool(host=\'game.agaii.org\', port=443): Read timed out. (read timeout=180)"))'))
[ReasonBench] marked_unscorable example_id=230 strategy=least_to_most error_records=619
[ReasonBench] error example_id=230 strategy=constraint_decompose error=ConnectionError(MaxRetryError('HTTPSConnectionPool(host=\'game.agaii.org\', port=443): Max retries exceeded with url: /mllm/v1/chat/completions (Caused by ReadTimeoutError("HTTPSConnectionPool(host=\'game.agaii.org\', port=443): Read timed out. (read timeout=180)"))'))
[ReasonBench] marked_unscorable example_id=230 strategy=constraint_decompose error_records=620
[ReasonBench] error example_id=230 strategy=self_verify error=ConnectionError(MaxRetryError('HTTPSConnectionPool(host=\'game.agaii.org\', port=443): Max retries exceeded with url: /mllm/v1/chat/completions (Caused by ReadTimeoutError("HTTPSConnectionPool(host=\'game.agaii.org\', port=443): Read timed out. (read timeout=180)"))'))
[ReasonBench] marked_unscorable example_id=230 strategy=self_verify error_records=621
[ReasonBench] error example_id=230 strategy=self_consistency error=ConnectionError(MaxRetryError('HTTPSConnectionPool(host=\'game.agaii.org\', port=443): Max retries exceeded with url: /mllm/v1/chat/completions (Caused by ReadTimeoutError("HTTPSConnectionPool(host=\'game.agaii.org\', port=443): Read timed out. (read timeout=180)"))'))
[ReasonBench] marked_unscorable example_id=230 strategy=self_consistency error_records=622
[ReasonBench] error example_id=230 strategy=critique_refine error=ConnectionError(MaxRetryError('HTTPSConnectionPool(host=\'game.agaii.org\', port=443): Max retries exceeded with url: /mllm/v1/chat/completions (Caused by ReadTimeoutError("HTTPSConnectionPool(host=\'game.agaii.org\', port=443): Read timed out. (read timeout=180)"))'))
[ReasonBench] marked_unscorable example_id=230 strategy=critique_refine error_records=623
[ReasonBench] error example_id=230 strategy=selective_self_consistency error=ConnectionError(MaxRetryError('HTTPSConnectionPool(host=\'game.agaii.org\', port=443): Max retries exceeded with url: /mllm/v1/chat/completions (Caused by ReadTimeoutError("HTTPSConnectionPool(host=\'game.agaii.org\', port=443): Read timed out. (read timeout=180)"))'))
[ReasonBench] marked_unscorable example_id=230 strategy=selective_self_consistency error_records=624
[ReasonBench] error example_id=230 strategy=few_shot_exemplar error=ConnectionError(MaxRetryError('HTTPSConnectionPool(host=\'game.agaii.org\', port=443): Max retries exceeded with url: /mllm/v1/chat/completions (Caused by ReadTimeoutError("HTTPSConnectionPool(host=\'game.agaii.org\', port=443): Read timed out. (read timeout=180)"))'))
[ReasonBench] marked_unscorable example_id=230 strategy=few_shot_exemplar error_records=625
[ReasonBench] error example_id=231 strategy=direct error=ConnectionError(MaxRetryError('HTTPSConnectionPool(host=\'game.agaii.org\', port=443): Max retries exceeded with url: /mllm/v1/chat/completions (Caused by ReadTimeoutError("HTTPSConnectionPool(host=\'game.agaii.org\', port=443): Read timed out. (read timeout=180)"))'))
[ReasonBench] marked_unscorable example_id=231 strategy=direct error_records=626
[ReasonBench] error example_id=231 strategy=concise_cot error=ConnectionError(MaxRetryError('HTTPSConnectionPool(host=\'game.agaii.org\', port=443): Max retries exceeded with url: /mllm/v1/chat/completions (Caused by ReadTimeoutError("HTTPSConnectionPool(host=\'game.agaii.org\', port=443): Read timed out. (read timeout=180)"))'))
[ReasonBench] marked_unscorable example_id=231 strategy=concise_cot error_records=627
[ReasonBench] error example_id=231 strategy=least_to_most error=ConnectionError(MaxRetryError('HTTPSConnectionPool(host=\'game.agaii.org\', port=443): Max retries exceeded with url: /mllm/v1/chat/completions (Caused by ReadTimeoutError("HTTPSConnectionPool(host=\'game.agaii.org\', port=443): Read timed out. (read timeout=180)"))'))
[ReasonBench] marked_unscorable example_id=231 strategy=least_to_most error_records=628
[ReasonBench] error example_id=231 strategy=constraint_decompose error=ConnectionError(MaxRetryError('HTTPSConnectionPool(host=\'game.agaii.org\', port=443): Max retries exceeded with url: /mllm/v1/chat/completions (Caused by ReadTimeoutError("HTTPSConnectionPool(host=\'game.agaii.org\', port=443): Read timed out. (read timeout=180)"))'))
[ReasonBench] marked_unscorable example_id=231 strategy=constraint_decompose error_records=629
[ReasonBench] error example_id=231 strategy=self_verify error=ConnectionError(MaxRetryError('HTTPSConnectionPool(host=\'game.agaii.org\', port=443): Max retries exceeded with url: /mllm/v1/chat/completions (Caused by ReadTimeoutError("HTTPSConnectionPool(host=\'game.agaii.org\', port=443): Read timed out. (read timeout=180)"))'))
[ReasonBench] marked_unscorable example_id=231 strategy=self_verify error_records=630
[ReasonBench] error example_id=231 strategy=critique_refine error=ConnectionError(MaxRetryError('HTTPSConnectionPool(host=\'game.agaii.org\', port=443): Max retries exceeded with url: /mllm/v1/chat/completions (Caused by ReadTimeoutError("HTTPSConnectionPool(host=\'game.agaii.org\', port=443): Read timed out. (read timeout=180)"))'))
[ReasonBench] marked_unscorable example_id=231 strategy=critique_refine error_records=631
[ReasonBench] error example_id=231 strategy=self_consistency error=ConnectionError(MaxRetryError('HTTPSConnectionPool(host=\'game.agaii.org\', port=443): Max retries exceeded with url: /mllm/v1/chat/completions (Caused by ReadTimeoutError("HTTPSConnectionPool(host=\'game.agaii.org\', port=443): Read timed out. (read timeout=180)"))'))
[ReasonBench] marked_unscorable example_id=231 strategy=self_consistency error_records=632
[ReasonBench] error example_id=231 strategy=selective_self_consistency error=ConnectionError(MaxRetryError('HTTPSConnectionPool(host=\'game.agaii.org\', port=443): Max retries exceeded with url: /mllm/v1/chat/completions (Caused by ReadTimeoutError("HTTPSConnectionPool(host=\'game.agaii.org\', port=443): Read timed out. (read timeout=180)"))'))
[ReasonBench] marked_unscorable example_id=231 strategy=selective_self_consistency error_records=633
[ReasonBench] error example_id=231 strategy=budgeted_cascade error=ConnectionError(MaxRetryError('HTTPSConnectionPool(host=\'game.agaii.org\', port=443): Max retries exceeded with url: /mllm/v1/chat/completions (Caused by ReadTimeoutError("HTTPSConnectionPool(host=\'game.agaii.org\', port=443): Read timed out. (read timeout=180)"))'))
[ReasonBench] marked_unscorable example_id=231 strategy=budgeted_cascade error_records=634
[ReasonBench] error example_id=231 strategy=few_shot_exemplar error=ConnectionError(MaxRetryError('HTTPSConnectionPool(host=\'game.agaii.org\', port=443): Max retries exceeded with url: /mllm/v1/chat/completions (Caused by ReadTimeoutError("HTTPSConnectionPool(host=\'game.agaii.org\', port=443): Read timed out. (read timeout=180)"))'))
[ReasonBench] marked_unscorable example_id=231 strategy=few_shot_exemplar error_records=635
[ReasonBench] error example_id=232 strategy=direct error=ConnectionError(MaxRetryError('HTTPSConnectionPool(host=\'game.agaii.org\', port=443): Max retries exceeded with url: /mllm/v1/chat/completions (Caused by ReadTimeoutError("HTTPSConnectionPool(host=\'game.agaii.org\', port=443): Read timed out. (read timeout=180)"))'))
[ReasonBench] marked_unscorable example_id=232 strategy=direct error_records=636
[ReasonBench] error example_id=232 strategy=concise_cot error=ConnectionError(MaxRetryError('HTTPSConnectionPool(host=\'game.agaii.org\', port=443): Max retries exceeded with url: /mllm/v1/chat/completions (Caused by ReadTimeoutError("HTTPSConnectionPool(host=\'game.agaii.org\', port=443): Read timed out. (read timeout=180)"))'))
[ReasonBench] marked_unscorable example_id=232 strategy=concise_cot error_records=637
[ReasonBench] error example_id=232 strategy=least_to_most error=ConnectionError(MaxRetryError('HTTPSConnectionPool(host=\'game.agaii.org\', port=443): Max retries exceeded with url: /mllm/v1/chat/completions (Caused by ReadTimeoutError("HTTPSConnectionPool(host=\'game.agaii.org\', port=443): Read timed out. (read timeout=180)"))'))
[ReasonBench] marked_unscorable example_id=232 strategy=least_to_most error_records=638
[ReasonBench] error example_id=232 strategy=constraint_decompose error=ConnectionError(MaxRetryError('HTTPSConnectionPool(host=\'game.agaii.org\', port=443): Max retries exceeded with url: /mllm/v1/chat/completions (Caused by ReadTimeoutError("HTTPSConnectionPool(host=\'game.agaii.org\', port=443): Read timed out. (read timeout=180)"))'))
[ReasonBench] marked_unscorable example_id=232 strategy=constraint_decompose error_records=639
[ReasonBench] progress total=2324/8170 (28.45%) new=2320/8166 elapsed_s=262344.5
[ReasonBench] error example_id=232 strategy=self_verify error=ConnectionError(MaxRetryError('HTTPSConnectionPool(host=\'game.agaii.org\', port=443): Max retries exceeded with url: /mllm/v1/chat/completions (Caused by ReadTimeoutError("HTTPSConnectionPool(host=\'game.agaii.org\', port=443): Read timed out. (read timeout=180)"))'))
[ReasonBench] marked_unscorable example_id=232 strategy=self_verify error_records=640
[ReasonBench] error example_id=232 strategy=critique_refine error=ConnectionError(MaxRetryError('HTTPSConnectionPool(host=\'game.agaii.org\', port=443): Max retries exceeded with url: /mllm/v1/chat/completions (Caused by ReadTimeoutError("HTTPSConnectionPool(host=\'game.agaii.org\', port=443): Read timed out. (read timeout=180)"))'))
[ReasonBench] marked_unscorable example_id=232 strategy=critique_refine error_records=641
[ReasonBench] error example_id=232 strategy=self_consistency error=ConnectionError(MaxRetryError('HTTPSConnectionPool(host=\'game.agaii.org\', port=443): Max retries exceeded with url: /mllm/v1/chat/completions (Caused by ReadTimeoutError("HTTPSConnectionPool(host=\'game.agaii.org\', port=443): Read timed out. (read timeout=180)"))'))
[ReasonBench] marked_unscorable example_id=232 strategy=self_consistency error_records=642
[ReasonBench] error example_id=232 strategy=selective_self_consistency error=ConnectionError(MaxRetryError('HTTPSConnectionPool(host=\'game.agaii.org\', port=443): Max retries exceeded with url: /mllm/v1/chat/completions (Caused by ReadTimeoutError("HTTPSConnectionPool(host=\'game.agaii.org\', port=443): Read timed out. (read timeout=180)"))'))
[ReasonBench] marked_unscorable example_id=232 strategy=selective_self_consistency error_records=643
[ReasonBench] error example_id=232 strategy=budgeted_cascade error=ConnectionError(MaxRetryError('HTTPSConnectionPool(host=\'game.agaii.org\', port=443): Max retries exceeded with url: /mllm/v1/chat/completions (Caused by ReadTimeoutError("HTTPSConnectionPool(host=\'game.agaii.org\', port=443): Read timed out. (read timeout=180)"))'))
[ReasonBench] marked_unscorable example_id=232 strategy=budgeted_cascade error_records=644
[ReasonBench] error example_id=232 strategy=few_shot_exemplar error=ConnectionError(MaxRetryError('HTTPSConnectionPool(host=\'game.agaii.org\', port=443): Max retries exceeded with url: /mllm/v1/chat/completions (Caused by ReadTimeoutError("HTTPSConnectionPool(host=\'game.agaii.org\', port=443): Read timed out. (read timeout=180)"))'))
[ReasonBench] marked_unscorable example_id=232 strategy=few_shot_exemplar error_records=645
[ReasonBench] error example_id=233 strategy=direct error=ConnectionError(MaxRetryError('HTTPSConnectionPool(host=\'game.agaii.org\', port=443): Max retries exceeded with url: /mllm/v1/chat/completions (Caused by ReadTimeoutError("HTTPSConnectionPool(host=\'game.agaii.org\', port=443): Read timed out. (read timeout=180)"))'))
[ReasonBench] marked_unscorable example_id=233 strategy=direct error_records=646
[ReasonBench] error example_id=233 strategy=concise_cot error=ConnectionError(MaxRetryError('HTTPSConnectionPool(host=\'game.agaii.org\', port=443): Max retries exceeded with url: /mllm/v1/chat/completions (Caused by ReadTimeoutError("HTTPSConnectionPool(host=\'game.agaii.org\', port=443): Read timed out. (read timeout=180)"))'))
[ReasonBench] marked_unscorable example_id=233 strategy=concise_cot error_records=647
[ReasonBench] error example_id=233 strategy=least_to_most error=ConnectionError(MaxRetryError('HTTPSConnectionPool(host=\'game.agaii.org\', port=443): Max retries exceeded with url: /mllm/v1/chat/completions (Caused by ReadTimeoutError("HTTPSConnectionPool(host=\'game.agaii.org\', port=443): Read timed out. (read timeout=180)"))'))
[ReasonBench] marked_unscorable example_id=233 strategy=least_to_most error_records=648
[ReasonBench] error example_id=233 strategy=constraint_decompose error=ConnectionError(MaxRetryError('HTTPSConnectionPool(host=\'game.agaii.org\', port=443): Max retries exceeded with url: /mllm/v1/chat/completions (Caused by ReadTimeoutError("HTTPSConnectionPool(host=\'game.agaii.org\', port=443): Read timed out. (read timeout=180)"))'))
[ReasonBench] marked_unscorable example_id=233 strategy=constraint_decompose error_records=649
[ReasonBench] error example_id=233 strategy=self_verify error=ConnectionError(MaxRetryError('HTTPSConnectionPool(host=\'game.agaii.org\', port=443): Max retries exceeded with url: /mllm/v1/chat/completions (Caused by ReadTimeoutError("HTTPSConnectionPool(host=\'game.agaii.org\', port=443): Read timed out. (read timeout=180)"))'))
[ReasonBench] marked_unscorable example_id=233 strategy=self_verify error_records=650
[ReasonBench] error example_id=233 strategy=critique_refine error=ConnectionError(MaxRetryError('HTTPSConnectionPool(host=\'game.agaii.org\', port=443): Max retries exceeded with url: /mllm/v1/chat/completions (Caused by ReadTimeoutError("HTTPSConnectionPool(host=\'game.agaii.org\', port=443): Read timed out. (read timeout=180)"))'))
[ReasonBench] marked_unscorable example_id=233 strategy=critique_refine error_records=651
[ReasonBench] error example_id=233 strategy=self_consistency error=ConnectionError(MaxRetryError('HTTPSConnectionPool(host=\'game.agaii.org\', port=443): Max retries exceeded with url: /mllm/v1/chat/completions (Caused by ReadTimeoutError("HTTPSConnectionPool(host=\'game.agaii.org\', port=443): Read timed out. (read timeout=180)"))'))
[ReasonBench] marked_unscorable example_id=233 strategy=self_consistency error_records=652
[ReasonBench] error example_id=233 strategy=selective_self_consistency error=ConnectionError(MaxRetryError('HTTPSConnectionPool(host=\'game.agaii.org\', port=443): Max retries exceeded with url: /mllm/v1/chat/completions (Caused by ReadTimeoutError("HTTPSConnectionPool(host=\'game.agaii.org\', port=443): Read timed out. (read timeout=180)"))'))
[ReasonBench] marked_unscorable example_id=233 strategy=selective_self_consistency error_records=653
[ReasonBench] error example_id=233 strategy=budgeted_cascade error=ConnectionError(MaxRetryError('HTTPSConnectionPool(host=\'game.agaii.org\', port=443): Max retries exceeded with url: /mllm/v1/chat/completions (Caused by ReadTimeoutError("HTTPSConnectionPool(host=\'game.agaii.org\', port=443): Read timed out. (read timeout=180)"))'))
[ReasonBench] marked_unscorable example_id=233 strategy=budgeted_cascade error_records=654
[ReasonBench] error example_id=233 strategy=few_shot_exemplar error=ConnectionError(MaxRetryError('HTTPSConnectionPool(host=\'game.agaii.org\', port=443): Max retries exceeded with url: /mllm/v1/chat/completions (Caused by ReadTimeoutError("HTTPSConnectionPool(host=\'game.agaii.org\', port=443): Read timed out. (read timeout=180)"))'))
[ReasonBench] marked_unscorable example_id=233 strategy=few_shot_exemplar error_records=655
[ReasonBench] error example_id=234 strategy=direct error=ConnectionError(MaxRetryError('HTTPSConnectionPool(host=\'game.agaii.org\', port=443): Max retries exceeded with url: /mllm/v1/chat/completions (Caused by ReadTimeoutError("HTTPSConnectionPool(host=\'game.agaii.org\', port=443): Read timed out. (read timeout=180)"))'))
[ReasonBench] marked_unscorable example_id=234 strategy=direct error_records=656
[ReasonBench] error example_id=234 strategy=concise_cot error=ConnectionError(MaxRetryError('HTTPSConnectionPool(host=\'game.agaii.org\', port=443): Max retries exceeded with url: /mllm/v1/chat/completions (Caused by ReadTimeoutError("HTTPSConnectionPool(host=\'game.agaii.org\', port=443): Read timed out. (read timeout=180)"))'))
[ReasonBench] marked_unscorable example_id=234 strategy=concise_cot error_records=657
[ReasonBench] error example_id=234 strategy=least_to_most error=ConnectionError(MaxRetryError('HTTPSConnectionPool(host=\'game.agaii.org\', port=443): Max retries exceeded with url: /mllm/v1/chat/completions (Caused by ReadTimeoutError("HTTPSConnectionPool(host=\'game.agaii.org\', port=443): Read timed out. (read timeout=180)"))'))
[ReasonBench] marked_unscorable example_id=234 strategy=least_to_most error_records=658
[ReasonBench] error example_id=234 strategy=constraint_decompose error=ConnectionError(MaxRetryError('HTTPSConnectionPool(host=\'game.agaii.org\', port=443): Max retries exceeded with url: /mllm/v1/chat/completions (Caused by ReadTimeoutError("HTTPSConnectionPool(host=\'game.agaii.org\', port=443): Read timed out. (read timeout=180)"))'))
[ReasonBench] marked_unscorable example_id=234 strategy=constraint_decompose error_records=659
[ReasonBench] error example_id=234 strategy=self_verify error=ConnectionError(MaxRetryError('HTTPSConnectionPool(host=\'game.agaii.org\', port=443): Max retries exceeded with url: /mllm/v1/chat/completions (Caused by ReadTimeoutError("HTTPSConnectionPool(host=\'game.agaii.org\', port=443): Read timed out. (read timeout=180)"))'))
[ReasonBench] marked_unscorable example_id=234 strategy=self_verify error_records=660
[ReasonBench] error example_id=234 strategy=critique_refine error=ConnectionError(MaxRetryError('HTTPSConnectionPool(host=\'game.agaii.org\', port=443): Max retries exceeded with url: /mllm/v1/chat/completions (Caused by ReadTimeoutError("HTTPSConnectionPool(host=\'game.agaii.org\', port=443): Read timed out. (read timeout=180)"))'))
[ReasonBench] marked_unscorable example_id=234 strategy=critique_refine error_records=661
[ReasonBench] error example_id=234 strategy=self_consistency error=ConnectionError(MaxRetryError('HTTPSConnectionPool(host=\'game.agaii.org\', port=443): Max retries exceeded with url: /mllm/v1/chat/completions (Caused by ReadTimeoutError("HTTPSConnectionPool(host=\'game.agaii.org\', port=443): Read timed out. (read timeout=180)"))'))
[ReasonBench] marked_unscorable example_id=234 strategy=self_consistency error_records=662
[ReasonBench] error example_id=234 strategy=selective_self_consistency error=ConnectionError(MaxRetryError('HTTPSConnectionPool(host=\'game.agaii.org\', port=443): Max retries exceeded with url: /mllm/v1/chat/completions (Caused by ReadTimeoutError("HTTPSConnectionPool(host=\'game.agaii.org\', port=443): Read timed out. (read timeout=180)"))'))
[ReasonBench] marked_unscorable example_id=234 strategy=selective_self_consistency error_records=663
[ReasonBench] error example_id=234 strategy=budgeted_cascade error=ConnectionError(MaxRetryError('HTTPSConnectionPool(host=\'game.agaii.org\', port=443): Max retries exceeded with url: /mllm/v1/chat/completions (Caused by ReadTimeoutError("HTTPSConnectionPool(host=\'game.agaii.org\', port=443): Read timed out. (read timeout=180)"))'))
[ReasonBench] marked_unscorable example_id=234 strategy=budgeted_cascade error_records=664
[ReasonBench] error example_id=234 strategy=few_shot_exemplar error=ConnectionError(MaxRetryError('HTTPSConnectionPool(host=\'game.agaii.org\', port=443): Max retries exceeded with url: /mllm/v1/chat/completions (Caused by ReadTimeoutError("HTTPSConnectionPool(host=\'game.agaii.org\', port=443): Read timed out. (read timeout=180)"))'))
[ReasonBench] marked_unscorable example_id=234 strategy=few_shot_exemplar error_records=665
[ReasonBench] error example_id=235 strategy=direct error=ConnectionError(MaxRetryError('HTTPSConnectionPool(host=\'game.agaii.org\', port=443): Max retries exceeded with url: /mllm/v1/chat/completions (Caused by ReadTimeoutError("HTTPSConnectionPool(host=\'game.agaii.org\', port=443): Read timed out. (read timeout=180)"))'))
[ReasonBench] marked_unscorable example_id=235 strategy=direct error_records=666
[ReasonBench] error example_id=235 strategy=concise_cot error=ConnectionError(MaxRetryError('HTTPSConnectionPool(host=\'game.agaii.org\', port=443): Max retries exceeded with url: /mllm/v1/chat/completions (Caused by ReadTimeoutError("HTTPSConnectionPool(host=\'game.agaii.org\', port=443): Read timed out. (read timeout=180)"))'))
[ReasonBench] marked_unscorable example_id=235 strategy=concise_cot error_records=667
[ReasonBench] error example_id=235 strategy=least_to_most error=ConnectionError(MaxRetryError('HTTPSConnectionPool(host=\'game.agaii.org\', port=443): Max retries exceeded with url: /mllm/v1/chat/completions (Caused by ReadTimeoutError("HTTPSConnectionPool(host=\'game.agaii.org\', port=443): Read timed out. (read timeout=180)"))'))
[ReasonBench] marked_unscorable example_id=235 strategy=least_to_most error_records=668
[ReasonBench] error example_id=235 strategy=constraint_decompose error=ConnectionError(MaxRetryError('HTTPSConnectionPool(host=\'game.agaii.org\', port=443): Max retries exceeded with url: /mllm/v1/chat/completions (Caused by ReadTimeoutError("HTTPSConnectionPool(host=\'game.agaii.org\', port=443): Read timed out. (read timeout=180)"))'))
[ReasonBench] marked_unscorable example_id=235 strategy=constraint_decompose error_records=669
[ReasonBench] error example_id=235 strategy=self_verify error=ConnectionError(MaxRetryError('HTTPSConnectionPool(host=\'game.agaii.org\', port=443): Max retries exceeded with url: /mllm/v1/chat/completions (Caused by ReadTimeoutError("HTTPSConnectionPool(host=\'game.agaii.org\', port=443): Read timed out. (read timeout=180)"))'))
[ReasonBench] marked_unscorable example_id=235 strategy=self_verify error_records=670
[ReasonBench] error example_id=235 strategy=critique_refine error=ConnectionError(MaxRetryError('HTTPSConnectionPool(host=\'game.agaii.org\', port=443): Max retries exceeded with url: /mllm/v1/chat/completions (Caused by ReadTimeoutError("HTTPSConnectionPool(host=\'game.agaii.org\', port=443): Read timed out. (read timeout=180)"))'))
[ReasonBench] marked_unscorable example_id=235 strategy=critique_refine error_records=671
[ReasonBench] error example_id=235 strategy=self_consistency error=ConnectionError(MaxRetryError('HTTPSConnectionPool(host=\'game.agaii.org\', port=443): Max retries exceeded with url: /mllm/v1/chat/completions (Caused by ReadTimeoutError("HTTPSConnectionPool(host=\'game.agaii.org\', port=443): Read timed out. (read timeout=180)"))'))
[ReasonBench] marked_unscorable example_id=235 strategy=self_consistency error_records=672
[ReasonBench] error example_id=235 strategy=selective_self_consistency error=ConnectionError(MaxRetryError('HTTPSConnectionPool(host=\'game.agaii.org\', port=443): Max retries exceeded with url: /mllm/v1/chat/completions (Caused by ReadTimeoutError("HTTPSConnectionPool(host=\'game.agaii.org\', port=443): Read timed out. (read timeout=180)"))'))
[ReasonBench] marked_unscorable example_id=235 strategy=selective_self_consistency error_records=673
[ReasonBench] error example_id=235 strategy=budgeted_cascade error=ConnectionError(MaxRetryError('HTTPSConnectionPool(host=\'game.agaii.org\', port=443): Max retries exceeded with url: /mllm/v1/chat/completions (Caused by ReadTimeoutError("HTTPSConnectionPool(host=\'game.agaii.org\', port=443): Read timed out. (read timeout=180)"))'))
[ReasonBench] marked_unscorable example_id=235 strategy=budgeted_cascade error_records=674
[ReasonBench] error example_id=235 strategy=few_shot_exemplar error=ConnectionError(MaxRetryError('HTTPSConnectionPool(host=\'game.agaii.org\', port=443): Max retries exceeded with url: /mllm/v1/chat/completions (Caused by ReadTimeoutError("HTTPSConnectionPool(host=\'game.agaii.org\', port=443): Read timed out. (read timeout=180)"))'))
[ReasonBench] marked_unscorable example_id=235 strategy=few_shot_exemplar error_records=675
[ReasonBench] error example_id=236 strategy=direct error=ConnectionError(MaxRetryError('HTTPSConnectionPool(host=\'game.agaii.org\', port=443): Max retries exceeded with url: /mllm/v1/chat/completions (Caused by ReadTimeoutError("HTTPSConnectionPool(host=\'game.agaii.org\', port=443): Read timed out. (read timeout=180)"))'))
[ReasonBench] marked_unscorable example_id=236 strategy=direct error_records=676
[ReasonBench] error example_id=236 strategy=concise_cot error=ConnectionError(MaxRetryError('HTTPSConnectionPool(host=\'game.agaii.org\', port=443): Max retries exceeded with url: /mllm/v1/chat/completions (Caused by ReadTimeoutError("HTTPSConnectionPool(host=\'game.agaii.org\', port=443): Read timed out. (read timeout=180)"))'))
[ReasonBench] marked_unscorable example_id=236 strategy=concise_cot error_records=677
[ReasonBench] error example_id=236 strategy=least_to_most error=ConnectionError(MaxRetryError('HTTPSConnectionPool(host=\'game.agaii.org\', port=443): Max retries exceeded with url: /mllm/v1/chat/completions (Caused by ReadTimeoutError("HTTPSConnectionPool(host=\'game.agaii.org\', port=443): Read timed out. (read timeout=180)"))'))
[ReasonBench] marked_unscorable example_id=236 strategy=least_to_most error_records=678
[ReasonBench] error example_id=236 strategy=constraint_decompose error=ConnectionError(MaxRetryError('HTTPSConnectionPool(host=\'game.agaii.org\', port=443): Max retries exceeded with url: /mllm/v1/chat/completions (Caused by ReadTimeoutError("HTTPSConnectionPool(host=\'game.agaii.org\', port=443): Read timed out. (read timeout=180)"))'))
[ReasonBench] marked_unscorable example_id=236 strategy=constraint_decompose error_records=679
[ReasonBench] progress total=2364/8170 (28.94%) new=2360/8166 elapsed_s=276875.9
[ReasonBench] error example_id=236 strategy=self_verify error=ConnectionError(MaxRetryError('HTTPSConnectionPool(host=\'game.agaii.org\', port=443): Max retries exceeded with url: /mllm/v1/chat/completions (Caused by ReadTimeoutError("HTTPSConnectionPool(host=\'game.agaii.org\', port=443): Read timed out. (read timeout=180)"))'))
[ReasonBench] marked_unscorable example_id=236 strategy=self_verify error_records=680
[ReasonBench] error example_id=236 strategy=critique_refine error=ConnectionError(MaxRetryError('HTTPSConnectionPool(host=\'game.agaii.org\', port=443): Max retries exceeded with url: /mllm/v1/chat/completions (Caused by ReadTimeoutError("HTTPSConnectionPool(host=\'game.agaii.org\', port=443): Read timed out. (read timeout=180)"))'))
[ReasonBench] marked_unscorable example_id=236 strategy=critique_refine error_records=681
[ReasonBench] error example_id=236 strategy=self_consistency error=ConnectionError(MaxRetryError('HTTPSConnectionPool(host=\'game.agaii.org\', port=443): Max retries exceeded with url: /mllm/v1/chat/completions (Caused by ReadTimeoutError("HTTPSConnectionPool(host=\'game.agaii.org\', port=443): Read timed out. (read timeout=180)"))'))
[ReasonBench] marked_unscorable example_id=236 strategy=self_consistency error_records=682
[ReasonBench] error example_id=236 strategy=selective_self_consistency error=ConnectionError(MaxRetryError('HTTPSConnectionPool(host=\'game.agaii.org\', port=443): Max retries exceeded with url: /mllm/v1/chat/completions (Caused by ReadTimeoutError("HTTPSConnectionPool(host=\'game.agaii.org\', port=443): Read timed out. (read timeout=180)"))'))
[ReasonBench] marked_unscorable example_id=236 strategy=selective_self_consistency error_records=683
[ReasonBench] error example_id=236 strategy=budgeted_cascade error=ConnectionError(MaxRetryError('HTTPSConnectionPool(host=\'game.agaii.org\', port=443): Max retries exceeded with url: /mllm/v1/chat/completions (Caused by ReadTimeoutError("HTTPSConnectionPool(host=\'game.agaii.org\', port=443): Read timed out. (read timeout=180)"))'))
[ReasonBench] marked_unscorable example_id=236 strategy=budgeted_cascade error_records=684
[ReasonBench] error example_id=236 strategy=few_shot_exemplar error=ConnectionError(MaxRetryError('HTTPSConnectionPool(host=\'game.agaii.org\', port=443): Max retries exceeded with url: /mllm/v1/chat/completions (Caused by ReadTimeoutError("HTTPSConnectionPool(host=\'game.agaii.org\', port=443): Read timed out. (read timeout=180)"))'))
[ReasonBench] marked_unscorable example_id=236 strategy=few_shot_exemplar error_records=685
[ReasonBench] error example_id=237 strategy=direct error=ConnectionError(MaxRetryError('HTTPSConnectionPool(host=\'game.agaii.org\', port=443): Max retries exceeded with url: /mllm/v1/chat/completions (Caused by ReadTimeoutError("HTTPSConnectionPool(host=\'game.agaii.org\', port=443): Read timed out. (read timeout=180)"))'))
[ReasonBench] marked_unscorable example_id=237 strategy=direct error_records=686
