============================================================
session_name: rb_livebench__260402_201457
attempt: 1
started_at: 2026-04-02T21:05:13-04:00
config_path: configs/experiments/generated/spring26_2026-04-02__20-14-57/full_livebench_all_strategies.toml
checkpoint_path: outputs/full_livebench__spring26_2026-04-02__20-14-57/results.jsonl
cwd: /mnt/Yanlai/ReasonBench
command: PYTHONUNBUFFERED=1 PYTHONPATH=src /usr/bin/python3 -u -m reasonbench.cli.run --config configs/experiments/generated/spring26_2026-04-02__20-14-57/full_livebench_all_strategies.toml
============================================================
[ReasonBench] livebench_warning missing_ground_truth=528/1436 proxy_scoring_may_be_invalid_for_these_tasks
[ReasonBench] livebench_warning task=LCB_generation missing_ground_truth=78
[ReasonBench] livebench_warning task=coding_completion missing_ground_truth=50
[ReasonBench] livebench_warning task=paraphrase missing_ground_truth=100
[ReasonBench] livebench_warning task=simplify missing_ground_truth=100
[ReasonBench] livebench_warning task=story_generation missing_ground_truth=100
[ReasonBench] livebench_warning task=summarize missing_ground_truth=100
[ReasonBench] experiment=livebench_full_all_strategies__spring26_2026-04-02__20-14-57 examples=1436 strategies=10 expected_total=14360 existing_checkpoint_records=2
[ReasonBench] pending_records=14358 max_workers=3
[ReasonBench] error example_id=eecef5ebcd4b0224ec2404b15759eae2703c32db82dc7fd711af23c0dffc888a strategy=least_to_most error=ConnectionError(MaxRetryError('HTTPSConnectionPool(host=\'game.agaii.org\', port=443): Max retries exceeded with url: /mllm/v1/chat/completions (Caused by ReadTimeoutError("HTTPSConnectionPool(host=\'game.agaii.org\', port=443): Read timed out. (read timeout=180)"))'))
[ReasonBench] marked_unscorable example_id=eecef5ebcd4b0224ec2404b15759eae2703c32db82dc7fd711af23c0dffc888a strategy=least_to_most error_records=1
[ReasonBench] progress total=3/14360 (0.02%) new=1/14358 elapsed_s=727.0
[ReasonBench] error example_id=eecef5ebcd4b0224ec2404b15759eae2703c32db82dc7fd711af23c0dffc888a strategy=constraint_decompose error=ConnectionError(MaxRetryError('HTTPSConnectionPool(host=\'game.agaii.org\', port=443): Max retries exceeded with url: /mllm/v1/chat/completions (Caused by ReadTimeoutError("HTTPSConnectionPool(host=\'game.agaii.org\', port=443): Read timed out. (read timeout=180)"))'))
[ReasonBench] marked_unscorable example_id=eecef5ebcd4b0224ec2404b15759eae2703c32db82dc7fd711af23c0dffc888a strategy=constraint_decompose error_records=2
[ReasonBench] error example_id=eecef5ebcd4b0224ec2404b15759eae2703c32db82dc7fd711af23c0dffc888a strategy=self_verify error=ConnectionError(MaxRetryError('HTTPSConnectionPool(host=\'game.agaii.org\', port=443): Max retries exceeded with url: /mllm/v1/chat/completions (Caused by ReadTimeoutError("HTTPSConnectionPool(host=\'game.agaii.org\', port=443): Read timed out. (read timeout=180)"))'))
[ReasonBench] marked_unscorable example_id=eecef5ebcd4b0224ec2404b15759eae2703c32db82dc7fd711af23c0dffc888a strategy=self_verify error_records=3
[ReasonBench] error example_id=eecef5ebcd4b0224ec2404b15759eae2703c32db82dc7fd711af23c0dffc888a strategy=self_consistency error=ConnectionError(MaxRetryError('HTTPSConnectionPool(host=\'game.agaii.org\', port=443): Max retries exceeded with url: /mllm/v1/chat/completions (Caused by ReadTimeoutError("HTTPSConnectionPool(host=\'game.agaii.org\', port=443): Read timed out. (read timeout=180)"))'))
[ReasonBench] marked_unscorable example_id=eecef5ebcd4b0224ec2404b15759eae2703c32db82dc7fd711af23c0dffc888a strategy=self_consistency error_records=4
[ReasonBench] error example_id=eecef5ebcd4b0224ec2404b15759eae2703c32db82dc7fd711af23c0dffc888a strategy=selective_self_consistency error=ConnectionError(MaxRetryError('HTTPSConnectionPool(host=\'game.agaii.org\', port=443): Max retries exceeded with url: /mllm/v1/chat/completions (Caused by ReadTimeoutError("HTTPSConnectionPool(host=\'game.agaii.org\', port=443): Read timed out. (read timeout=180)"))'))
[ReasonBench] marked_unscorable example_id=eecef5ebcd4b0224ec2404b15759eae2703c32db82dc7fd711af23c0dffc888a strategy=selective_self_consistency error_records=5
[ReasonBench] error example_id=0664f46bd7bf6217d229be6762834af2aa642e7b97b14469f478c93a382ee520 strategy=direct error=ConnectionError(MaxRetryError('HTTPSConnectionPool(host=\'game.agaii.org\', port=443): Max retries exceeded with url: /mllm/v1/chat/completions (Caused by ReadTimeoutError("HTTPSConnectionPool(host=\'game.agaii.org\', port=443): Read timed out. (read timeout=180)"))'))
[ReasonBench] marked_unscorable example_id=0664f46bd7bf6217d229be6762834af2aa642e7b97b14469f478c93a382ee520 strategy=direct error_records=6
[ReasonBench] error example_id=0664f46bd7bf6217d229be6762834af2aa642e7b97b14469f478c93a382ee520 strategy=concise_cot error=ConnectionError(MaxRetryError('HTTPSConnectionPool(host=\'game.agaii.org\', port=443): Max retries exceeded with url: /mllm/v1/chat/completions (Caused by ReadTimeoutError("HTTPSConnectionPool(host=\'game.agaii.org\', port=443): Read timed out. (read timeout=180)"))'))
[ReasonBench] marked_unscorable example_id=0664f46bd7bf6217d229be6762834af2aa642e7b97b14469f478c93a382ee520 strategy=concise_cot error_records=7
[ReasonBench] error example_id=eecef5ebcd4b0224ec2404b15759eae2703c32db82dc7fd711af23c0dffc888a strategy=critique_refine error=ConnectionError(MaxRetryError('HTTPSConnectionPool(host=\'game.agaii.org\', port=443): Max retries exceeded with url: /mllm/v1/chat/completions (Caused by ReadTimeoutError("HTTPSConnectionPool(host=\'game.agaii.org\', port=443): Read timed out. (read timeout=180)"))'))
[ReasonBench] marked_unscorable example_id=eecef5ebcd4b0224ec2404b15759eae2703c32db82dc7fd711af23c0dffc888a strategy=critique_refine error_records=8
[ReasonBench] error example_id=0664f46bd7bf6217d229be6762834af2aa642e7b97b14469f478c93a382ee520 strategy=least_to_most error=ConnectionError(MaxRetryError('HTTPSConnectionPool(host=\'game.agaii.org\', port=443): Max retries exceeded with url: /mllm/v1/chat/completions (Caused by ReadTimeoutError("HTTPSConnectionPool(host=\'game.agaii.org\', port=443): Read timed out. (read timeout=180)"))'))
[ReasonBench] marked_unscorable example_id=0664f46bd7bf6217d229be6762834af2aa642e7b97b14469f478c93a382ee520 strategy=least_to_most error_records=9
[ReasonBench] error example_id=0664f46bd7bf6217d229be6762834af2aa642e7b97b14469f478c93a382ee520 strategy=constraint_decompose error=ConnectionError(MaxRetryError('HTTPSConnectionPool(host=\'game.agaii.org\', port=443): Max retries exceeded with url: /mllm/v1/chat/completions (Caused by ReadTimeoutError("HTTPSConnectionPool(host=\'game.agaii.org\', port=443): Read timed out. (read timeout=180)"))'))
[ReasonBench] marked_unscorable example_id=0664f46bd7bf6217d229be6762834af2aa642e7b97b14469f478c93a382ee520 strategy=constraint_decompose error_records=10
[ReasonBench] error example_id=0664f46bd7bf6217d229be6762834af2aa642e7b97b14469f478c93a382ee520 strategy=self_verify error=ConnectionError(MaxRetryError('HTTPSConnectionPool(host=\'game.agaii.org\', port=443): Max retries exceeded with url: /mllm/v1/chat/completions (Caused by ReadTimeoutError("HTTPSConnectionPool(host=\'game.agaii.org\', port=443): Read timed out. (read timeout=180)"))'))
[ReasonBench] marked_unscorable example_id=0664f46bd7bf6217d229be6762834af2aa642e7b97b14469f478c93a382ee520 strategy=self_verify error_records=11
[ReasonBench] error example_id=0664f46bd7bf6217d229be6762834af2aa642e7b97b14469f478c93a382ee520 strategy=critique_refine error=ConnectionError(MaxRetryError('HTTPSConnectionPool(host=\'game.agaii.org\', port=443): Max retries exceeded with url: /mllm/v1/chat/completions (Caused by ReadTimeoutError("HTTPSConnectionPool(host=\'game.agaii.org\', port=443): Read timed out. (read timeout=180)"))'))
[ReasonBench] marked_unscorable example_id=0664f46bd7bf6217d229be6762834af2aa642e7b97b14469f478c93a382ee520 strategy=critique_refine error_records=12
[ReasonBench] error example_id=0664f46bd7bf6217d229be6762834af2aa642e7b97b14469f478c93a382ee520 strategy=selective_self_consistency error=ConnectionError(MaxRetryError('HTTPSConnectionPool(host=\'game.agaii.org\', port=443): Max retries exceeded with url: /mllm/v1/chat/completions (Caused by ReadTimeoutError("HTTPSConnectionPool(host=\'game.agaii.org\', port=443): Read timed out. (read timeout=180)"))'))
[ReasonBench] marked_unscorable example_id=0664f46bd7bf6217d229be6762834af2aa642e7b97b14469f478c93a382ee520 strategy=selective_self_consistency error_records=13
[ReasonBench] error example_id=0664f46bd7bf6217d229be6762834af2aa642e7b97b14469f478c93a382ee520 strategy=budgeted_cascade error=ConnectionError(MaxRetryError('HTTPSConnectionPool(host=\'game.agaii.org\', port=443): Max retries exceeded with url: /mllm/v1/chat/completions (Caused by ReadTimeoutError("HTTPSConnectionPool(host=\'game.agaii.org\', port=443): Read timed out. (read timeout=180)"))'))
[ReasonBench] marked_unscorable example_id=0664f46bd7bf6217d229be6762834af2aa642e7b97b14469f478c93a382ee520 strategy=budgeted_cascade error_records=14
[ReasonBench] error example_id=f62daa0a810a70c8048484566eb0dcfb331b5299ce2a104f71cbbed4a98ed2b1 strategy=least_to_most error=ConnectionError(MaxRetryError('HTTPSConnectionPool(host=\'game.agaii.org\', port=443): Max retries exceeded with url: /mllm/v1/chat/completions (Caused by ReadTimeoutError("HTTPSConnectionPool(host=\'game.agaii.org\', port=443): Read timed out. (read timeout=180)"))'))
[ReasonBench] marked_unscorable example_id=f62daa0a810a70c8048484566eb0dcfb331b5299ce2a104f71cbbed4a98ed2b1 strategy=least_to_most error_records=15
[ReasonBench] error example_id=f62daa0a810a70c8048484566eb0dcfb331b5299ce2a104f71cbbed4a98ed2b1 strategy=constraint_decompose error=ConnectionError(MaxRetryError('HTTPSConnectionPool(host=\'game.agaii.org\', port=443): Max retries exceeded with url: /mllm/v1/chat/completions (Caused by ReadTimeoutError("HTTPSConnectionPool(host=\'game.agaii.org\', port=443): Read timed out. (read timeout=180)"))'))
[ReasonBench] marked_unscorable example_id=f62daa0a810a70c8048484566eb0dcfb331b5299ce2a104f71cbbed4a98ed2b1 strategy=constraint_decompose error_records=16
[ReasonBench] error example_id=f62daa0a810a70c8048484566eb0dcfb331b5299ce2a104f71cbbed4a98ed2b1 strategy=self_verify error=ConnectionError(MaxRetryError('HTTPSConnectionPool(host=\'game.agaii.org\', port=443): Max retries exceeded with url: /mllm/v1/chat/completions (Caused by ReadTimeoutError("HTTPSConnectionPool(host=\'game.agaii.org\', port=443): Read timed out. (read timeout=180)"))'))
[ReasonBench] marked_unscorable example_id=f62daa0a810a70c8048484566eb0dcfb331b5299ce2a104f71cbbed4a98ed2b1 strategy=self_verify error_records=17
[ReasonBench] error example_id=f62daa0a810a70c8048484566eb0dcfb331b5299ce2a104f71cbbed4a98ed2b1 strategy=critique_refine error=ConnectTimeout(MaxRetryError("HTTPSConnectionPool(host='game.agaii.org', port=443): Max retries exceeded with url: /mllm/v1/chat/completions (Caused by ConnectTimeoutError(<urllib3.connection.HTTPSConnection object at 0x70992bbc86e0>, 'Connection to game.agaii.org timed out. (connect timeout=180)'))"))
[ReasonBench] marked_unscorable example_id=f62daa0a810a70c8048484566eb0dcfb331b5299ce2a104f71cbbed4a98ed2b1 strategy=critique_refine error_records=18
[ReasonBench] error example_id=f62daa0a810a70c8048484566eb0dcfb331b5299ce2a104f71cbbed4a98ed2b1 strategy=self_consistency error=ConnectTimeout(MaxRetryError("HTTPSConnectionPool(host='game.agaii.org', port=443): Max retries exceeded with url: /mllm/v1/chat/completions (Caused by ConnectTimeoutError(<urllib3.connection.HTTPSConnection object at 0x70992bbc9250>, 'Connection to game.agaii.org timed out. (connect timeout=180)'))"))
[ReasonBench] marked_unscorable example_id=f62daa0a810a70c8048484566eb0dcfb331b5299ce2a104f71cbbed4a98ed2b1 strategy=self_consistency error_records=19
[ReasonBench] error example_id=f62daa0a810a70c8048484566eb0dcfb331b5299ce2a104f71cbbed4a98ed2b1 strategy=selective_self_consistency error=ConnectionError(MaxRetryError('HTTPSConnectionPool(host=\'game.agaii.org\', port=443): Max retries exceeded with url: /mllm/v1/chat/completions (Caused by NameResolutionError("<urllib3.connection.HTTPSConnection object at 0x70992bbc9d00>: Failed to resolve \'game.agaii.org\' ([Errno -3] Temporary failure in name resolution)"))'))
[ReasonBench] marked_unscorable example_id=f62daa0a810a70c8048484566eb0dcfb331b5299ce2a104f71cbbed4a98ed2b1 strategy=selective_self_consistency error_records=20
[ReasonBench] error example_id=65369f81842e0735d0dd6619a120d5760217c9b8ac481de89cc20983ea555953 strategy=direct error=ConnectionError(MaxRetryError('HTTPSConnectionPool(host=\'game.agaii.org\', port=443): Max retries exceeded with url: /mllm/v1/chat/completions (Caused by NameResolutionError("<urllib3.connection.HTTPSConnection object at 0x70992bbca600>: Failed to resolve \'game.agaii.org\' ([Errno -3] Temporary failure in name resolution)"))'))
[ReasonBench] marked_unscorable example_id=65369f81842e0735d0dd6619a120d5760217c9b8ac481de89cc20983ea555953 strategy=direct error_records=21
[ReasonBench] error example_id=65369f81842e0735d0dd6619a120d5760217c9b8ac481de89cc20983ea555953 strategy=concise_cot error=ConnectionError(MaxRetryError('HTTPSConnectionPool(host=\'game.agaii.org\', port=443): Max retries exceeded with url: /mllm/v1/chat/completions (Caused by NameResolutionError("<urllib3.connection.HTTPSConnection object at 0x70992bbcb3b0>: Failed to resolve \'game.agaii.org\' ([Errno -3] Temporary failure in name resolution)"))'))
[ReasonBench] marked_unscorable example_id=65369f81842e0735d0dd6619a120d5760217c9b8ac481de89cc20983ea555953 strategy=concise_cot error_records=22
[ReasonBench] error example_id=65369f81842e0735d0dd6619a120d5760217c9b8ac481de89cc20983ea555953 strategy=least_to_most error=ConnectionError(MaxRetryError('HTTPSConnectionPool(host=\'game.agaii.org\', port=443): Max retries exceeded with url: /mllm/v1/chat/completions (Caused by NameResolutionError("<urllib3.connection.HTTPSConnection object at 0x70992bbcbb60>: Failed to resolve \'game.agaii.org\' ([Errno -3] Temporary failure in name resolution)"))'))
[ReasonBench] marked_unscorable example_id=65369f81842e0735d0dd6619a120d5760217c9b8ac481de89cc20983ea555953 strategy=least_to_most error_records=23
[ReasonBench] error example_id=f62daa0a810a70c8048484566eb0dcfb331b5299ce2a104f71cbbed4a98ed2b1 strategy=few_shot_exemplar error=ConnectionError(MaxRetryError('HTTPSConnectionPool(host=\'game.agaii.org\', port=443): Max retries exceeded with url: /mllm/v1/chat/completions (Caused by NameResolutionError("<urllib3.connection.HTTPSConnection object at 0x70992ba08920>: Failed to resolve \'game.agaii.org\' ([Errno -3] Temporary failure in name resolution)"))'))
[ReasonBench] marked_unscorable example_id=f62daa0a810a70c8048484566eb0dcfb331b5299ce2a104f71cbbed4a98ed2b1 strategy=few_shot_exemplar error_records=24
[ReasonBench] error example_id=65369f81842e0735d0dd6619a120d5760217c9b8ac481de89cc20983ea555953 strategy=constraint_decompose error=ConnectionError(MaxRetryError('HTTPSConnectionPool(host=\'game.agaii.org\', port=443): Max retries exceeded with url: /mllm/v1/chat/completions (Caused by NameResolutionError("<urllib3.connection.HTTPSConnection object at 0x70992ba09310>: Failed to resolve \'game.agaii.org\' ([Errno -3] Temporary failure in name resolution)"))'))
[ReasonBench] marked_unscorable example_id=65369f81842e0735d0dd6619a120d5760217c9b8ac481de89cc20983ea555953 strategy=constraint_decompose error_records=25
[ReasonBench] error example_id=65369f81842e0735d0dd6619a120d5760217c9b8ac481de89cc20983ea555953 strategy=self_verify error=ConnectionError(MaxRetryError('HTTPSConnectionPool(host=\'game.agaii.org\', port=443): Max retries exceeded with url: /mllm/v1/chat/completions (Caused by NameResolutionError("<urllib3.connection.HTTPSConnection object at 0x70992ba09cd0>: Failed to resolve \'game.agaii.org\' ([Errno -3] Temporary failure in name resolution)"))'))
[ReasonBench] marked_unscorable example_id=65369f81842e0735d0dd6619a120d5760217c9b8ac481de89cc20983ea555953 strategy=self_verify error_records=26
[ReasonBench] error example_id=65369f81842e0735d0dd6619a120d5760217c9b8ac481de89cc20983ea555953 strategy=critique_refine error=ConnectionError(MaxRetryError('HTTPSConnectionPool(host=\'game.agaii.org\', port=443): Max retries exceeded with url: /mllm/v1/chat/completions (Caused by NameResolutionError("<urllib3.connection.HTTPSConnection object at 0x70992ba0a8d0>: Failed to resolve \'game.agaii.org\' ([Errno -3] Temporary failure in name resolution)"))'))
[ReasonBench] marked_unscorable example_id=65369f81842e0735d0dd6619a120d5760217c9b8ac481de89cc20983ea555953 strategy=critique_refine error_records=27
[ReasonBench] error example_id=65369f81842e0735d0dd6619a120d5760217c9b8ac481de89cc20983ea555953 strategy=self_consistency error=ConnectionError(MaxRetryError('HTTPSConnectionPool(host=\'game.agaii.org\', port=443): Max retries exceeded with url: /mllm/v1/chat/completions (Caused by NameResolutionError("<urllib3.connection.HTTPSConnection object at 0x70992ba0b3e0>: Failed to resolve \'game.agaii.org\' ([Errno -3] Temporary failure in name resolution)"))'))
[ReasonBench] marked_unscorable example_id=65369f81842e0735d0dd6619a120d5760217c9b8ac481de89cc20983ea555953 strategy=self_consistency error_records=28
[ReasonBench] error example_id=65369f81842e0735d0dd6619a120d5760217c9b8ac481de89cc20983ea555953 strategy=selective_self_consistency error=ConnectionError(MaxRetryError('HTTPSConnectionPool(host=\'game.agaii.org\', port=443): Max retries exceeded with url: /mllm/v1/chat/completions (Caused by NameResolutionError("<urllib3.connection.HTTPSConnection object at 0x70992ba0bd70>: Failed to resolve \'game.agaii.org\' ([Errno -3] Temporary failure in name resolution)"))'))
[ReasonBench] marked_unscorable example_id=65369f81842e0735d0dd6619a120d5760217c9b8ac481de89cc20983ea555953 strategy=selective_self_consistency error_records=29
[ReasonBench] error example_id=65369f81842e0735d0dd6619a120d5760217c9b8ac481de89cc20983ea555953 strategy=budgeted_cascade error=ConnectionError(MaxRetryError('HTTPSConnectionPool(host=\'game.agaii.org\', port=443): Max retries exceeded with url: /mllm/v1/chat/completions (Caused by NameResolutionError("<urllib3.connection.HTTPSConnection object at 0x70992bb65d00>: Failed to resolve \'game.agaii.org\' ([Errno -3] Temporary failure in name resolution)"))'))
[ReasonBench] marked_unscorable example_id=65369f81842e0735d0dd6619a120d5760217c9b8ac481de89cc20983ea555953 strategy=budgeted_cascade error_records=30
[ReasonBench] error example_id=65369f81842e0735d0dd6619a120d5760217c9b8ac481de89cc20983ea555953 strategy=few_shot_exemplar error=ConnectionError(MaxRetryError('HTTPSConnectionPool(host=\'game.agaii.org\', port=443): Max retries exceeded with url: /mllm/v1/chat/completions (Caused by NameResolutionError("<urllib3.connection.HTTPSConnection object at 0x70992bb67c80>: Failed to resolve \'game.agaii.org\' ([Errno -3] Temporary failure in name resolution)"))'))
[ReasonBench] marked_unscorable example_id=65369f81842e0735d0dd6619a120d5760217c9b8ac481de89cc20983ea555953 strategy=few_shot_exemplar error_records=31
[ReasonBench] error example_id=6cb0c2d9892875f79d632e273efd7ae3fa4ccb324fbce753673b8314aa80c737 strategy=direct error=ConnectionError(MaxRetryError('HTTPSConnectionPool(host=\'game.agaii.org\', port=443): Max retries exceeded with url: /mllm/v1/chat/completions (Caused by NameResolutionError("<urllib3.connection.HTTPSConnection object at 0x70992bb663f0>: Failed to resolve \'game.agaii.org\' ([Errno -3] Temporary failure in name resolution)"))'))
[ReasonBench] marked_unscorable example_id=6cb0c2d9892875f79d632e273efd7ae3fa4ccb324fbce753673b8314aa80c737 strategy=direct error_records=32
[ReasonBench] error example_id=6cb0c2d9892875f79d632e273efd7ae3fa4ccb324fbce753673b8314aa80c737 strategy=concise_cot error=ConnectionError(MaxRetryError('HTTPSConnectionPool(host=\'game.agaii.org\', port=443): Max retries exceeded with url: /mllm/v1/chat/completions (Caused by NameResolutionError("<urllib3.connection.HTTPSConnection object at 0x70992ba3c380>: Failed to resolve \'game.agaii.org\' ([Errno -3] Temporary failure in name resolution)"))'))
[ReasonBench] marked_unscorable example_id=6cb0c2d9892875f79d632e273efd7ae3fa4ccb324fbce753673b8314aa80c737 strategy=concise_cot error_records=33
[ReasonBench] error example_id=6cb0c2d9892875f79d632e273efd7ae3fa4ccb324fbce753673b8314aa80c737 strategy=least_to_most error=ConnectionError(MaxRetryError('HTTPSConnectionPool(host=\'game.agaii.org\', port=443): Max retries exceeded with url: /mllm/v1/chat/completions (Caused by NameResolutionError("<urllib3.connection.HTTPSConnection object at 0x70992ba3cf20>: Failed to resolve \'game.agaii.org\' ([Errno -3] Temporary failure in name resolution)"))'))
[ReasonBench] marked_unscorable example_id=6cb0c2d9892875f79d632e273efd7ae3fa4ccb324fbce753673b8314aa80c737 strategy=least_to_most error_records=34
[ReasonBench] error example_id=6cb0c2d9892875f79d632e273efd7ae3fa4ccb324fbce753673b8314aa80c737 strategy=constraint_decompose error=ConnectionError(MaxRetryError('HTTPSConnectionPool(host=\'game.agaii.org\', port=443): Max retries exceeded with url: /mllm/v1/chat/completions (Caused by NameResolutionError("<urllib3.connection.HTTPSConnection object at 0x70992ba3d8b0>: Failed to resolve \'game.agaii.org\' ([Errno -3] Temporary failure in name resolution)"))'))
[ReasonBench] marked_unscorable example_id=6cb0c2d9892875f79d632e273efd7ae3fa4ccb324fbce753673b8314aa80c737 strategy=constraint_decompose error_records=35
[ReasonBench] error example_id=6cb0c2d9892875f79d632e273efd7ae3fa4ccb324fbce753673b8314aa80c737 strategy=self_verify error=ConnectionError(MaxRetryError('HTTPSConnectionPool(host=\'game.agaii.org\', port=443): Max retries exceeded with url: /mllm/v1/chat/completions (Caused by NameResolutionError("<urllib3.connection.HTTPSConnection object at 0x70992ba3e690>: Failed to resolve \'game.agaii.org\' ([Errno -3] Temporary failure in name resolution)"))'))
[ReasonBench] marked_unscorable example_id=6cb0c2d9892875f79d632e273efd7ae3fa4ccb324fbce753673b8314aa80c737 strategy=self_verify error_records=36
[ReasonBench] error example_id=6cb0c2d9892875f79d632e273efd7ae3fa4ccb324fbce753673b8314aa80c737 strategy=critique_refine error=ConnectionError(MaxRetryError('HTTPSConnectionPool(host=\'game.agaii.org\', port=443): Max retries exceeded with url: /mllm/v1/chat/completions (Caused by NameResolutionError("<urllib3.connection.HTTPSConnection object at 0x70992ba3eff0>: Failed to resolve \'game.agaii.org\' ([Errno -3] Temporary failure in name resolution)"))'))
[ReasonBench] marked_unscorable example_id=6cb0c2d9892875f79d632e273efd7ae3fa4ccb324fbce753673b8314aa80c737 strategy=critique_refine error_records=37
[ReasonBench] error example_id=6cb0c2d9892875f79d632e273efd7ae3fa4ccb324fbce753673b8314aa80c737 strategy=self_consistency error=ConnectionError(MaxRetryError('HTTPSConnectionPool(host=\'game.agaii.org\', port=443): Max retries exceeded with url: /mllm/v1/chat/completions (Caused by NameResolutionError("<urllib3.connection.HTTPSConnection object at 0x70992ba3f9b0>: Failed to resolve \'game.agaii.org\' ([Errno -3] Temporary failure in name resolution)"))'))
[ReasonBench] marked_unscorable example_id=6cb0c2d9892875f79d632e273efd7ae3fa4ccb324fbce753673b8314aa80c737 strategy=self_consistency error_records=38
[ReasonBench] error example_id=6cb0c2d9892875f79d632e273efd7ae3fa4ccb324fbce753673b8314aa80c737 strategy=selective_self_consistency error=ConnectionError(MaxRetryError('HTTPSConnectionPool(host=\'game.agaii.org\', port=443): Max retries exceeded with url: /mllm/v1/chat/completions (Caused by NameResolutionError("<urllib3.connection.HTTPSConnection object at 0x70992ba8c650>: Failed to resolve \'game.agaii.org\' ([Errno -3] Temporary failure in name resolution)"))'))
[ReasonBench] marked_unscorable example_id=6cb0c2d9892875f79d632e273efd7ae3fa4ccb324fbce753673b8314aa80c737 strategy=selective_self_consistency error_records=39
[ReasonBench] error example_id=6cb0c2d9892875f79d632e273efd7ae3fa4ccb324fbce753673b8314aa80c737 strategy=budgeted_cascade error=ConnectionError(MaxRetryError('HTTPSConnectionPool(host=\'game.agaii.org\', port=443): Max retries exceeded with url: /mllm/v1/chat/completions (Caused by NameResolutionError("<urllib3.connection.HTTPSConnection object at 0x70992ba8d190>: Failed to resolve \'game.agaii.org\' ([Errno -3] Temporary failure in name resolution)"))'))
[ReasonBench] marked_unscorable example_id=6cb0c2d9892875f79d632e273efd7ae3fa4ccb324fbce753673b8314aa80c737 strategy=budgeted_cascade error_records=40
[ReasonBench] error example_id=6cb0c2d9892875f79d632e273efd7ae3fa4ccb324fbce753673b8314aa80c737 strategy=few_shot_exemplar error=ConnectionError(MaxRetryError('HTTPSConnectionPool(host=\'game.agaii.org\', port=443): Max retries exceeded with url: /mllm/v1/chat/completions (Caused by NameResolutionError("<urllib3.connection.HTTPSConnection object at 0x70992ba3fec0>: Failed to resolve \'game.agaii.org\' ([Errno -3] Temporary failure in name resolution)"))'))
[ReasonBench] marked_unscorable example_id=6cb0c2d9892875f79d632e273efd7ae3fa4ccb324fbce753673b8314aa80c737 strategy=few_shot_exemplar error_records=41
[ReasonBench] error example_id=88d41d97990a9e7f990eb8eb71440d007fd194758ce2c3fe00b77e186fd65c3d strategy=direct error=ConnectionError(MaxRetryError('HTTPSConnectionPool(host=\'game.agaii.org\', port=443): Max retries exceeded with url: /mllm/v1/chat/completions (Caused by NameResolutionError("<urllib3.connection.HTTPSConnection object at 0x70992ba8e6f0>: Failed to resolve \'game.agaii.org\' ([Errno -3] Temporary failure in name resolution)"))'))
[ReasonBench] marked_unscorable example_id=88d41d97990a9e7f990eb8eb71440d007fd194758ce2c3fe00b77e186fd65c3d strategy=direct error_records=42
[ReasonBench] error example_id=88d41d97990a9e7f990eb8eb71440d007fd194758ce2c3fe00b77e186fd65c3d strategy=concise_cot error=ConnectionError(MaxRetryError('HTTPSConnectionPool(host=\'game.agaii.org\', port=443): Max retries exceeded with url: /mllm/v1/chat/completions (Caused by NameResolutionError("<urllib3.connection.HTTPSConnection object at 0x70992ba8f230>: Failed to resolve \'game.agaii.org\' ([Errno -3] Temporary failure in name resolution)"))'))
[ReasonBench] marked_unscorable example_id=88d41d97990a9e7f990eb8eb71440d007fd194758ce2c3fe00b77e186fd65c3d strategy=concise_cot error_records=43
[ReasonBench] error example_id=88d41d97990a9e7f990eb8eb71440d007fd194758ce2c3fe00b77e186fd65c3d strategy=least_to_most error=ConnectionError(MaxRetryError('HTTPSConnectionPool(host=\'game.agaii.org\', port=443): Max retries exceeded with url: /mllm/v1/chat/completions (Caused by NameResolutionError("<urllib3.connection.HTTPSConnection object at 0x70992ba8f5f0>: Failed to resolve \'game.agaii.org\' ([Errno -3] Temporary failure in name resolution)"))'))
[ReasonBench] marked_unscorable example_id=88d41d97990a9e7f990eb8eb71440d007fd194758ce2c3fe00b77e186fd65c3d strategy=least_to_most error_records=44
[ReasonBench] error example_id=88d41d97990a9e7f990eb8eb71440d007fd194758ce2c3fe00b77e186fd65c3d strategy=constraint_decompose error=ConnectionError(MaxRetryError('HTTPSConnectionPool(host=\'game.agaii.org\', port=443): Max retries exceeded with url: /mllm/v1/chat/completions (Caused by NameResolutionError("<urllib3.connection.HTTPSConnection object at 0x70992bac4860>: Failed to resolve \'game.agaii.org\' ([Errno -3] Temporary failure in name resolution)"))'))
[ReasonBench] marked_unscorable example_id=88d41d97990a9e7f990eb8eb71440d007fd194758ce2c3fe00b77e186fd65c3d strategy=constraint_decompose error_records=45
[ReasonBench] error example_id=88d41d97990a9e7f990eb8eb71440d007fd194758ce2c3fe00b77e186fd65c3d strategy=self_verify error=ConnectionError(MaxRetryError('HTTPSConnectionPool(host=\'game.agaii.org\', port=443): Max retries exceeded with url: /mllm/v1/chat/completions (Caused by NameResolutionError("<urllib3.connection.HTTPSConnection object at 0x70992bac53a0>: Failed to resolve \'game.agaii.org\' ([Errno -3] Temporary failure in name resolution)"))'))
[ReasonBench] marked_unscorable example_id=88d41d97990a9e7f990eb8eb71440d007fd194758ce2c3fe00b77e186fd65c3d strategy=self_verify error_records=46
[ReasonBench] error example_id=88d41d97990a9e7f990eb8eb71440d007fd194758ce2c3fe00b77e186fd65c3d strategy=critique_refine error=ConnectionError(MaxRetryError('HTTPSConnectionPool(host=\'game.agaii.org\', port=443): Max retries exceeded with url: /mllm/v1/chat/completions (Caused by NameResolutionError("<urllib3.connection.HTTPSConnection object at 0x70992bac5b80>: Failed to resolve \'game.agaii.org\' ([Errno -3] Temporary failure in name resolution)"))'))
[ReasonBench] marked_unscorable example_id=88d41d97990a9e7f990eb8eb71440d007fd194758ce2c3fe00b77e186fd65c3d strategy=critique_refine error_records=47
[ReasonBench] error example_id=88d41d97990a9e7f990eb8eb71440d007fd194758ce2c3fe00b77e186fd65c3d strategy=self_consistency error=ConnectionError(MaxRetryError('HTTPSConnectionPool(host=\'game.agaii.org\', port=443): Max retries exceeded with url: /mllm/v1/chat/completions (Caused by NameResolutionError("<urllib3.connection.HTTPSConnection object at 0x70992bac6930>: Failed to resolve \'game.agaii.org\' ([Errno -3] Temporary failure in name resolution)"))'))
[ReasonBench] marked_unscorable example_id=88d41d97990a9e7f990eb8eb71440d007fd194758ce2c3fe00b77e186fd65c3d strategy=self_consistency error_records=48
[ReasonBench] error example_id=88d41d97990a9e7f990eb8eb71440d007fd194758ce2c3fe00b77e186fd65c3d strategy=selective_self_consistency error=ConnectionError(MaxRetryError('HTTPSConnectionPool(host=\'game.agaii.org\', port=443): Max retries exceeded with url: /mllm/v1/chat/completions (Caused by NameResolutionError("<urllib3.connection.HTTPSConnection object at 0x70992bac72c0>: Failed to resolve \'game.agaii.org\' ([Errno -3] Temporary failure in name resolution)"))'))
[ReasonBench] marked_unscorable example_id=88d41d97990a9e7f990eb8eb71440d007fd194758ce2c3fe00b77e186fd65c3d strategy=selective_self_consistency error_records=49
[ReasonBench] error example_id=88d41d97990a9e7f990eb8eb71440d007fd194758ce2c3fe00b77e186fd65c3d strategy=budgeted_cascade error=ConnectionError(MaxRetryError('HTTPSConnectionPool(host=\'game.agaii.org\', port=443): Max retries exceeded with url: /mllm/v1/chat/completions (Caused by NameResolutionError("<urllib3.connection.HTTPSConnection object at 0x70992bac7680>: Failed to resolve \'game.agaii.org\' ([Errno -3] Temporary failure in name resolution)"))'))
[ReasonBench] marked_unscorable example_id=88d41d97990a9e7f990eb8eb71440d007fd194758ce2c3fe00b77e186fd65c3d strategy=budgeted_cascade error_records=50
[ReasonBench] error example_id=88d41d97990a9e7f990eb8eb71440d007fd194758ce2c3fe00b77e186fd65c3d strategy=few_shot_exemplar error=ConnectionError(MaxRetryError('HTTPSConnectionPool(host=\'game.agaii.org\', port=443): Max retries exceeded with url: /mllm/v1/chat/completions (Caused by NameResolutionError("<urllib3.connection.HTTPSConnection object at 0x70992baf0a10>: Failed to resolve \'game.agaii.org\' ([Errno -3] Temporary failure in name resolution)"))'))
[ReasonBench] marked_unscorable example_id=88d41d97990a9e7f990eb8eb71440d007fd194758ce2c3fe00b77e186fd65c3d strategy=few_shot_exemplar error_records=51
[ReasonBench] error example_id=507f6dbb4e7d52e6f645b33aa73096e076769e196010810eeca84820375d4211 strategy=direct error=ConnectionError(MaxRetryError('HTTPSConnectionPool(host=\'game.agaii.org\', port=443): Max retries exceeded with url: /mllm/v1/chat/completions (Caused by NameResolutionError("<urllib3.connection.HTTPSConnection object at 0x70992baf1640>: Failed to resolve \'game.agaii.org\' ([Errno -3] Temporary failure in name resolution)"))'))
[ReasonBench] marked_unscorable example_id=507f6dbb4e7d52e6f645b33aa73096e076769e196010810eeca84820375d4211 strategy=direct error_records=52
[ReasonBench] error example_id=507f6dbb4e7d52e6f645b33aa73096e076769e196010810eeca84820375d4211 strategy=concise_cot error=ConnectionError(MaxRetryError('HTTPSConnectionPool(host=\'game.agaii.org\', port=443): Max retries exceeded with url: /mllm/v1/chat/completions (Caused by NameResolutionError("<urllib3.connection.HTTPSConnection object at 0x70992baf17f0>: Failed to resolve \'game.agaii.org\' ([Errno -3] Temporary failure in name resolution)"))'))
[ReasonBench] marked_unscorable example_id=507f6dbb4e7d52e6f645b33aa73096e076769e196010810eeca84820375d4211 strategy=concise_cot error_records=53
[ReasonBench] error example_id=507f6dbb4e7d52e6f645b33aa73096e076769e196010810eeca84820375d4211 strategy=least_to_most error=ConnectionError(MaxRetryError('HTTPSConnectionPool(host=\'game.agaii.org\', port=443): Max retries exceeded with url: /mllm/v1/chat/completions (Caused by NameResolutionError("<urllib3.connection.HTTPSConnection object at 0x70992baf2ae0>: Failed to resolve \'game.agaii.org\' ([Errno -3] Temporary failure in name resolution)"))'))
[ReasonBench] marked_unscorable example_id=507f6dbb4e7d52e6f645b33aa73096e076769e196010810eeca84820375d4211 strategy=least_to_most error_records=54
[ReasonBench] error example_id=507f6dbb4e7d52e6f645b33aa73096e076769e196010810eeca84820375d4211 strategy=constraint_decompose error=ConnectionError(MaxRetryError('HTTPSConnectionPool(host=\'game.agaii.org\', port=443): Max retries exceeded with url: /mllm/v1/chat/completions (Caused by NameResolutionError("<urllib3.connection.HTTPSConnection object at 0x70992baf36b0>: Failed to resolve \'game.agaii.org\' ([Errno -3] Temporary failure in name resolution)"))'))
[ReasonBench] marked_unscorable example_id=507f6dbb4e7d52e6f645b33aa73096e076769e196010810eeca84820375d4211 strategy=constraint_decompose error_records=55
[ReasonBench] error example_id=507f6dbb4e7d52e6f645b33aa73096e076769e196010810eeca84820375d4211 strategy=self_verify error=ConnectionError(MaxRetryError('HTTPSConnectionPool(host=\'game.agaii.org\', port=443): Max retries exceeded with url: /mllm/v1/chat/completions (Caused by NameResolutionError("<urllib3.connection.HTTPSConnection object at 0x70992baf3860>: Failed to resolve \'game.agaii.org\' ([Errno -3] Temporary failure in name resolution)"))'))
[ReasonBench] marked_unscorable example_id=507f6dbb4e7d52e6f645b33aa73096e076769e196010810eeca84820375d4211 strategy=self_verify error_records=56
[ReasonBench] error example_id=507f6dbb4e7d52e6f645b33aa73096e076769e196010810eeca84820375d4211 strategy=critique_refine error=ConnectionError(MaxRetryError('HTTPSConnectionPool(host=\'game.agaii.org\', port=443): Max retries exceeded with url: /mllm/v1/chat/completions (Caused by NameResolutionError("<urllib3.connection.HTTPSConnection object at 0x70992b940a40>: Failed to resolve \'game.agaii.org\' ([Errno -3] Temporary failure in name resolution)"))'))
[ReasonBench] marked_unscorable example_id=507f6dbb4e7d52e6f645b33aa73096e076769e196010810eeca84820375d4211 strategy=critique_refine error_records=57
[ReasonBench] error example_id=507f6dbb4e7d52e6f645b33aa73096e076769e196010810eeca84820375d4211 strategy=self_consistency error=ConnectionError(MaxRetryError('HTTPSConnectionPool(host=\'game.agaii.org\', port=443): Max retries exceeded with url: /mllm/v1/chat/completions (Caused by NameResolutionError("<urllib3.connection.HTTPSConnection object at 0x70992b9417c0>: Failed to resolve \'game.agaii.org\' ([Errno -3] Temporary failure in name resolution)"))'))
[ReasonBench] marked_unscorable example_id=507f6dbb4e7d52e6f645b33aa73096e076769e196010810eeca84820375d4211 strategy=self_consistency error_records=58
[ReasonBench] error example_id=507f6dbb4e7d52e6f645b33aa73096e076769e196010810eeca84820375d4211 strategy=selective_self_consistency error=ConnectionError(MaxRetryError('HTTPSConnectionPool(host=\'game.agaii.org\', port=443): Max retries exceeded with url: /mllm/v1/chat/completions (Caused by NameResolutionError("<urllib3.connection.HTTPSConnection object at 0x70992b941970>: Failed to resolve \'game.agaii.org\' ([Errno -3] Temporary failure in name resolution)"))'))
[ReasonBench] marked_unscorable example_id=507f6dbb4e7d52e6f645b33aa73096e076769e196010810eeca84820375d4211 strategy=selective_self_consistency error_records=59
[ReasonBench] error example_id=507f6dbb4e7d52e6f645b33aa73096e076769e196010810eeca84820375d4211 strategy=budgeted_cascade error=ConnectionError(MaxRetryError('HTTPSConnectionPool(host=\'game.agaii.org\', port=443): Max retries exceeded with url: /mllm/v1/chat/completions (Caused by NameResolutionError("<urllib3.connection.HTTPSConnection object at 0x70992b942ae0>: Failed to resolve \'game.agaii.org\' ([Errno -3] Temporary failure in name resolution)"))'))
[ReasonBench] marked_unscorable example_id=507f6dbb4e7d52e6f645b33aa73096e076769e196010810eeca84820375d4211 strategy=budgeted_cascade error_records=60
[ReasonBench] error example_id=507f6dbb4e7d52e6f645b33aa73096e076769e196010810eeca84820375d4211 strategy=few_shot_exemplar error=ConnectionError(MaxRetryError('HTTPSConnectionPool(host=\'game.agaii.org\', port=443): Max retries exceeded with url: /mllm/v1/chat/completions (Caused by NameResolutionError("<urllib3.connection.HTTPSConnection object at 0x70992b943860>: Failed to resolve \'game.agaii.org\' ([Errno -3] Temporary failure in name resolution)"))'))
[ReasonBench] marked_unscorable example_id=507f6dbb4e7d52e6f645b33aa73096e076769e196010810eeca84820375d4211 strategy=few_shot_exemplar error_records=61
[ReasonBench] error example_id=7ac5182f5b8a86a644e912d6146da1290f785382a6c178512d8348a055e0a976 strategy=direct error=ConnectionError(MaxRetryError('HTTPSConnectionPool(host=\'game.agaii.org\', port=443): Max retries exceeded with url: /mllm/v1/chat/completions (Caused by NameResolutionError("<urllib3.connection.HTTPSConnection object at 0x70992b943a10>: Failed to resolve \'game.agaii.org\' ([Errno -3] Temporary failure in name resolution)"))'))
[ReasonBench] marked_unscorable example_id=7ac5182f5b8a86a644e912d6146da1290f785382a6c178512d8348a055e0a976 strategy=direct error_records=62
[ReasonBench] error example_id=7ac5182f5b8a86a644e912d6146da1290f785382a6c178512d8348a055e0a976 strategy=concise_cot error=ConnectionError(MaxRetryError('HTTPSConnectionPool(host=\'game.agaii.org\', port=443): Max retries exceeded with url: /mllm/v1/chat/completions (Caused by NameResolutionError("<urllib3.connection.HTTPSConnection object at 0x70992b980c50>: Failed to resolve \'game.agaii.org\' ([Errno -3] Temporary failure in name resolution)"))'))
[ReasonBench] marked_unscorable example_id=7ac5182f5b8a86a644e912d6146da1290f785382a6c178512d8348a055e0a976 strategy=concise_cot error_records=63
[ReasonBench] error example_id=7ac5182f5b8a86a644e912d6146da1290f785382a6c178512d8348a055e0a976 strategy=least_to_most error=ConnectionError(MaxRetryError('HTTPSConnectionPool(host=\'game.agaii.org\', port=443): Max retries exceeded with url: /mllm/v1/chat/completions (Caused by NameResolutionError("<urllib3.connection.HTTPSConnection object at 0x70992b9819d0>: Failed to resolve \'game.agaii.org\' ([Errno -3] Temporary failure in name resolution)"))'))
[ReasonBench] marked_unscorable example_id=7ac5182f5b8a86a644e912d6146da1290f785382a6c178512d8348a055e0a976 strategy=least_to_most error_records=64
[ReasonBench] progress total=73/14360 (0.51%) new=71/14358 elapsed_s=6297.9
[ReasonBench] error example_id=7ac5182f5b8a86a644e912d6146da1290f785382a6c178512d8348a055e0a976 strategy=constraint_decompose error=ConnectionError(MaxRetryError('HTTPSConnectionPool(host=\'game.agaii.org\', port=443): Max retries exceeded with url: /mllm/v1/chat/completions (Caused by NameResolutionError("<urllib3.connection.HTTPSConnection object at 0x70992b981b80>: Failed to resolve \'game.agaii.org\' ([Errno -3] Temporary failure in name resolution)"))'))
[ReasonBench] marked_unscorable example_id=7ac5182f5b8a86a644e912d6146da1290f785382a6c178512d8348a055e0a976 strategy=constraint_decompose error_records=65
[ReasonBench] error example_id=7ac5182f5b8a86a644e912d6146da1290f785382a6c178512d8348a055e0a976 strategy=self_verify error=ConnectionError(MaxRetryError('HTTPSConnectionPool(host=\'game.agaii.org\', port=443): Max retries exceeded with url: /mllm/v1/chat/completions (Caused by NameResolutionError("<urllib3.connection.HTTPSConnection object at 0x70992b982d20>: Failed to resolve \'game.agaii.org\' ([Errno -3] Temporary failure in name resolution)"))'))
[ReasonBench] marked_unscorable example_id=7ac5182f5b8a86a644e912d6146da1290f785382a6c178512d8348a055e0a976 strategy=self_verify error_records=66
[ReasonBench] error example_id=7ac5182f5b8a86a644e912d6146da1290f785382a6c178512d8348a055e0a976 strategy=critique_refine error=ConnectionError(MaxRetryError('HTTPSConnectionPool(host=\'game.agaii.org\', port=443): Max retries exceeded with url: /mllm/v1/chat/completions (Caused by NameResolutionError("<urllib3.connection.HTTPSConnection object at 0x70992b983aa0>: Failed to resolve \'game.agaii.org\' ([Errno -3] Temporary failure in name resolution)"))'))
[ReasonBench] marked_unscorable example_id=7ac5182f5b8a86a644e912d6146da1290f785382a6c178512d8348a055e0a976 strategy=critique_refine error_records=67
[ReasonBench] error example_id=7ac5182f5b8a86a644e912d6146da1290f785382a6c178512d8348a055e0a976 strategy=self_consistency error=ConnectionError(MaxRetryError('HTTPSConnectionPool(host=\'game.agaii.org\', port=443): Max retries exceeded with url: /mllm/v1/chat/completions (Caused by NameResolutionError("<urllib3.connection.HTTPSConnection object at 0x70992b983c50>: Failed to resolve \'game.agaii.org\' ([Errno -3] Temporary failure in name resolution)"))'))
[ReasonBench] marked_unscorable example_id=7ac5182f5b8a86a644e912d6146da1290f785382a6c178512d8348a055e0a976 strategy=self_consistency error_records=68
[ReasonBench] error example_id=7ac5182f5b8a86a644e912d6146da1290f785382a6c178512d8348a055e0a976 strategy=selective_self_consistency error=ConnectionError(MaxRetryError('HTTPSConnectionPool(host=\'game.agaii.org\', port=443): Max retries exceeded with url: /mllm/v1/chat/completions (Caused by NameResolutionError("<urllib3.connection.HTTPSConnection object at 0x70992b9a8ec0>: Failed to resolve \'game.agaii.org\' ([Errno -3] Temporary failure in name resolution)"))'))
[ReasonBench] marked_unscorable example_id=7ac5182f5b8a86a644e912d6146da1290f785382a6c178512d8348a055e0a976 strategy=selective_self_consistency error_records=69
[ReasonBench] error example_id=7ac5182f5b8a86a644e912d6146da1290f785382a6c178512d8348a055e0a976 strategy=budgeted_cascade error=ConnectionError(MaxRetryError('HTTPSConnectionPool(host=\'game.agaii.org\', port=443): Max retries exceeded with url: /mllm/v1/chat/completions (Caused by NameResolutionError("<urllib3.connection.HTTPSConnection object at 0x70992b9a99d0>: Failed to resolve \'game.agaii.org\' ([Errno -3] Temporary failure in name resolution)"))'))
[ReasonBench] marked_unscorable example_id=7ac5182f5b8a86a644e912d6146da1290f785382a6c178512d8348a055e0a976 strategy=budgeted_cascade error_records=70
[ReasonBench] error example_id=7ac5182f5b8a86a644e912d6146da1290f785382a6c178512d8348a055e0a976 strategy=few_shot_exemplar error=ConnectionError(MaxRetryError('HTTPSConnectionPool(host=\'game.agaii.org\', port=443): Max retries exceeded with url: /mllm/v1/chat/completions (Caused by NameResolutionError("<urllib3.connection.HTTPSConnection object at 0x70992b9a85c0>: Failed to resolve \'game.agaii.org\' ([Errno -3] Temporary failure in name resolution)"))'))
[ReasonBench] marked_unscorable example_id=7ac5182f5b8a86a644e912d6146da1290f785382a6c178512d8348a055e0a976 strategy=few_shot_exemplar error_records=71
[ReasonBench] error example_id=412707cd401e505990ba7dcc4fae0938537212b798cafd0cabd0ec75220baecf strategy=direct error=ConnectionError(MaxRetryError('HTTPSConnectionPool(host=\'game.agaii.org\', port=443): Max retries exceeded with url: /mllm/v1/chat/completions (Caused by NameResolutionError("<urllib3.connection.HTTPSConnection object at 0x70992b9aaf60>: Failed to resolve \'game.agaii.org\' ([Errno -3] Temporary failure in name resolution)"))'))
[ReasonBench] marked_unscorable example_id=412707cd401e505990ba7dcc4fae0938537212b798cafd0cabd0ec75220baecf strategy=direct error_records=72
[ReasonBench] error example_id=412707cd401e505990ba7dcc4fae0938537212b798cafd0cabd0ec75220baecf strategy=concise_cot error=ConnectionError(MaxRetryError('HTTPSConnectionPool(host=\'game.agaii.org\', port=443): Max retries exceeded with url: /mllm/v1/chat/completions (Caused by NameResolutionError("<urllib3.connection.HTTPSConnection object at 0x70992b9ab8f0>: Failed to resolve \'game.agaii.org\' ([Errno -3] Temporary failure in name resolution)"))'))
[ReasonBench] marked_unscorable example_id=412707cd401e505990ba7dcc4fae0938537212b798cafd0cabd0ec75220baecf strategy=concise_cot error_records=73
[ReasonBench] error example_id=412707cd401e505990ba7dcc4fae0938537212b798cafd0cabd0ec75220baecf strategy=least_to_most error=ConnectionError(MaxRetryError('HTTPSConnectionPool(host=\'game.agaii.org\', port=443): Max retries exceeded with url: /mllm/v1/chat/completions (Caused by NameResolutionError("<urllib3.connection.HTTPSConnection object at 0x70992b9abcb0>: Failed to resolve \'game.agaii.org\' ([Errno -3] Temporary failure in name resolution)"))'))
[ReasonBench] marked_unscorable example_id=412707cd401e505990ba7dcc4fae0938537212b798cafd0cabd0ec75220baecf strategy=least_to_most error_records=74
[ReasonBench] error example_id=412707cd401e505990ba7dcc4fae0938537212b798cafd0cabd0ec75220baecf strategy=constraint_decompose error=ConnectionError(MaxRetryError('HTTPSConnectionPool(host=\'game.agaii.org\', port=443): Max retries exceeded with url: /mllm/v1/chat/completions (Caused by NameResolutionError("<urllib3.connection.HTTPSConnection object at 0x70992b9e9040>: Failed to resolve \'game.agaii.org\' ([Errno -3] Temporary failure in name resolution)"))'))
[ReasonBench] marked_unscorable example_id=412707cd401e505990ba7dcc4fae0938537212b798cafd0cabd0ec75220baecf strategy=constraint_decompose error_records=75
[ReasonBench] error example_id=412707cd401e505990ba7dcc4fae0938537212b798cafd0cabd0ec75220baecf strategy=self_verify error=ConnectionError(MaxRetryError('HTTPSConnectionPool(host=\'game.agaii.org\', port=443): Max retries exceeded with url: /mllm/v1/chat/completions (Caused by NameResolutionError("<urllib3.connection.HTTPSConnection object at 0x70992b9e9a90>: Failed to resolve \'game.agaii.org\' ([Errno -3] Temporary failure in name resolution)"))'))
[ReasonBench] marked_unscorable example_id=412707cd401e505990ba7dcc4fae0938537212b798cafd0cabd0ec75220baecf strategy=self_verify error_records=76
[ReasonBench] error example_id=412707cd401e505990ba7dcc4fae0938537212b798cafd0cabd0ec75220baecf strategy=critique_refine error=ConnectionError(MaxRetryError('HTTPSConnectionPool(host=\'game.agaii.org\', port=443): Max retries exceeded with url: /mllm/v1/chat/completions (Caused by NameResolutionError("<urllib3.connection.HTTPSConnection object at 0x70992b9e9e50>: Failed to resolve \'game.agaii.org\' ([Errno -3] Temporary failure in name resolution)"))'))
[ReasonBench] marked_unscorable example_id=412707cd401e505990ba7dcc4fae0938537212b798cafd0cabd0ec75220baecf strategy=critique_refine error_records=77
[ReasonBench] error example_id=412707cd401e505990ba7dcc4fae0938537212b798cafd0cabd0ec75220baecf strategy=self_consistency error=ConnectionError(MaxRetryError('HTTPSConnectionPool(host=\'game.agaii.org\', port=443): Max retries exceeded with url: /mllm/v1/chat/completions (Caused by NameResolutionError("<urllib3.connection.HTTPSConnection object at 0x70992b9eb1a0>: Failed to resolve \'game.agaii.org\' ([Errno -3] Temporary failure in name resolution)"))'))
[ReasonBench] marked_unscorable example_id=412707cd401e505990ba7dcc4fae0938537212b798cafd0cabd0ec75220baecf strategy=self_consistency error_records=78
[ReasonBench] error example_id=412707cd401e505990ba7dcc4fae0938537212b798cafd0cabd0ec75220baecf strategy=selective_self_consistency error=ConnectionError(MaxRetryError('HTTPSConnectionPool(host=\'game.agaii.org\', port=443): Max retries exceeded with url: /mllm/v1/chat/completions (Caused by NameResolutionError("<urllib3.connection.HTTPSConnection object at 0x70992b9ebb30>: Failed to resolve \'game.agaii.org\' ([Errno -3] Temporary failure in name resolution)"))'))
[ReasonBench] marked_unscorable example_id=412707cd401e505990ba7dcc4fae0938537212b798cafd0cabd0ec75220baecf strategy=selective_self_consistency error_records=79
[ReasonBench] error example_id=412707cd401e505990ba7dcc4fae0938537212b798cafd0cabd0ec75220baecf strategy=budgeted_cascade error=ConnectionError(MaxRetryError('HTTPSConnectionPool(host=\'game.agaii.org\', port=443): Max retries exceeded with url: /mllm/v1/chat/completions (Caused by NameResolutionError("<urllib3.connection.HTTPSConnection object at 0x70992b9ebce0>: Failed to resolve \'game.agaii.org\' ([Errno -3] Temporary failure in name resolution)"))'))
[ReasonBench] marked_unscorable example_id=412707cd401e505990ba7dcc4fae0938537212b798cafd0cabd0ec75220baecf strategy=budgeted_cascade error_records=80
[ReasonBench] error example_id=412707cd401e505990ba7dcc4fae0938537212b798cafd0cabd0ec75220baecf strategy=few_shot_exemplar error=ConnectionError(MaxRetryError('HTTPSConnectionPool(host=\'game.agaii.org\', port=443): Max retries exceeded with url: /mllm/v1/chat/completions (Caused by NameResolutionError("<urllib3.connection.HTTPSConnection object at 0x70992b81d100>: Failed to resolve \'game.agaii.org\' ([Errno -3] Temporary failure in name resolution)"))'))
[ReasonBench] marked_unscorable example_id=412707cd401e505990ba7dcc4fae0938537212b798cafd0cabd0ec75220baecf strategy=few_shot_exemplar error_records=81
[ReasonBench] error example_id=75a3057122fddbd336b3e9a664d6254556cc1854312b07188cb719b9636a0acc strategy=concise_cot error=ConnectionError(MaxRetryError('HTTPSConnectionPool(host=\'game.agaii.org\', port=443): Max retries exceeded with url: /mllm/v1/chat/completions (Caused by NameResolutionError("<urllib3.connection.HTTPSConnection object at 0x70992b81ddc0>: Failed to resolve \'game.agaii.org\' ([Errno -3] Temporary failure in name resolution)"))'))
[ReasonBench] marked_unscorable example_id=75a3057122fddbd336b3e9a664d6254556cc1854312b07188cb719b9636a0acc strategy=concise_cot error_records=82
[ReasonBench] error example_id=75a3057122fddbd336b3e9a664d6254556cc1854312b07188cb719b9636a0acc strategy=direct error=ConnectionError(MaxRetryError('HTTPSConnectionPool(host=\'game.agaii.org\', port=443): Max retries exceeded with url: /mllm/v1/chat/completions (Caused by NameResolutionError("<urllib3.connection.HTTPSConnection object at 0x70992b81dc10>: Failed to resolve \'game.agaii.org\' ([Errno -3] Temporary failure in name resolution)"))'))
[ReasonBench] marked_unscorable example_id=75a3057122fddbd336b3e9a664d6254556cc1854312b07188cb719b9636a0acc strategy=direct error_records=83
[ReasonBench] error example_id=75a3057122fddbd336b3e9a664d6254556cc1854312b07188cb719b9636a0acc strategy=least_to_most error=ConnectionError(MaxRetryError('HTTPSConnectionPool(host=\'game.agaii.org\', port=443): Max retries exceeded with url: /mllm/v1/chat/completions (Caused by NameResolutionError("<urllib3.connection.HTTPSConnection object at 0x70992b81f1a0>: Failed to resolve \'game.agaii.org\' ([Errno -3] Temporary failure in name resolution)"))'))
[ReasonBench] marked_unscorable example_id=75a3057122fddbd336b3e9a664d6254556cc1854312b07188cb719b9636a0acc strategy=least_to_most error_records=84
[ReasonBench] error example_id=75a3057122fddbd336b3e9a664d6254556cc1854312b07188cb719b9636a0acc strategy=constraint_decompose error=ConnectionError(MaxRetryError('HTTPSConnectionPool(host=\'game.agaii.org\', port=443): Max retries exceeded with url: /mllm/v1/chat/completions (Caused by NameResolutionError("<urllib3.connection.HTTPSConnection object at 0x70992b81fe60>: Failed to resolve \'game.agaii.org\' ([Errno -3] Temporary failure in name resolution)"))'))
[ReasonBench] marked_unscorable example_id=75a3057122fddbd336b3e9a664d6254556cc1854312b07188cb719b9636a0acc strategy=constraint_decompose error_records=85
[ReasonBench] error example_id=75a3057122fddbd336b3e9a664d6254556cc1854312b07188cb719b9636a0acc strategy=self_verify error=ConnectionError(MaxRetryError('HTTPSConnectionPool(host=\'game.agaii.org\', port=443): Max retries exceeded with url: /mllm/v1/chat/completions (Caused by NameResolutionError("<urllib3.connection.HTTPSConnection object at 0x70992b81fcb0>: Failed to resolve \'game.agaii.org\' ([Errno -3] Temporary failure in name resolution)"))'))
[ReasonBench] marked_unscorable example_id=75a3057122fddbd336b3e9a664d6254556cc1854312b07188cb719b9636a0acc strategy=self_verify error_records=86
[ReasonBench] error example_id=75a3057122fddbd336b3e9a664d6254556cc1854312b07188cb719b9636a0acc strategy=critique_refine error=ConnectionError(MaxRetryError('HTTPSConnectionPool(host=\'game.agaii.org\', port=443): Max retries exceeded with url: /mllm/v1/chat/completions (Caused by NameResolutionError("<urllib3.connection.HTTPSConnection object at 0x70992b8652b0>: Failed to resolve \'game.agaii.org\' ([Errno -3] Temporary failure in name resolution)"))'))
[ReasonBench] marked_unscorable example_id=75a3057122fddbd336b3e9a664d6254556cc1854312b07188cb719b9636a0acc strategy=critique_refine error_records=87
[ReasonBench] error example_id=75a3057122fddbd336b3e9a664d6254556cc1854312b07188cb719b9636a0acc strategy=selective_self_consistency error=ConnectionError(MaxRetryError('HTTPSConnectionPool(host=\'game.agaii.org\', port=443): Max retries exceeded with url: /mllm/v1/chat/completions (Caused by NameResolutionError("<urllib3.connection.HTTPSConnection object at 0x70992b865fd0>: Failed to resolve \'game.agaii.org\' ([Errno -3] Temporary failure in name resolution)"))'))
[ReasonBench] marked_unscorable example_id=75a3057122fddbd336b3e9a664d6254556cc1854312b07188cb719b9636a0acc strategy=selective_self_consistency error_records=88
[ReasonBench] error example_id=75a3057122fddbd336b3e9a664d6254556cc1854312b07188cb719b9636a0acc strategy=self_consistency error=ConnectionError(MaxRetryError('HTTPSConnectionPool(host=\'game.agaii.org\', port=443): Max retries exceeded with url: /mllm/v1/chat/completions (Caused by NameResolutionError("<urllib3.connection.HTTPSConnection object at 0x70992b866180>: Failed to resolve \'game.agaii.org\' ([Errno -3] Temporary failure in name resolution)"))'))
[ReasonBench] marked_unscorable example_id=75a3057122fddbd336b3e9a664d6254556cc1854312b07188cb719b9636a0acc strategy=self_consistency error_records=89
[ReasonBench] error example_id=75a3057122fddbd336b3e9a664d6254556cc1854312b07188cb719b9636a0acc strategy=budgeted_cascade error=ConnectionError(MaxRetryError('HTTPSConnectionPool(host=\'game.agaii.org\', port=443): Max retries exceeded with url: /mllm/v1/chat/completions (Caused by NameResolutionError("<urllib3.connection.HTTPSConnection object at 0x70992b867410>: Failed to resolve \'game.agaii.org\' ([Errno -3] Temporary failure in name resolution)"))'))
[ReasonBench] marked_unscorable example_id=75a3057122fddbd336b3e9a664d6254556cc1854312b07188cb719b9636a0acc strategy=budgeted_cascade error_records=90
[ReasonBench] error example_id=75a3057122fddbd336b3e9a664d6254556cc1854312b07188cb719b9636a0acc strategy=few_shot_exemplar error=ConnectionError(MaxRetryError('HTTPSConnectionPool(host=\'game.agaii.org\', port=443): Max retries exceeded with url: /mllm/v1/chat/completions (Caused by NameResolutionError("<urllib3.connection.HTTPSConnection object at 0x70992b89c1d0>: Failed to resolve \'game.agaii.org\' ([Errno -3] Temporary failure in name resolution)"))'))
[ReasonBench] marked_unscorable example_id=75a3057122fddbd336b3e9a664d6254556cc1854312b07188cb719b9636a0acc strategy=few_shot_exemplar error_records=91
[ReasonBench] error example_id=5a17ebccc62403424aaaa96b3fe4b93604c49ef84c15556490d7e86b10b5126f strategy=direct error=ConnectionError(MaxRetryError('HTTPSConnectionPool(host=\'game.agaii.org\', port=443): Max retries exceeded with url: /mllm/v1/chat/completions (Caused by NameResolutionError("<urllib3.connection.HTTPSConnection object at 0x70992b89c380>: Failed to resolve \'game.agaii.org\' ([Errno -3] Temporary failure in name resolution)"))'))
[ReasonBench] marked_unscorable example_id=5a17ebccc62403424aaaa96b3fe4b93604c49ef84c15556490d7e86b10b5126f strategy=direct error_records=92
[ReasonBench] error example_id=5a17ebccc62403424aaaa96b3fe4b93604c49ef84c15556490d7e86b10b5126f strategy=concise_cot error=ConnectionError(MaxRetryError('HTTPSConnectionPool(host=\'game.agaii.org\', port=443): Max retries exceeded with url: /mllm/v1/chat/completions (Caused by NameResolutionError("<urllib3.connection.HTTPSConnection object at 0x70992b89d580>: Failed to resolve \'game.agaii.org\' ([Errno -3] Temporary failure in name resolution)"))'))
[ReasonBench] marked_unscorable example_id=5a17ebccc62403424aaaa96b3fe4b93604c49ef84c15556490d7e86b10b5126f strategy=concise_cot error_records=93
[ReasonBench] error example_id=5a17ebccc62403424aaaa96b3fe4b93604c49ef84c15556490d7e86b10b5126f strategy=constraint_decompose error=ConnectionError(MaxRetryError('HTTPSConnectionPool(host=\'game.agaii.org\', port=443): Max retries exceeded with url: /mllm/v1/chat/completions (Caused by NameResolutionError("<urllib3.connection.HTTPSConnection object at 0x70992b89e0c0>: Failed to resolve \'game.agaii.org\' ([Errno -3] Temporary failure in name resolution)"))'))
[ReasonBench] marked_unscorable example_id=5a17ebccc62403424aaaa96b3fe4b93604c49ef84c15556490d7e86b10b5126f strategy=constraint_decompose error_records=94
[ReasonBench] error example_id=5a17ebccc62403424aaaa96b3fe4b93604c49ef84c15556490d7e86b10b5126f strategy=least_to_most error=ConnectionError(MaxRetryError('HTTPSConnectionPool(host=\'game.agaii.org\', port=443): Max retries exceeded with url: /mllm/v1/chat/completions (Caused by NameResolutionError("<urllib3.connection.HTTPSConnection object at 0x70992b89e270>: Failed to resolve \'game.agaii.org\' ([Errno -3] Temporary failure in name resolution)"))'))
[ReasonBench] marked_unscorable example_id=5a17ebccc62403424aaaa96b3fe4b93604c49ef84c15556490d7e86b10b5126f strategy=least_to_most error_records=95
[ReasonBench] error example_id=5a17ebccc62403424aaaa96b3fe4b93604c49ef84c15556490d7e86b10b5126f strategy=self_verify error=ConnectionError(MaxRetryError('HTTPSConnectionPool(host=\'game.agaii.org\', port=443): Max retries exceeded with url: /mllm/v1/chat/completions (Caused by NameResolutionError("<urllib3.connection.HTTPSConnection object at 0x70992b89f5c0>: Failed to resolve \'game.agaii.org\' ([Errno -3] Temporary failure in name resolution)"))'))
[ReasonBench] marked_unscorable example_id=5a17ebccc62403424aaaa96b3fe4b93604c49ef84c15556490d7e86b10b5126f strategy=self_verify error_records=96
[ReasonBench] error example_id=5a17ebccc62403424aaaa96b3fe4b93604c49ef84c15556490d7e86b10b5126f strategy=critique_refine error=ConnectionError(MaxRetryError('HTTPSConnectionPool(host=\'game.agaii.org\', port=443): Max retries exceeded with url: /mllm/v1/chat/completions (Caused by NameResolutionError("<urllib3.connection.HTTPSConnection object at 0x70992b8dc170>: Failed to resolve \'game.agaii.org\' ([Errno -3] Temporary failure in name resolution)"))'))
[ReasonBench] marked_unscorable example_id=5a17ebccc62403424aaaa96b3fe4b93604c49ef84c15556490d7e86b10b5126f strategy=critique_refine error_records=97
[ReasonBench] error example_id=5a17ebccc62403424aaaa96b3fe4b93604c49ef84c15556490d7e86b10b5126f strategy=self_consistency error=ConnectionError(MaxRetryError('HTTPSConnectionPool(host=\'game.agaii.org\', port=443): Max retries exceeded with url: /mllm/v1/chat/completions (Caused by NameResolutionError("<urllib3.connection.HTTPSConnection object at 0x70992b89ff80>: Failed to resolve \'game.agaii.org\' ([Errno -3] Temporary failure in name resolution)"))'))
[ReasonBench] marked_unscorable example_id=5a17ebccc62403424aaaa96b3fe4b93604c49ef84c15556490d7e86b10b5126f strategy=self_consistency error_records=98
[ReasonBench] error example_id=5a17ebccc62403424aaaa96b3fe4b93604c49ef84c15556490d7e86b10b5126f strategy=selective_self_consistency error=RetryError(MaxRetryError("HTTPSConnectionPool(host='game.agaii.org', port=443): Max retries exceeded with url: /mllm/v1/chat/completions (Caused by ResponseError('too many 502 error responses'))"))
[ReasonBench] marked_unscorable example_id=5a17ebccc62403424aaaa96b3fe4b93604c49ef84c15556490d7e86b10b5126f strategy=selective_self_consistency error_records=99
[ReasonBench] error example_id=5a17ebccc62403424aaaa96b3fe4b93604c49ef84c15556490d7e86b10b5126f strategy=budgeted_cascade error=ConnectionError(MaxRetryError('HTTPSConnectionPool(host=\'game.agaii.org\', port=443): Max retries exceeded with url: /mllm/v1/chat/completions (Caused by ReadTimeoutError("HTTPSConnectionPool(host=\'game.agaii.org\', port=443): Read timed out. (read timeout=180)"))'))
[ReasonBench] marked_unscorable example_id=5a17ebccc62403424aaaa96b3fe4b93604c49ef84c15556490d7e86b10b5126f strategy=budgeted_cascade error_records=100
[ReasonBench] error example_id=63a5960e3858d9b8ca8f734d21ac4828a9d96f67596da0b29f7b3c6b1298aee2 strategy=least_to_most error=ConnectionError(MaxRetryError('HTTPSConnectionPool(host=\'game.agaii.org\', port=443): Max retries exceeded with url: /mllm/v1/chat/completions (Caused by ReadTimeoutError("HTTPSConnectionPool(host=\'game.agaii.org\', port=443): Read timed out. (read timeout=180)"))'))
[ReasonBench] marked_unscorable example_id=63a5960e3858d9b8ca8f734d21ac4828a9d96f67596da0b29f7b3c6b1298aee2 strategy=least_to_most error_records=101
[ReasonBench] error example_id=63a5960e3858d9b8ca8f734d21ac4828a9d96f67596da0b29f7b3c6b1298aee2 strategy=constraint_decompose error=ConnectionError(MaxRetryError('HTTPSConnectionPool(host=\'game.agaii.org\', port=443): Max retries exceeded with url: /mllm/v1/chat/completions (Caused by ReadTimeoutError("HTTPSConnectionPool(host=\'game.agaii.org\', port=443): Read timed out. (read timeout=180)"))'))
[ReasonBench] marked_unscorable example_id=63a5960e3858d9b8ca8f734d21ac4828a9d96f67596da0b29f7b3c6b1298aee2 strategy=constraint_decompose error_records=102
[ReasonBench] error example_id=63a5960e3858d9b8ca8f734d21ac4828a9d96f67596da0b29f7b3c6b1298aee2 strategy=self_verify error=ConnectionError(MaxRetryError('HTTPSConnectionPool(host=\'game.agaii.org\', port=443): Max retries exceeded with url: /mllm/v1/chat/completions (Caused by ReadTimeoutError("HTTPSConnectionPool(host=\'game.agaii.org\', port=443): Read timed out. (read timeout=180)"))'))
[ReasonBench] marked_unscorable example_id=63a5960e3858d9b8ca8f734d21ac4828a9d96f67596da0b29f7b3c6b1298aee2 strategy=self_verify error_records=103
[ReasonBench] error example_id=63a5960e3858d9b8ca8f734d21ac4828a9d96f67596da0b29f7b3c6b1298aee2 strategy=critique_refine error=ConnectionError(MaxRetryError('HTTPSConnectionPool(host=\'game.agaii.org\', port=443): Max retries exceeded with url: /mllm/v1/chat/completions (Caused by ReadTimeoutError("HTTPSConnectionPool(host=\'game.agaii.org\', port=443): Read timed out. (read timeout=180)"))'))
[ReasonBench] marked_unscorable example_id=63a5960e3858d9b8ca8f734d21ac4828a9d96f67596da0b29f7b3c6b1298aee2 strategy=critique_refine error_records=104
[ReasonBench] error example_id=63a5960e3858d9b8ca8f734d21ac4828a9d96f67596da0b29f7b3c6b1298aee2 strategy=self_consistency error=ConnectionError(MaxRetryError('HTTPSConnectionPool(host=\'game.agaii.org\', port=443): Max retries exceeded with url: /mllm/v1/chat/completions (Caused by ReadTimeoutError("HTTPSConnectionPool(host=\'game.agaii.org\', port=443): Read timed out. (read timeout=180)"))'))
[ReasonBench] marked_unscorable example_id=63a5960e3858d9b8ca8f734d21ac4828a9d96f67596da0b29f7b3c6b1298aee2 strategy=self_consistency error_records=105
[ReasonBench] error example_id=63a5960e3858d9b8ca8f734d21ac4828a9d96f67596da0b29f7b3c6b1298aee2 strategy=selective_self_consistency error=ConnectionError(MaxRetryError('HTTPSConnectionPool(host=\'game.agaii.org\', port=443): Max retries exceeded with url: /mllm/v1/chat/completions (Caused by ReadTimeoutError("HTTPSConnectionPool(host=\'game.agaii.org\', port=443): Read timed out. (read timeout=180)"))'))
[ReasonBench] marked_unscorable example_id=63a5960e3858d9b8ca8f734d21ac4828a9d96f67596da0b29f7b3c6b1298aee2 strategy=selective_self_consistency error_records=106
[ReasonBench] error example_id=63a5960e3858d9b8ca8f734d21ac4828a9d96f67596da0b29f7b3c6b1298aee2 strategy=few_shot_exemplar error=ConnectionError(MaxRetryError('HTTPSConnectionPool(host=\'game.agaii.org\', port=443): Max retries exceeded with url: /mllm/v1/chat/completions (Caused by ReadTimeoutError("HTTPSConnectionPool(host=\'game.agaii.org\', port=443): Read timed out. (read timeout=180)"))'))
[ReasonBench] marked_unscorable example_id=63a5960e3858d9b8ca8f734d21ac4828a9d96f67596da0b29f7b3c6b1298aee2 strategy=few_shot_exemplar error_records=107
[ReasonBench] error example_id=0c1688303f94019295a1fe3d5d691494e6226647d863fbaf7205cd12573d1dd5 strategy=direct error=ConnectionError(MaxRetryError('HTTPSConnectionPool(host=\'game.agaii.org\', port=443): Max retries exceeded with url: /mllm/v1/chat/completions (Caused by ReadTimeoutError("HTTPSConnectionPool(host=\'game.agaii.org\', port=443): Read timed out. (read timeout=180)"))'))
[ReasonBench] marked_unscorable example_id=0c1688303f94019295a1fe3d5d691494e6226647d863fbaf7205cd12573d1dd5 strategy=direct error_records=108
[ReasonBench] error example_id=0c1688303f94019295a1fe3d5d691494e6226647d863fbaf7205cd12573d1dd5 strategy=concise_cot error=ConnectionError(MaxRetryError('HTTPSConnectionPool(host=\'game.agaii.org\', port=443): Max retries exceeded with url: /mllm/v1/chat/completions (Caused by ReadTimeoutError("HTTPSConnectionPool(host=\'game.agaii.org\', port=443): Read timed out. (read timeout=180)"))'))
[ReasonBench] marked_unscorable example_id=0c1688303f94019295a1fe3d5d691494e6226647d863fbaf7205cd12573d1dd5 strategy=concise_cot error_records=109
[ReasonBench] error example_id=0c1688303f94019295a1fe3d5d691494e6226647d863fbaf7205cd12573d1dd5 strategy=least_to_most error=ConnectionError(MaxRetryError('HTTPSConnectionPool(host=\'game.agaii.org\', port=443): Max retries exceeded with url: /mllm/v1/chat/completions (Caused by ReadTimeoutError("HTTPSConnectionPool(host=\'game.agaii.org\', port=443): Read timed out. (read timeout=180)"))'))
[ReasonBench] marked_unscorable example_id=0c1688303f94019295a1fe3d5d691494e6226647d863fbaf7205cd12573d1dd5 strategy=least_to_most error_records=110
[ReasonBench] error example_id=0c1688303f94019295a1fe3d5d691494e6226647d863fbaf7205cd12573d1dd5 strategy=constraint_decompose error=ConnectionError(MaxRetryError('HTTPSConnectionPool(host=\'game.agaii.org\', port=443): Max retries exceeded with url: /mllm/v1/chat/completions (Caused by ReadTimeoutError("HTTPSConnectionPool(host=\'game.agaii.org\', port=443): Read timed out. (read timeout=180)"))'))
[ReasonBench] marked_unscorable example_id=0c1688303f94019295a1fe3d5d691494e6226647d863fbaf7205cd12573d1dd5 strategy=constraint_decompose error_records=111
[ReasonBench] error example_id=0c1688303f94019295a1fe3d5d691494e6226647d863fbaf7205cd12573d1dd5 strategy=self_verify error=ConnectionError(MaxRetryError('HTTPSConnectionPool(host=\'game.agaii.org\', port=443): Max retries exceeded with url: /mllm/v1/chat/completions (Caused by ReadTimeoutError("HTTPSConnectionPool(host=\'game.agaii.org\', port=443): Read timed out. (read timeout=180)"))'))
[ReasonBench] marked_unscorable example_id=0c1688303f94019295a1fe3d5d691494e6226647d863fbaf7205cd12573d1dd5 strategy=self_verify error_records=112
[ReasonBench] error example_id=0c1688303f94019295a1fe3d5d691494e6226647d863fbaf7205cd12573d1dd5 strategy=critique_refine error=ConnectionError(MaxRetryError('HTTPSConnectionPool(host=\'game.agaii.org\', port=443): Max retries exceeded with url: /mllm/v1/chat/completions (Caused by ReadTimeoutError("HTTPSConnectionPool(host=\'game.agaii.org\', port=443): Read timed out. (read timeout=180)"))'))
[ReasonBench] marked_unscorable example_id=0c1688303f94019295a1fe3d5d691494e6226647d863fbaf7205cd12573d1dd5 strategy=critique_refine error_records=113
[ReasonBench] error example_id=0c1688303f94019295a1fe3d5d691494e6226647d863fbaf7205cd12573d1dd5 strategy=self_consistency error=ConnectionError(MaxRetryError('HTTPSConnectionPool(host=\'game.agaii.org\', port=443): Max retries exceeded with url: /mllm/v1/chat/completions (Caused by ReadTimeoutError("HTTPSConnectionPool(host=\'game.agaii.org\', port=443): Read timed out. (read timeout=180)"))'))
[ReasonBench] marked_unscorable example_id=0c1688303f94019295a1fe3d5d691494e6226647d863fbaf7205cd12573d1dd5 strategy=self_consistency error_records=114
[ReasonBench] error example_id=0c1688303f94019295a1fe3d5d691494e6226647d863fbaf7205cd12573d1dd5 strategy=selective_self_consistency error=ConnectionError(MaxRetryError('HTTPSConnectionPool(host=\'game.agaii.org\', port=443): Max retries exceeded with url: /mllm/v1/chat/completions (Caused by ReadTimeoutError("HTTPSConnectionPool(host=\'game.agaii.org\', port=443): Read timed out. (read timeout=180)"))'))
[ReasonBench] marked_unscorable example_id=0c1688303f94019295a1fe3d5d691494e6226647d863fbaf7205cd12573d1dd5 strategy=selective_self_consistency error_records=115
[ReasonBench] error example_id=0c1688303f94019295a1fe3d5d691494e6226647d863fbaf7205cd12573d1dd5 strategy=budgeted_cascade error=ConnectionError(MaxRetryError('HTTPSConnectionPool(host=\'game.agaii.org\', port=443): Max retries exceeded with url: /mllm/v1/chat/completions (Caused by ReadTimeoutError("HTTPSConnectionPool(host=\'game.agaii.org\', port=443): Read timed out. (read timeout=180)"))'))
[ReasonBench] marked_unscorable example_id=0c1688303f94019295a1fe3d5d691494e6226647d863fbaf7205cd12573d1dd5 strategy=budgeted_cascade error_records=116
[ReasonBench] error example_id=0c1688303f94019295a1fe3d5d691494e6226647d863fbaf7205cd12573d1dd5 strategy=few_shot_exemplar error=ConnectionError(MaxRetryError('HTTPSConnectionPool(host=\'game.agaii.org\', port=443): Max retries exceeded with url: /mllm/v1/chat/completions (Caused by ReadTimeoutError("HTTPSConnectionPool(host=\'game.agaii.org\', port=443): Read timed out. (read timeout=180)"))'))
[ReasonBench] marked_unscorable example_id=0c1688303f94019295a1fe3d5d691494e6226647d863fbaf7205cd12573d1dd5 strategy=few_shot_exemplar error_records=117
[ReasonBench] error example_id=3e0ba617402710c701decb2edec4b14fb15a84d74dd02510fd932f3902be1827 strategy=direct error=ConnectionError(MaxRetryError('HTTPSConnectionPool(host=\'game.agaii.org\', port=443): Max retries exceeded with url: /mllm/v1/chat/completions (Caused by ReadTimeoutError("HTTPSConnectionPool(host=\'game.agaii.org\', port=443): Read timed out. (read timeout=180)"))'))
[ReasonBench] marked_unscorable example_id=3e0ba617402710c701decb2edec4b14fb15a84d74dd02510fd932f3902be1827 strategy=direct error_records=118
[ReasonBench] error example_id=3e0ba617402710c701decb2edec4b14fb15a84d74dd02510fd932f3902be1827 strategy=concise_cot error=ConnectionError(MaxRetryError('HTTPSConnectionPool(host=\'game.agaii.org\', port=443): Max retries exceeded with url: /mllm/v1/chat/completions (Caused by ReadTimeoutError("HTTPSConnectionPool(host=\'game.agaii.org\', port=443): Read timed out. (read timeout=180)"))'))
[ReasonBench] marked_unscorable example_id=3e0ba617402710c701decb2edec4b14fb15a84d74dd02510fd932f3902be1827 strategy=concise_cot error_records=119
[ReasonBench] error example_id=3e0ba617402710c701decb2edec4b14fb15a84d74dd02510fd932f3902be1827 strategy=least_to_most error=ConnectionError(MaxRetryError('HTTPSConnectionPool(host=\'game.agaii.org\', port=443): Max retries exceeded with url: /mllm/v1/chat/completions (Caused by ReadTimeoutError("HTTPSConnectionPool(host=\'game.agaii.org\', port=443): Read timed out. (read timeout=180)"))'))
[ReasonBench] marked_unscorable example_id=3e0ba617402710c701decb2edec4b14fb15a84d74dd02510fd932f3902be1827 strategy=least_to_most error_records=120
[ReasonBench] error example_id=3e0ba617402710c701decb2edec4b14fb15a84d74dd02510fd932f3902be1827 strategy=self_verify error=ConnectionError(MaxRetryError('HTTPSConnectionPool(host=\'game.agaii.org\', port=443): Max retries exceeded with url: /mllm/v1/chat/completions (Caused by ReadTimeoutError("HTTPSConnectionPool(host=\'game.agaii.org\', port=443): Read timed out. (read timeout=180)"))'))
[ReasonBench] marked_unscorable example_id=3e0ba617402710c701decb2edec4b14fb15a84d74dd02510fd932f3902be1827 strategy=self_verify error_records=121
[ReasonBench] error example_id=3e0ba617402710c701decb2edec4b14fb15a84d74dd02510fd932f3902be1827 strategy=constraint_decompose error=ConnectionError(MaxRetryError('HTTPSConnectionPool(host=\'game.agaii.org\', port=443): Max retries exceeded with url: /mllm/v1/chat/completions (Caused by ReadTimeoutError("HTTPSConnectionPool(host=\'game.agaii.org\', port=443): Read timed out. (read timeout=180)"))'))
[ReasonBench] marked_unscorable example_id=3e0ba617402710c701decb2edec4b14fb15a84d74dd02510fd932f3902be1827 strategy=constraint_decompose error_records=122
[ReasonBench] error example_id=3e0ba617402710c701decb2edec4b14fb15a84d74dd02510fd932f3902be1827 strategy=critique_refine error=ConnectionError(MaxRetryError('HTTPSConnectionPool(host=\'game.agaii.org\', port=443): Max retries exceeded with url: /mllm/v1/chat/completions (Caused by ReadTimeoutError("HTTPSConnectionPool(host=\'game.agaii.org\', port=443): Read timed out. (read timeout=180)"))'))
[ReasonBench] marked_unscorable example_id=3e0ba617402710c701decb2edec4b14fb15a84d74dd02510fd932f3902be1827 strategy=critique_refine error_records=123
[ReasonBench] error example_id=3e0ba617402710c701decb2edec4b14fb15a84d74dd02510fd932f3902be1827 strategy=self_consistency error=ConnectionError(MaxRetryError('HTTPSConnectionPool(host=\'game.agaii.org\', port=443): Max retries exceeded with url: /mllm/v1/chat/completions (Caused by ReadTimeoutError("HTTPSConnectionPool(host=\'game.agaii.org\', port=443): Read timed out. (read timeout=180)"))'))
[ReasonBench] marked_unscorable example_id=3e0ba617402710c701decb2edec4b14fb15a84d74dd02510fd932f3902be1827 strategy=self_consistency error_records=124
[ReasonBench] error example_id=3e0ba617402710c701decb2edec4b14fb15a84d74dd02510fd932f3902be1827 strategy=selective_self_consistency error=ConnectionError(MaxRetryError('HTTPSConnectionPool(host=\'game.agaii.org\', port=443): Max retries exceeded with url: /mllm/v1/chat/completions (Caused by ReadTimeoutError("HTTPSConnectionPool(host=\'game.agaii.org\', port=443): Read timed out. (read timeout=180)"))'))
[ReasonBench] marked_unscorable example_id=3e0ba617402710c701decb2edec4b14fb15a84d74dd02510fd932f3902be1827 strategy=selective_self_consistency error_records=125
[ReasonBench] error example_id=3e0ba617402710c701decb2edec4b14fb15a84d74dd02510fd932f3902be1827 strategy=budgeted_cascade error=ConnectionError(MaxRetryError('HTTPSConnectionPool(host=\'game.agaii.org\', port=443): Max retries exceeded with url: /mllm/v1/chat/completions (Caused by ReadTimeoutError("HTTPSConnectionPool(host=\'game.agaii.org\', port=443): Read timed out. (read timeout=180)"))'))
[ReasonBench] marked_unscorable example_id=3e0ba617402710c701decb2edec4b14fb15a84d74dd02510fd932f3902be1827 strategy=budgeted_cascade error_records=126
[ReasonBench] error example_id=3e0ba617402710c701decb2edec4b14fb15a84d74dd02510fd932f3902be1827 strategy=few_shot_exemplar error=ConnectionError(MaxRetryError('HTTPSConnectionPool(host=\'game.agaii.org\', port=443): Max retries exceeded with url: /mllm/v1/chat/completions (Caused by ReadTimeoutError("HTTPSConnectionPool(host=\'game.agaii.org\', port=443): Read timed out. (read timeout=180)"))'))
[ReasonBench] marked_unscorable example_id=3e0ba617402710c701decb2edec4b14fb15a84d74dd02510fd932f3902be1827 strategy=few_shot_exemplar error_records=127
[ReasonBench] error example_id=832eb791ff0dae774b2f1d75ba01356d9f49fead0dacaa466d83fb1e59a8dd78 strategy=direct error=ConnectionError(MaxRetryError('HTTPSConnectionPool(host=\'game.agaii.org\', port=443): Max retries exceeded with url: /mllm/v1/chat/completions (Caused by ReadTimeoutError("HTTPSConnectionPool(host=\'game.agaii.org\', port=443): Read timed out. (read timeout=180)"))'))
[ReasonBench] marked_unscorable example_id=832eb791ff0dae774b2f1d75ba01356d9f49fead0dacaa466d83fb1e59a8dd78 strategy=direct error_records=128
[ReasonBench] error example_id=832eb791ff0dae774b2f1d75ba01356d9f49fead0dacaa466d83fb1e59a8dd78 strategy=concise_cot error=ConnectionError(MaxRetryError('HTTPSConnectionPool(host=\'game.agaii.org\', port=443): Max retries exceeded with url: /mllm/v1/chat/completions (Caused by ReadTimeoutError("HTTPSConnectionPool(host=\'game.agaii.org\', port=443): Read timed out. (read timeout=180)"))'))
[ReasonBench] marked_unscorable example_id=832eb791ff0dae774b2f1d75ba01356d9f49fead0dacaa466d83fb1e59a8dd78 strategy=concise_cot error_records=129
[ReasonBench] error example_id=832eb791ff0dae774b2f1d75ba01356d9f49fead0dacaa466d83fb1e59a8dd78 strategy=least_to_most error=ConnectionError(MaxRetryError('HTTPSConnectionPool(host=\'game.agaii.org\', port=443): Max retries exceeded with url: /mllm/v1/chat/completions (Caused by ReadTimeoutError("HTTPSConnectionPool(host=\'game.agaii.org\', port=443): Read timed out. (read timeout=180)"))'))
[ReasonBench] marked_unscorable example_id=832eb791ff0dae774b2f1d75ba01356d9f49fead0dacaa466d83fb1e59a8dd78 strategy=least_to_most error_records=130
[ReasonBench] error example_id=832eb791ff0dae774b2f1d75ba01356d9f49fead0dacaa466d83fb1e59a8dd78 strategy=constraint_decompose error=ConnectionError(MaxRetryError('HTTPSConnectionPool(host=\'game.agaii.org\', port=443): Max retries exceeded with url: /mllm/v1/chat/completions (Caused by ReadTimeoutError("HTTPSConnectionPool(host=\'game.agaii.org\', port=443): Read timed out. (read timeout=180)"))'))
[ReasonBench] marked_unscorable example_id=832eb791ff0dae774b2f1d75ba01356d9f49fead0dacaa466d83fb1e59a8dd78 strategy=constraint_decompose error_records=131
[ReasonBench] progress total=144/14360 (1.00%) new=142/14358 elapsed_s=14715.4
[ReasonBench] error example_id=832eb791ff0dae774b2f1d75ba01356d9f49fead0dacaa466d83fb1e59a8dd78 strategy=self_verify error=ConnectionError(MaxRetryError('HTTPSConnectionPool(host=\'game.agaii.org\', port=443): Max retries exceeded with url: /mllm/v1/chat/completions (Caused by ReadTimeoutError("HTTPSConnectionPool(host=\'game.agaii.org\', port=443): Read timed out. (read timeout=180)"))'))
[ReasonBench] marked_unscorable example_id=832eb791ff0dae774b2f1d75ba01356d9f49fead0dacaa466d83fb1e59a8dd78 strategy=self_verify error_records=132
[ReasonBench] error example_id=832eb791ff0dae774b2f1d75ba01356d9f49fead0dacaa466d83fb1e59a8dd78 strategy=critique_refine error=ConnectionError(MaxRetryError('HTTPSConnectionPool(host=\'game.agaii.org\', port=443): Max retries exceeded with url: /mllm/v1/chat/completions (Caused by ReadTimeoutError("HTTPSConnectionPool(host=\'game.agaii.org\', port=443): Read timed out. (read timeout=180)"))'))
[ReasonBench] marked_unscorable example_id=832eb791ff0dae774b2f1d75ba01356d9f49fead0dacaa466d83fb1e59a8dd78 strategy=critique_refine error_records=133
[ReasonBench] error example_id=832eb791ff0dae774b2f1d75ba01356d9f49fead0dacaa466d83fb1e59a8dd78 strategy=self_consistency error=ConnectionError(MaxRetryError('HTTPSConnectionPool(host=\'game.agaii.org\', port=443): Max retries exceeded with url: /mllm/v1/chat/completions (Caused by ReadTimeoutError("HTTPSConnectionPool(host=\'game.agaii.org\', port=443): Read timed out. (read timeout=180)"))'))
[ReasonBench] marked_unscorable example_id=832eb791ff0dae774b2f1d75ba01356d9f49fead0dacaa466d83fb1e59a8dd78 strategy=self_consistency error_records=134
[ReasonBench] error example_id=832eb791ff0dae774b2f1d75ba01356d9f49fead0dacaa466d83fb1e59a8dd78 strategy=selective_self_consistency error=ConnectionError(MaxRetryError('HTTPSConnectionPool(host=\'game.agaii.org\', port=443): Max retries exceeded with url: /mllm/v1/chat/completions (Caused by ReadTimeoutError("HTTPSConnectionPool(host=\'game.agaii.org\', port=443): Read timed out. (read timeout=180)"))'))
[ReasonBench] marked_unscorable example_id=832eb791ff0dae774b2f1d75ba01356d9f49fead0dacaa466d83fb1e59a8dd78 strategy=selective_self_consistency error_records=135
[ReasonBench] error example_id=832eb791ff0dae774b2f1d75ba01356d9f49fead0dacaa466d83fb1e59a8dd78 strategy=budgeted_cascade error=ConnectionError(MaxRetryError('HTTPSConnectionPool(host=\'game.agaii.org\', port=443): Max retries exceeded with url: /mllm/v1/chat/completions (Caused by ReadTimeoutError("HTTPSConnectionPool(host=\'game.agaii.org\', port=443): Read timed out. (read timeout=180)"))'))
[ReasonBench] marked_unscorable example_id=832eb791ff0dae774b2f1d75ba01356d9f49fead0dacaa466d83fb1e59a8dd78 strategy=budgeted_cascade error_records=136
[ReasonBench] error example_id=832eb791ff0dae774b2f1d75ba01356d9f49fead0dacaa466d83fb1e59a8dd78 strategy=few_shot_exemplar error=ConnectionError(MaxRetryError('HTTPSConnectionPool(host=\'game.agaii.org\', port=443): Max retries exceeded with url: /mllm/v1/chat/completions (Caused by ReadTimeoutError("HTTPSConnectionPool(host=\'game.agaii.org\', port=443): Read timed out. (read timeout=180)"))'))
[ReasonBench] marked_unscorable example_id=832eb791ff0dae774b2f1d75ba01356d9f49fead0dacaa466d83fb1e59a8dd78 strategy=few_shot_exemplar error_records=137
[ReasonBench] error example_id=09c0c67ed82f00989b1c9c48646e2c31c89b81dd2afc922cf241ba082afef18b strategy=direct error=ConnectionError(MaxRetryError('HTTPSConnectionPool(host=\'game.agaii.org\', port=443): Max retries exceeded with url: /mllm/v1/chat/completions (Caused by ReadTimeoutError("HTTPSConnectionPool(host=\'game.agaii.org\', port=443): Read timed out. (read timeout=180)"))'))
[ReasonBench] marked_unscorable example_id=09c0c67ed82f00989b1c9c48646e2c31c89b81dd2afc922cf241ba082afef18b strategy=direct error_records=138
[ReasonBench] error example_id=09c0c67ed82f00989b1c9c48646e2c31c89b81dd2afc922cf241ba082afef18b strategy=concise_cot error=ConnectionError(MaxRetryError('HTTPSConnectionPool(host=\'game.agaii.org\', port=443): Max retries exceeded with url: /mllm/v1/chat/completions (Caused by ReadTimeoutError("HTTPSConnectionPool(host=\'game.agaii.org\', port=443): Read timed out. (read timeout=180)"))'))
[ReasonBench] marked_unscorable example_id=09c0c67ed82f00989b1c9c48646e2c31c89b81dd2afc922cf241ba082afef18b strategy=concise_cot error_records=139
[ReasonBench] error example_id=09c0c67ed82f00989b1c9c48646e2c31c89b81dd2afc922cf241ba082afef18b strategy=least_to_most error=ConnectionError(MaxRetryError('HTTPSConnectionPool(host=\'game.agaii.org\', port=443): Max retries exceeded with url: /mllm/v1/chat/completions (Caused by ReadTimeoutError("HTTPSConnectionPool(host=\'game.agaii.org\', port=443): Read timed out. (read timeout=180)"))'))
[ReasonBench] marked_unscorable example_id=09c0c67ed82f00989b1c9c48646e2c31c89b81dd2afc922cf241ba082afef18b strategy=least_to_most error_records=140
[ReasonBench] error example_id=09c0c67ed82f00989b1c9c48646e2c31c89b81dd2afc922cf241ba082afef18b strategy=constraint_decompose error=ConnectionError(MaxRetryError('HTTPSConnectionPool(host=\'game.agaii.org\', port=443): Max retries exceeded with url: /mllm/v1/chat/completions (Caused by ReadTimeoutError("HTTPSConnectionPool(host=\'game.agaii.org\', port=443): Read timed out. (read timeout=180)"))'))
[ReasonBench] marked_unscorable example_id=09c0c67ed82f00989b1c9c48646e2c31c89b81dd2afc922cf241ba082afef18b strategy=constraint_decompose error_records=141
[ReasonBench] error example_id=09c0c67ed82f00989b1c9c48646e2c31c89b81dd2afc922cf241ba082afef18b strategy=self_verify error=ConnectionError(MaxRetryError('HTTPSConnectionPool(host=\'game.agaii.org\', port=443): Max retries exceeded with url: /mllm/v1/chat/completions (Caused by ReadTimeoutError("HTTPSConnectionPool(host=\'game.agaii.org\', port=443): Read timed out. (read timeout=180)"))'))
[ReasonBench] marked_unscorable example_id=09c0c67ed82f00989b1c9c48646e2c31c89b81dd2afc922cf241ba082afef18b strategy=self_verify error_records=142
[ReasonBench] error example_id=09c0c67ed82f00989b1c9c48646e2c31c89b81dd2afc922cf241ba082afef18b strategy=critique_refine error=ConnectionError(MaxRetryError('HTTPSConnectionPool(host=\'game.agaii.org\', port=443): Max retries exceeded with url: /mllm/v1/chat/completions (Caused by ReadTimeoutError("HTTPSConnectionPool(host=\'game.agaii.org\', port=443): Read timed out. (read timeout=180)"))'))
[ReasonBench] marked_unscorable example_id=09c0c67ed82f00989b1c9c48646e2c31c89b81dd2afc922cf241ba082afef18b strategy=critique_refine error_records=143
[ReasonBench] error example_id=09c0c67ed82f00989b1c9c48646e2c31c89b81dd2afc922cf241ba082afef18b strategy=self_consistency error=ConnectionError(MaxRetryError('HTTPSConnectionPool(host=\'game.agaii.org\', port=443): Max retries exceeded with url: /mllm/v1/chat/completions (Caused by ReadTimeoutError("HTTPSConnectionPool(host=\'game.agaii.org\', port=443): Read timed out. (read timeout=180)"))'))
[ReasonBench] marked_unscorable example_id=09c0c67ed82f00989b1c9c48646e2c31c89b81dd2afc922cf241ba082afef18b strategy=self_consistency error_records=144
[ReasonBench] error example_id=09c0c67ed82f00989b1c9c48646e2c31c89b81dd2afc922cf241ba082afef18b strategy=selective_self_consistency error=ConnectionError(MaxRetryError('HTTPSConnectionPool(host=\'game.agaii.org\', port=443): Max retries exceeded with url: /mllm/v1/chat/completions (Caused by ReadTimeoutError("HTTPSConnectionPool(host=\'game.agaii.org\', port=443): Read timed out. (read timeout=180)"))'))
[ReasonBench] marked_unscorable example_id=09c0c67ed82f00989b1c9c48646e2c31c89b81dd2afc922cf241ba082afef18b strategy=selective_self_consistency error_records=145
[ReasonBench] error example_id=09c0c67ed82f00989b1c9c48646e2c31c89b81dd2afc922cf241ba082afef18b strategy=budgeted_cascade error=ConnectionError(MaxRetryError('HTTPSConnectionPool(host=\'game.agaii.org\', port=443): Max retries exceeded with url: /mllm/v1/chat/completions (Caused by ReadTimeoutError("HTTPSConnectionPool(host=\'game.agaii.org\', port=443): Read timed out. (read timeout=180)"))'))
[ReasonBench] marked_unscorable example_id=09c0c67ed82f00989b1c9c48646e2c31c89b81dd2afc922cf241ba082afef18b strategy=budgeted_cascade error_records=146
[ReasonBench] error example_id=09c0c67ed82f00989b1c9c48646e2c31c89b81dd2afc922cf241ba082afef18b strategy=few_shot_exemplar error=ConnectionError(MaxRetryError('HTTPSConnectionPool(host=\'game.agaii.org\', port=443): Max retries exceeded with url: /mllm/v1/chat/completions (Caused by ReadTimeoutError("HTTPSConnectionPool(host=\'game.agaii.org\', port=443): Read timed out. (read timeout=180)"))'))
[ReasonBench] marked_unscorable example_id=09c0c67ed82f00989b1c9c48646e2c31c89b81dd2afc922cf241ba082afef18b strategy=few_shot_exemplar error_records=147
[ReasonBench] error example_id=a762c0ca6500a33a975869105641d3d4fbaf897051bacc2d6fbe83bc3de23bd9 strategy=direct error=ConnectionError(MaxRetryError('HTTPSConnectionPool(host=\'game.agaii.org\', port=443): Max retries exceeded with url: /mllm/v1/chat/completions (Caused by ReadTimeoutError("HTTPSConnectionPool(host=\'game.agaii.org\', port=443): Read timed out. (read timeout=180)"))'))
[ReasonBench] marked_unscorable example_id=a762c0ca6500a33a975869105641d3d4fbaf897051bacc2d6fbe83bc3de23bd9 strategy=direct error_records=148
[ReasonBench] error example_id=a762c0ca6500a33a975869105641d3d4fbaf897051bacc2d6fbe83bc3de23bd9 strategy=concise_cot error=ConnectionError(MaxRetryError('HTTPSConnectionPool(host=\'game.agaii.org\', port=443): Max retries exceeded with url: /mllm/v1/chat/completions (Caused by ReadTimeoutError("HTTPSConnectionPool(host=\'game.agaii.org\', port=443): Read timed out. (read timeout=180)"))'))
[ReasonBench] marked_unscorable example_id=a762c0ca6500a33a975869105641d3d4fbaf897051bacc2d6fbe83bc3de23bd9 strategy=concise_cot error_records=149
[ReasonBench] error example_id=a762c0ca6500a33a975869105641d3d4fbaf897051bacc2d6fbe83bc3de23bd9 strategy=least_to_most error=ConnectionError(MaxRetryError('HTTPSConnectionPool(host=\'game.agaii.org\', port=443): Max retries exceeded with url: /mllm/v1/chat/completions (Caused by ReadTimeoutError("HTTPSConnectionPool(host=\'game.agaii.org\', port=443): Read timed out. (read timeout=180)"))'))
[ReasonBench] marked_unscorable example_id=a762c0ca6500a33a975869105641d3d4fbaf897051bacc2d6fbe83bc3de23bd9 strategy=least_to_most error_records=150
[ReasonBench] error example_id=a762c0ca6500a33a975869105641d3d4fbaf897051bacc2d6fbe83bc3de23bd9 strategy=constraint_decompose error=ConnectionError(MaxRetryError('HTTPSConnectionPool(host=\'game.agaii.org\', port=443): Max retries exceeded with url: /mllm/v1/chat/completions (Caused by ReadTimeoutError("HTTPSConnectionPool(host=\'game.agaii.org\', port=443): Read timed out. (read timeout=180)"))'))
[ReasonBench] marked_unscorable example_id=a762c0ca6500a33a975869105641d3d4fbaf897051bacc2d6fbe83bc3de23bd9 strategy=constraint_decompose error_records=151
[ReasonBench] error example_id=a762c0ca6500a33a975869105641d3d4fbaf897051bacc2d6fbe83bc3de23bd9 strategy=self_verify error=ConnectionError(MaxRetryError('HTTPSConnectionPool(host=\'game.agaii.org\', port=443): Max retries exceeded with url: /mllm/v1/chat/completions (Caused by ReadTimeoutError("HTTPSConnectionPool(host=\'game.agaii.org\', port=443): Read timed out. (read timeout=180)"))'))
[ReasonBench] marked_unscorable example_id=a762c0ca6500a33a975869105641d3d4fbaf897051bacc2d6fbe83bc3de23bd9 strategy=self_verify error_records=152
[ReasonBench] error example_id=a762c0ca6500a33a975869105641d3d4fbaf897051bacc2d6fbe83bc3de23bd9 strategy=critique_refine error=ConnectionError(MaxRetryError('HTTPSConnectionPool(host=\'game.agaii.org\', port=443): Max retries exceeded with url: /mllm/v1/chat/completions (Caused by ReadTimeoutError("HTTPSConnectionPool(host=\'game.agaii.org\', port=443): Read timed out. (read timeout=180)"))'))
[ReasonBench] marked_unscorable example_id=a762c0ca6500a33a975869105641d3d4fbaf897051bacc2d6fbe83bc3de23bd9 strategy=critique_refine error_records=153
[ReasonBench] error example_id=a762c0ca6500a33a975869105641d3d4fbaf897051bacc2d6fbe83bc3de23bd9 strategy=self_consistency error=ConnectionError(MaxRetryError('HTTPSConnectionPool(host=\'game.agaii.org\', port=443): Max retries exceeded with url: /mllm/v1/chat/completions (Caused by ReadTimeoutError("HTTPSConnectionPool(host=\'game.agaii.org\', port=443): Read timed out. (read timeout=180)"))'))
[ReasonBench] marked_unscorable example_id=a762c0ca6500a33a975869105641d3d4fbaf897051bacc2d6fbe83bc3de23bd9 strategy=self_consistency error_records=154
[ReasonBench] error example_id=a762c0ca6500a33a975869105641d3d4fbaf897051bacc2d6fbe83bc3de23bd9 strategy=selective_self_consistency error=ConnectionError(MaxRetryError('HTTPSConnectionPool(host=\'game.agaii.org\', port=443): Max retries exceeded with url: /mllm/v1/chat/completions (Caused by ReadTimeoutError("HTTPSConnectionPool(host=\'game.agaii.org\', port=443): Read timed out. (read timeout=180)"))'))
[ReasonBench] marked_unscorable example_id=a762c0ca6500a33a975869105641d3d4fbaf897051bacc2d6fbe83bc3de23bd9 strategy=selective_self_consistency error_records=155
[ReasonBench] error example_id=a762c0ca6500a33a975869105641d3d4fbaf897051bacc2d6fbe83bc3de23bd9 strategy=budgeted_cascade error=ConnectionError(MaxRetryError('HTTPSConnectionPool(host=\'game.agaii.org\', port=443): Max retries exceeded with url: /mllm/v1/chat/completions (Caused by ReadTimeoutError("HTTPSConnectionPool(host=\'game.agaii.org\', port=443): Read timed out. (read timeout=180)"))'))
[ReasonBench] marked_unscorable example_id=a762c0ca6500a33a975869105641d3d4fbaf897051bacc2d6fbe83bc3de23bd9 strategy=budgeted_cascade error_records=156
[ReasonBench] error example_id=a762c0ca6500a33a975869105641d3d4fbaf897051bacc2d6fbe83bc3de23bd9 strategy=few_shot_exemplar error=ConnectionError(MaxRetryError('HTTPSConnectionPool(host=\'game.agaii.org\', port=443): Max retries exceeded with url: /mllm/v1/chat/completions (Caused by ReadTimeoutError("HTTPSConnectionPool(host=\'game.agaii.org\', port=443): Read timed out. (read timeout=180)"))'))
[ReasonBench] marked_unscorable example_id=a762c0ca6500a33a975869105641d3d4fbaf897051bacc2d6fbe83bc3de23bd9 strategy=few_shot_exemplar error_records=157
[ReasonBench] error example_id=3de555bbcef9919a92a742dd969301eaea38baee624b4c4851e6a495cc83b3cf strategy=direct error=ConnectionError(MaxRetryError('HTTPSConnectionPool(host=\'game.agaii.org\', port=443): Max retries exceeded with url: /mllm/v1/chat/completions (Caused by ReadTimeoutError("HTTPSConnectionPool(host=\'game.agaii.org\', port=443): Read timed out. (read timeout=180)"))'))
[ReasonBench] marked_unscorable example_id=3de555bbcef9919a92a742dd969301eaea38baee624b4c4851e6a495cc83b3cf strategy=direct error_records=158
[ReasonBench] error example_id=3de555bbcef9919a92a742dd969301eaea38baee624b4c4851e6a495cc83b3cf strategy=concise_cot error=ConnectionError(MaxRetryError('HTTPSConnectionPool(host=\'game.agaii.org\', port=443): Max retries exceeded with url: /mllm/v1/chat/completions (Caused by ReadTimeoutError("HTTPSConnectionPool(host=\'game.agaii.org\', port=443): Read timed out. (read timeout=180)"))'))
[ReasonBench] marked_unscorable example_id=3de555bbcef9919a92a742dd969301eaea38baee624b4c4851e6a495cc83b3cf strategy=concise_cot error_records=159
[ReasonBench] error example_id=3de555bbcef9919a92a742dd969301eaea38baee624b4c4851e6a495cc83b3cf strategy=least_to_most error=ConnectionError(MaxRetryError('HTTPSConnectionPool(host=\'game.agaii.org\', port=443): Max retries exceeded with url: /mllm/v1/chat/completions (Caused by ReadTimeoutError("HTTPSConnectionPool(host=\'game.agaii.org\', port=443): Read timed out. (read timeout=180)"))'))
[ReasonBench] marked_unscorable example_id=3de555bbcef9919a92a742dd969301eaea38baee624b4c4851e6a495cc83b3cf strategy=least_to_most error_records=160
[ReasonBench] error example_id=3de555bbcef9919a92a742dd969301eaea38baee624b4c4851e6a495cc83b3cf strategy=constraint_decompose error=ConnectionError(MaxRetryError('HTTPSConnectionPool(host=\'game.agaii.org\', port=443): Max retries exceeded with url: /mllm/v1/chat/completions (Caused by ReadTimeoutError("HTTPSConnectionPool(host=\'game.agaii.org\', port=443): Read timed out. (read timeout=180)"))'))
[ReasonBench] marked_unscorable example_id=3de555bbcef9919a92a742dd969301eaea38baee624b4c4851e6a495cc83b3cf strategy=constraint_decompose error_records=161
[ReasonBench] error example_id=3de555bbcef9919a92a742dd969301eaea38baee624b4c4851e6a495cc83b3cf strategy=self_verify error=ConnectionError(MaxRetryError('HTTPSConnectionPool(host=\'game.agaii.org\', port=443): Max retries exceeded with url: /mllm/v1/chat/completions (Caused by ReadTimeoutError("HTTPSConnectionPool(host=\'game.agaii.org\', port=443): Read timed out. (read timeout=180)"))'))
[ReasonBench] marked_unscorable example_id=3de555bbcef9919a92a742dd969301eaea38baee624b4c4851e6a495cc83b3cf strategy=self_verify error_records=162
[ReasonBench] error example_id=3de555bbcef9919a92a742dd969301eaea38baee624b4c4851e6a495cc83b3cf strategy=critique_refine error=ConnectionError(MaxRetryError('HTTPSConnectionPool(host=\'game.agaii.org\', port=443): Max retries exceeded with url: /mllm/v1/chat/completions (Caused by ReadTimeoutError("HTTPSConnectionPool(host=\'game.agaii.org\', port=443): Read timed out. (read timeout=180)"))'))
[ReasonBench] marked_unscorable example_id=3de555bbcef9919a92a742dd969301eaea38baee624b4c4851e6a495cc83b3cf strategy=critique_refine error_records=163
[ReasonBench] error example_id=3de555bbcef9919a92a742dd969301eaea38baee624b4c4851e6a495cc83b3cf strategy=self_consistency error=ConnectionError(MaxRetryError('HTTPSConnectionPool(host=\'game.agaii.org\', port=443): Max retries exceeded with url: /mllm/v1/chat/completions (Caused by ReadTimeoutError("HTTPSConnectionPool(host=\'game.agaii.org\', port=443): Read timed out. (read timeout=180)"))'))
[ReasonBench] marked_unscorable example_id=3de555bbcef9919a92a742dd969301eaea38baee624b4c4851e6a495cc83b3cf strategy=self_consistency error_records=164
[ReasonBench] error example_id=3de555bbcef9919a92a742dd969301eaea38baee624b4c4851e6a495cc83b3cf strategy=selective_self_consistency error=ConnectionError(MaxRetryError('HTTPSConnectionPool(host=\'game.agaii.org\', port=443): Max retries exceeded with url: /mllm/v1/chat/completions (Caused by ReadTimeoutError("HTTPSConnectionPool(host=\'game.agaii.org\', port=443): Read timed out. (read timeout=180)"))'))
[ReasonBench] marked_unscorable example_id=3de555bbcef9919a92a742dd969301eaea38baee624b4c4851e6a495cc83b3cf strategy=selective_self_consistency error_records=165
[ReasonBench] error example_id=3de555bbcef9919a92a742dd969301eaea38baee624b4c4851e6a495cc83b3cf strategy=budgeted_cascade error=ConnectionError(MaxRetryError('HTTPSConnectionPool(host=\'game.agaii.org\', port=443): Max retries exceeded with url: /mllm/v1/chat/completions (Caused by ReadTimeoutError("HTTPSConnectionPool(host=\'game.agaii.org\', port=443): Read timed out. (read timeout=180)"))'))
[ReasonBench] marked_unscorable example_id=3de555bbcef9919a92a742dd969301eaea38baee624b4c4851e6a495cc83b3cf strategy=budgeted_cascade error_records=166
[ReasonBench] error example_id=3de555bbcef9919a92a742dd969301eaea38baee624b4c4851e6a495cc83b3cf strategy=few_shot_exemplar error=ConnectionError(MaxRetryError('HTTPSConnectionPool(host=\'game.agaii.org\', port=443): Max retries exceeded with url: /mllm/v1/chat/completions (Caused by ReadTimeoutError("HTTPSConnectionPool(host=\'game.agaii.org\', port=443): Read timed out. (read timeout=180)"))'))
[ReasonBench] marked_unscorable example_id=3de555bbcef9919a92a742dd969301eaea38baee624b4c4851e6a495cc83b3cf strategy=few_shot_exemplar error_records=167
[ReasonBench] error example_id=109469ec1296f25ee25bc3a09e4265a5df823816b438d97cb3d2ba15717626b5 strategy=direct error=ConnectionError(MaxRetryError('HTTPSConnectionPool(host=\'game.agaii.org\', port=443): Max retries exceeded with url: /mllm/v1/chat/completions (Caused by ReadTimeoutError("HTTPSConnectionPool(host=\'game.agaii.org\', port=443): Read timed out. (read timeout=180)"))'))
[ReasonBench] marked_unscorable example_id=109469ec1296f25ee25bc3a09e4265a5df823816b438d97cb3d2ba15717626b5 strategy=direct error_records=168
[ReasonBench] error example_id=109469ec1296f25ee25bc3a09e4265a5df823816b438d97cb3d2ba15717626b5 strategy=concise_cot error=ConnectionError(MaxRetryError('HTTPSConnectionPool(host=\'game.agaii.org\', port=443): Max retries exceeded with url: /mllm/v1/chat/completions (Caused by ReadTimeoutError("HTTPSConnectionPool(host=\'game.agaii.org\', port=443): Read timed out. (read timeout=180)"))'))
[ReasonBench] marked_unscorable example_id=109469ec1296f25ee25bc3a09e4265a5df823816b438d97cb3d2ba15717626b5 strategy=concise_cot error_records=169
[ReasonBench] error example_id=109469ec1296f25ee25bc3a09e4265a5df823816b438d97cb3d2ba15717626b5 strategy=least_to_most error=ConnectionError(MaxRetryError('HTTPSConnectionPool(host=\'game.agaii.org\', port=443): Max retries exceeded with url: /mllm/v1/chat/completions (Caused by ReadTimeoutError("HTTPSConnectionPool(host=\'game.agaii.org\', port=443): Read timed out. (read timeout=180)"))'))
[ReasonBench] marked_unscorable example_id=109469ec1296f25ee25bc3a09e4265a5df823816b438d97cb3d2ba15717626b5 strategy=least_to_most error_records=170
[ReasonBench] error example_id=109469ec1296f25ee25bc3a09e4265a5df823816b438d97cb3d2ba15717626b5 strategy=constraint_decompose error=ConnectionError(MaxRetryError('HTTPSConnectionPool(host=\'game.agaii.org\', port=443): Max retries exceeded with url: /mllm/v1/chat/completions (Caused by ReadTimeoutError("HTTPSConnectionPool(host=\'game.agaii.org\', port=443): Read timed out. (read timeout=180)"))'))
[ReasonBench] marked_unscorable example_id=109469ec1296f25ee25bc3a09e4265a5df823816b438d97cb3d2ba15717626b5 strategy=constraint_decompose error_records=171
[ReasonBench] error example_id=109469ec1296f25ee25bc3a09e4265a5df823816b438d97cb3d2ba15717626b5 strategy=self_verify error=ConnectionError(MaxRetryError('HTTPSConnectionPool(host=\'game.agaii.org\', port=443): Max retries exceeded with url: /mllm/v1/chat/completions (Caused by ReadTimeoutError("HTTPSConnectionPool(host=\'game.agaii.org\', port=443): Read timed out. (read timeout=180)"))'))
[ReasonBench] marked_unscorable example_id=109469ec1296f25ee25bc3a09e4265a5df823816b438d97cb3d2ba15717626b5 strategy=self_verify error_records=172
[ReasonBench] error example_id=109469ec1296f25ee25bc3a09e4265a5df823816b438d97cb3d2ba15717626b5 strategy=critique_refine error=ConnectionError(MaxRetryError('HTTPSConnectionPool(host=\'game.agaii.org\', port=443): Max retries exceeded with url: /mllm/v1/chat/completions (Caused by ReadTimeoutError("HTTPSConnectionPool(host=\'game.agaii.org\', port=443): Read timed out. (read timeout=180)"))'))
[ReasonBench] marked_unscorable example_id=109469ec1296f25ee25bc3a09e4265a5df823816b438d97cb3d2ba15717626b5 strategy=critique_refine error_records=173
[ReasonBench] error example_id=109469ec1296f25ee25bc3a09e4265a5df823816b438d97cb3d2ba15717626b5 strategy=self_consistency error=ConnectionError(MaxRetryError('HTTPSConnectionPool(host=\'game.agaii.org\', port=443): Max retries exceeded with url: /mllm/v1/chat/completions (Caused by ReadTimeoutError("HTTPSConnectionPool(host=\'game.agaii.org\', port=443): Read timed out. (read timeout=180)"))'))
[ReasonBench] marked_unscorable example_id=109469ec1296f25ee25bc3a09e4265a5df823816b438d97cb3d2ba15717626b5 strategy=self_consistency error_records=174
[ReasonBench] error example_id=109469ec1296f25ee25bc3a09e4265a5df823816b438d97cb3d2ba15717626b5 strategy=selective_self_consistency error=ConnectionError(MaxRetryError('HTTPSConnectionPool(host=\'game.agaii.org\', port=443): Max retries exceeded with url: /mllm/v1/chat/completions (Caused by ReadTimeoutError("HTTPSConnectionPool(host=\'game.agaii.org\', port=443): Read timed out. (read timeout=180)"))'))
[ReasonBench] marked_unscorable example_id=109469ec1296f25ee25bc3a09e4265a5df823816b438d97cb3d2ba15717626b5 strategy=selective_self_consistency error_records=175
[ReasonBench] error example_id=109469ec1296f25ee25bc3a09e4265a5df823816b438d97cb3d2ba15717626b5 strategy=budgeted_cascade error=ConnectionError(MaxRetryError('HTTPSConnectionPool(host=\'game.agaii.org\', port=443): Max retries exceeded with url: /mllm/v1/chat/completions (Caused by ReadTimeoutError("HTTPSConnectionPool(host=\'game.agaii.org\', port=443): Read timed out. (read timeout=180)"))'))
[ReasonBench] marked_unscorable example_id=109469ec1296f25ee25bc3a09e4265a5df823816b438d97cb3d2ba15717626b5 strategy=budgeted_cascade error_records=176
[ReasonBench] error example_id=109469ec1296f25ee25bc3a09e4265a5df823816b438d97cb3d2ba15717626b5 strategy=few_shot_exemplar error=ConnectionError(MaxRetryError('HTTPSConnectionPool(host=\'game.agaii.org\', port=443): Max retries exceeded with url: /mllm/v1/chat/completions (Caused by ReadTimeoutError("HTTPSConnectionPool(host=\'game.agaii.org\', port=443): Read timed out. (read timeout=180)"))'))
[ReasonBench] marked_unscorable example_id=109469ec1296f25ee25bc3a09e4265a5df823816b438d97cb3d2ba15717626b5 strategy=few_shot_exemplar error_records=177
[ReasonBench] error example_id=89cad09d866391980ddbdbe8208870d1792916fc0e7862f2f27744153ccf9eea strategy=direct error=ConnectionError(MaxRetryError('HTTPSConnectionPool(host=\'game.agaii.org\', port=443): Max retries exceeded with url: /mllm/v1/chat/completions (Caused by ReadTimeoutError("HTTPSConnectionPool(host=\'game.agaii.org\', port=443): Read timed out. (read timeout=180)"))'))
[ReasonBench] marked_unscorable example_id=89cad09d866391980ddbdbe8208870d1792916fc0e7862f2f27744153ccf9eea strategy=direct error_records=178
[ReasonBench] error example_id=89cad09d866391980ddbdbe8208870d1792916fc0e7862f2f27744153ccf9eea strategy=concise_cot error=ConnectionError(MaxRetryError('HTTPSConnectionPool(host=\'game.agaii.org\', port=443): Max retries exceeded with url: /mllm/v1/chat/completions (Caused by ReadTimeoutError("HTTPSConnectionPool(host=\'game.agaii.org\', port=443): Read timed out. (read timeout=180)"))'))
[ReasonBench] marked_unscorable example_id=89cad09d866391980ddbdbe8208870d1792916fc0e7862f2f27744153ccf9eea strategy=concise_cot error_records=179
[ReasonBench] error example_id=89cad09d866391980ddbdbe8208870d1792916fc0e7862f2f27744153ccf9eea strategy=least_to_most error=ConnectionError(MaxRetryError('HTTPSConnectionPool(host=\'game.agaii.org\', port=443): Max retries exceeded with url: /mllm/v1/chat/completions (Caused by ReadTimeoutError("HTTPSConnectionPool(host=\'game.agaii.org\', port=443): Read timed out. (read timeout=180)"))'))
[ReasonBench] marked_unscorable example_id=89cad09d866391980ddbdbe8208870d1792916fc0e7862f2f27744153ccf9eea strategy=least_to_most error_records=180
[ReasonBench] error example_id=89cad09d866391980ddbdbe8208870d1792916fc0e7862f2f27744153ccf9eea strategy=constraint_decompose error=ConnectionError(MaxRetryError('HTTPSConnectionPool(host=\'game.agaii.org\', port=443): Max retries exceeded with url: /mllm/v1/chat/completions (Caused by ReadTimeoutError("HTTPSConnectionPool(host=\'game.agaii.org\', port=443): Read timed out. (read timeout=180)"))'))
[ReasonBench] marked_unscorable example_id=89cad09d866391980ddbdbe8208870d1792916fc0e7862f2f27744153ccf9eea strategy=constraint_decompose error_records=181
[ReasonBench] error example_id=89cad09d866391980ddbdbe8208870d1792916fc0e7862f2f27744153ccf9eea strategy=self_verify error=ConnectionError(MaxRetryError('HTTPSConnectionPool(host=\'game.agaii.org\', port=443): Max retries exceeded with url: /mllm/v1/chat/completions (Caused by ReadTimeoutError("HTTPSConnectionPool(host=\'game.agaii.org\', port=443): Read timed out. (read timeout=180)"))'))
[ReasonBench] marked_unscorable example_id=89cad09d866391980ddbdbe8208870d1792916fc0e7862f2f27744153ccf9eea strategy=self_verify error_records=182
[ReasonBench] error example_id=89cad09d866391980ddbdbe8208870d1792916fc0e7862f2f27744153ccf9eea strategy=critique_refine error=ConnectionError(MaxRetryError('HTTPSConnectionPool(host=\'game.agaii.org\', port=443): Max retries exceeded with url: /mllm/v1/chat/completions (Caused by ReadTimeoutError("HTTPSConnectionPool(host=\'game.agaii.org\', port=443): Read timed out. (read timeout=180)"))'))
[ReasonBench] marked_unscorable example_id=89cad09d866391980ddbdbe8208870d1792916fc0e7862f2f27744153ccf9eea strategy=critique_refine error_records=183
[ReasonBench] error example_id=89cad09d866391980ddbdbe8208870d1792916fc0e7862f2f27744153ccf9eea strategy=self_consistency error=ConnectionError(MaxRetryError('HTTPSConnectionPool(host=\'game.agaii.org\', port=443): Max retries exceeded with url: /mllm/v1/chat/completions (Caused by ReadTimeoutError("HTTPSConnectionPool(host=\'game.agaii.org\', port=443): Read timed out. (read timeout=180)"))'))
[ReasonBench] marked_unscorable example_id=89cad09d866391980ddbdbe8208870d1792916fc0e7862f2f27744153ccf9eea strategy=self_consistency error_records=184
[ReasonBench] error example_id=89cad09d866391980ddbdbe8208870d1792916fc0e7862f2f27744153ccf9eea strategy=selective_self_consistency error=ConnectionError(MaxRetryError('HTTPSConnectionPool(host=\'game.agaii.org\', port=443): Max retries exceeded with url: /mllm/v1/chat/completions (Caused by ReadTimeoutError("HTTPSConnectionPool(host=\'game.agaii.org\', port=443): Read timed out. (read timeout=180)"))'))
[ReasonBench] marked_unscorable example_id=89cad09d866391980ddbdbe8208870d1792916fc0e7862f2f27744153ccf9eea strategy=selective_self_consistency error_records=185
[ReasonBench] error example_id=89cad09d866391980ddbdbe8208870d1792916fc0e7862f2f27744153ccf9eea strategy=budgeted_cascade error=ConnectionError(MaxRetryError('HTTPSConnectionPool(host=\'game.agaii.org\', port=443): Max retries exceeded with url: /mllm/v1/chat/completions (Caused by ReadTimeoutError("HTTPSConnectionPool(host=\'game.agaii.org\', port=443): Read timed out. (read timeout=180)"))'))
[ReasonBench] marked_unscorable example_id=89cad09d866391980ddbdbe8208870d1792916fc0e7862f2f27744153ccf9eea strategy=budgeted_cascade error_records=186
[ReasonBench] error example_id=89cad09d866391980ddbdbe8208870d1792916fc0e7862f2f27744153ccf9eea strategy=few_shot_exemplar error=ConnectionError(MaxRetryError('HTTPSConnectionPool(host=\'game.agaii.org\', port=443): Max retries exceeded with url: /mllm/v1/chat/completions (Caused by ReadTimeoutError("HTTPSConnectionPool(host=\'game.agaii.org\', port=443): Read timed out. (read timeout=180)"))'))
[ReasonBench] marked_unscorable example_id=89cad09d866391980ddbdbe8208870d1792916fc0e7862f2f27744153ccf9eea strategy=few_shot_exemplar error_records=187
[ReasonBench] error example_id=8b720a5b61bea0e6a0dcfba224824fff2f48c1d21ef3ae9695d3ec9c84f621d1 strategy=direct error=ConnectionError(MaxRetryError('HTTPSConnectionPool(host=\'game.agaii.org\', port=443): Max retries exceeded with url: /mllm/v1/chat/completions (Caused by ReadTimeoutError("HTTPSConnectionPool(host=\'game.agaii.org\', port=443): Read timed out. (read timeout=180)"))'))
[ReasonBench] marked_unscorable example_id=8b720a5b61bea0e6a0dcfba224824fff2f48c1d21ef3ae9695d3ec9c84f621d1 strategy=direct error_records=188
[ReasonBench] error example_id=8b720a5b61bea0e6a0dcfba224824fff2f48c1d21ef3ae9695d3ec9c84f621d1 strategy=concise_cot error=ConnectionError(MaxRetryError('HTTPSConnectionPool(host=\'game.agaii.org\', port=443): Max retries exceeded with url: /mllm/v1/chat/completions (Caused by ReadTimeoutError("HTTPSConnectionPool(host=\'game.agaii.org\', port=443): Read timed out. (read timeout=180)"))'))
[ReasonBench] marked_unscorable example_id=8b720a5b61bea0e6a0dcfba224824fff2f48c1d21ef3ae9695d3ec9c84f621d1 strategy=concise_cot error_records=189
[ReasonBench] error example_id=8b720a5b61bea0e6a0dcfba224824fff2f48c1d21ef3ae9695d3ec9c84f621d1 strategy=least_to_most error=ConnectionError(MaxRetryError('HTTPSConnectionPool(host=\'game.agaii.org\', port=443): Max retries exceeded with url: /mllm/v1/chat/completions (Caused by ReadTimeoutError("HTTPSConnectionPool(host=\'game.agaii.org\', port=443): Read timed out. (read timeout=180)"))'))
[ReasonBench] marked_unscorable example_id=8b720a5b61bea0e6a0dcfba224824fff2f48c1d21ef3ae9695d3ec9c84f621d1 strategy=least_to_most error_records=190
[ReasonBench] error example_id=8b720a5b61bea0e6a0dcfba224824fff2f48c1d21ef3ae9695d3ec9c84f621d1 strategy=constraint_decompose error=ConnectionError(MaxRetryError('HTTPSConnectionPool(host=\'game.agaii.org\', port=443): Max retries exceeded with url: /mllm/v1/chat/completions (Caused by ReadTimeoutError("HTTPSConnectionPool(host=\'game.agaii.org\', port=443): Read timed out. (read timeout=180)"))'))
[ReasonBench] marked_unscorable example_id=8b720a5b61bea0e6a0dcfba224824fff2f48c1d21ef3ae9695d3ec9c84f621d1 strategy=constraint_decompose error_records=191
[ReasonBench] error example_id=8b720a5b61bea0e6a0dcfba224824fff2f48c1d21ef3ae9695d3ec9c84f621d1 strategy=self_verify error=ConnectionError(MaxRetryError('HTTPSConnectionPool(host=\'game.agaii.org\', port=443): Max retries exceeded with url: /mllm/v1/chat/completions (Caused by ReadTimeoutError("HTTPSConnectionPool(host=\'game.agaii.org\', port=443): Read timed out. (read timeout=180)"))'))
[ReasonBench] marked_unscorable example_id=8b720a5b61bea0e6a0dcfba224824fff2f48c1d21ef3ae9695d3ec9c84f621d1 strategy=self_verify error_records=192
[ReasonBench] error example_id=8b720a5b61bea0e6a0dcfba224824fff2f48c1d21ef3ae9695d3ec9c84f621d1 strategy=critique_refine error=ConnectionError(MaxRetryError('HTTPSConnectionPool(host=\'game.agaii.org\', port=443): Max retries exceeded with url: /mllm/v1/chat/completions (Caused by ReadTimeoutError("HTTPSConnectionPool(host=\'game.agaii.org\', port=443): Read timed out. (read timeout=180)"))'))
[ReasonBench] marked_unscorable example_id=8b720a5b61bea0e6a0dcfba224824fff2f48c1d21ef3ae9695d3ec9c84f621d1 strategy=critique_refine error_records=193
[ReasonBench] error example_id=8b720a5b61bea0e6a0dcfba224824fff2f48c1d21ef3ae9695d3ec9c84f621d1 strategy=self_consistency error=ConnectionError(MaxRetryError('HTTPSConnectionPool(host=\'game.agaii.org\', port=443): Max retries exceeded with url: /mllm/v1/chat/completions (Caused by ReadTimeoutError("HTTPSConnectionPool(host=\'game.agaii.org\', port=443): Read timed out. (read timeout=180)"))'))
[ReasonBench] marked_unscorable example_id=8b720a5b61bea0e6a0dcfba224824fff2f48c1d21ef3ae9695d3ec9c84f621d1 strategy=self_consistency error_records=194
[ReasonBench] error example_id=8b720a5b61bea0e6a0dcfba224824fff2f48c1d21ef3ae9695d3ec9c84f621d1 strategy=selective_self_consistency error=ConnectionError(MaxRetryError('HTTPSConnectionPool(host=\'game.agaii.org\', port=443): Max retries exceeded with url: /mllm/v1/chat/completions (Caused by ReadTimeoutError("HTTPSConnectionPool(host=\'game.agaii.org\', port=443): Read timed out. (read timeout=180)"))'))
[ReasonBench] marked_unscorable example_id=8b720a5b61bea0e6a0dcfba224824fff2f48c1d21ef3ae9695d3ec9c84f621d1 strategy=selective_self_consistency error_records=195
[ReasonBench] error example_id=8b720a5b61bea0e6a0dcfba224824fff2f48c1d21ef3ae9695d3ec9c84f621d1 strategy=budgeted_cascade error=ConnectionError(MaxRetryError('HTTPSConnectionPool(host=\'game.agaii.org\', port=443): Max retries exceeded with url: /mllm/v1/chat/completions (Caused by ReadTimeoutError("HTTPSConnectionPool(host=\'game.agaii.org\', port=443): Read timed out. (read timeout=180)"))'))
[ReasonBench] marked_unscorable example_id=8b720a5b61bea0e6a0dcfba224824fff2f48c1d21ef3ae9695d3ec9c84f621d1 strategy=budgeted_cascade error_records=196
[ReasonBench] error example_id=8b720a5b61bea0e6a0dcfba224824fff2f48c1d21ef3ae9695d3ec9c84f621d1 strategy=few_shot_exemplar error=ConnectionError(MaxRetryError('HTTPSConnectionPool(host=\'game.agaii.org\', port=443): Max retries exceeded with url: /mllm/v1/chat/completions (Caused by ReadTimeoutError("HTTPSConnectionPool(host=\'game.agaii.org\', port=443): Read timed out. (read timeout=180)"))'))
[ReasonBench] marked_unscorable example_id=8b720a5b61bea0e6a0dcfba224824fff2f48c1d21ef3ae9695d3ec9c84f621d1 strategy=few_shot_exemplar error_records=197
[ReasonBench] error example_id=e1e226d29b9ab59fc2de2d719a0e7117572f7bd9dc375709a92a673987c1b29d strategy=direct error=ConnectionError(MaxRetryError('HTTPSConnectionPool(host=\'game.agaii.org\', port=443): Max retries exceeded with url: /mllm/v1/chat/completions (Caused by ReadTimeoutError("HTTPSConnectionPool(host=\'game.agaii.org\', port=443): Read timed out. (read timeout=180)"))'))
[ReasonBench] marked_unscorable example_id=e1e226d29b9ab59fc2de2d719a0e7117572f7bd9dc375709a92a673987c1b29d strategy=direct error_records=198
[ReasonBench] error example_id=e1e226d29b9ab59fc2de2d719a0e7117572f7bd9dc375709a92a673987c1b29d strategy=concise_cot error=ConnectionError(MaxRetryError('HTTPSConnectionPool(host=\'game.agaii.org\', port=443): Max retries exceeded with url: /mllm/v1/chat/completions (Caused by ReadTimeoutError("HTTPSConnectionPool(host=\'game.agaii.org\', port=443): Read timed out. (read timeout=180)"))'))
[ReasonBench] marked_unscorable example_id=e1e226d29b9ab59fc2de2d719a0e7117572f7bd9dc375709a92a673987c1b29d strategy=concise_cot error_records=199
[ReasonBench] error example_id=e1e226d29b9ab59fc2de2d719a0e7117572f7bd9dc375709a92a673987c1b29d strategy=least_to_most error=ConnectionError(MaxRetryError('HTTPSConnectionPool(host=\'game.agaii.org\', port=443): Max retries exceeded with url: /mllm/v1/chat/completions (Caused by ReadTimeoutError("HTTPSConnectionPool(host=\'game.agaii.org\', port=443): Read timed out. (read timeout=180)"))'))
[ReasonBench] marked_unscorable example_id=e1e226d29b9ab59fc2de2d719a0e7117572f7bd9dc375709a92a673987c1b29d strategy=least_to_most error_records=200
[ReasonBench] error example_id=e1e226d29b9ab59fc2de2d719a0e7117572f7bd9dc375709a92a673987c1b29d strategy=constraint_decompose error=ConnectionError(MaxRetryError('HTTPSConnectionPool(host=\'game.agaii.org\', port=443): Max retries exceeded with url: /mllm/v1/chat/completions (Caused by ReadTimeoutError("HTTPSConnectionPool(host=\'game.agaii.org\', port=443): Read timed out. (read timeout=180)"))'))
[ReasonBench] marked_unscorable example_id=e1e226d29b9ab59fc2de2d719a0e7117572f7bd9dc375709a92a673987c1b29d strategy=constraint_decompose error_records=201
[ReasonBench] error example_id=e1e226d29b9ab59fc2de2d719a0e7117572f7bd9dc375709a92a673987c1b29d strategy=self_verify error=ConnectionError(MaxRetryError('HTTPSConnectionPool(host=\'game.agaii.org\', port=443): Max retries exceeded with url: /mllm/v1/chat/completions (Caused by ReadTimeoutError("HTTPSConnectionPool(host=\'game.agaii.org\', port=443): Read timed out. (read timeout=180)"))'))
[ReasonBench] marked_unscorable example_id=e1e226d29b9ab59fc2de2d719a0e7117572f7bd9dc375709a92a673987c1b29d strategy=self_verify error_records=202
[ReasonBench] progress total=215/14360 (1.50%) new=213/14358 elapsed_s=32153.4
[ReasonBench] error example_id=e1e226d29b9ab59fc2de2d719a0e7117572f7bd9dc375709a92a673987c1b29d strategy=critique_refine error=ConnectionError(MaxRetryError('HTTPSConnectionPool(host=\'game.agaii.org\', port=443): Max retries exceeded with url: /mllm/v1/chat/completions (Caused by ReadTimeoutError("HTTPSConnectionPool(host=\'game.agaii.org\', port=443): Read timed out. (read timeout=180)"))'))
[ReasonBench] marked_unscorable example_id=e1e226d29b9ab59fc2de2d719a0e7117572f7bd9dc375709a92a673987c1b29d strategy=critique_refine error_records=203
[ReasonBench] error example_id=e1e226d29b9ab59fc2de2d719a0e7117572f7bd9dc375709a92a673987c1b29d strategy=self_consistency error=ConnectionError(MaxRetryError('HTTPSConnectionPool(host=\'game.agaii.org\', port=443): Max retries exceeded with url: /mllm/v1/chat/completions (Caused by ReadTimeoutError("HTTPSConnectionPool(host=\'game.agaii.org\', port=443): Read timed out. (read timeout=180)"))'))
[ReasonBench] marked_unscorable example_id=e1e226d29b9ab59fc2de2d719a0e7117572f7bd9dc375709a92a673987c1b29d strategy=self_consistency error_records=204
[ReasonBench] error example_id=e1e226d29b9ab59fc2de2d719a0e7117572f7bd9dc375709a92a673987c1b29d strategy=selective_self_consistency error=ConnectionError(MaxRetryError('HTTPSConnectionPool(host=\'game.agaii.org\', port=443): Max retries exceeded with url: /mllm/v1/chat/completions (Caused by ReadTimeoutError("HTTPSConnectionPool(host=\'game.agaii.org\', port=443): Read timed out. (read timeout=180)"))'))
[ReasonBench] marked_unscorable example_id=e1e226d29b9ab59fc2de2d719a0e7117572f7bd9dc375709a92a673987c1b29d strategy=selective_self_consistency error_records=205
[ReasonBench] error example_id=e1e226d29b9ab59fc2de2d719a0e7117572f7bd9dc375709a92a673987c1b29d strategy=budgeted_cascade error=ConnectionError(MaxRetryError('HTTPSConnectionPool(host=\'game.agaii.org\', port=443): Max retries exceeded with url: /mllm/v1/chat/completions (Caused by ReadTimeoutError("HTTPSConnectionPool(host=\'game.agaii.org\', port=443): Read timed out. (read timeout=180)"))'))
[ReasonBench] marked_unscorable example_id=e1e226d29b9ab59fc2de2d719a0e7117572f7bd9dc375709a92a673987c1b29d strategy=budgeted_cascade error_records=206
[ReasonBench] error example_id=e1e226d29b9ab59fc2de2d719a0e7117572f7bd9dc375709a92a673987c1b29d strategy=few_shot_exemplar error=ConnectionError(MaxRetryError('HTTPSConnectionPool(host=\'game.agaii.org\', port=443): Max retries exceeded with url: /mllm/v1/chat/completions (Caused by ReadTimeoutError("HTTPSConnectionPool(host=\'game.agaii.org\', port=443): Read timed out. (read timeout=180)"))'))
[ReasonBench] marked_unscorable example_id=e1e226d29b9ab59fc2de2d719a0e7117572f7bd9dc375709a92a673987c1b29d strategy=few_shot_exemplar error_records=207
[ReasonBench] error example_id=5a126374e3885ec262a06ef4f7eaafd34477f3bc68ba8e6b04123c2c32e7352d strategy=direct error=ConnectionError(MaxRetryError('HTTPSConnectionPool(host=\'game.agaii.org\', port=443): Max retries exceeded with url: /mllm/v1/chat/completions (Caused by ReadTimeoutError("HTTPSConnectionPool(host=\'game.agaii.org\', port=443): Read timed out. (read timeout=180)"))'))
[ReasonBench] marked_unscorable example_id=5a126374e3885ec262a06ef4f7eaafd34477f3bc68ba8e6b04123c2c32e7352d strategy=direct error_records=208
[ReasonBench] error example_id=5a126374e3885ec262a06ef4f7eaafd34477f3bc68ba8e6b04123c2c32e7352d strategy=concise_cot error=ConnectionError(MaxRetryError('HTTPSConnectionPool(host=\'game.agaii.org\', port=443): Max retries exceeded with url: /mllm/v1/chat/completions (Caused by ReadTimeoutError("HTTPSConnectionPool(host=\'game.agaii.org\', port=443): Read timed out. (read timeout=180)"))'))
[ReasonBench] marked_unscorable example_id=5a126374e3885ec262a06ef4f7eaafd34477f3bc68ba8e6b04123c2c32e7352d strategy=concise_cot error_records=209
[ReasonBench] error example_id=5a126374e3885ec262a06ef4f7eaafd34477f3bc68ba8e6b04123c2c32e7352d strategy=least_to_most error=ConnectionError(MaxRetryError('HTTPSConnectionPool(host=\'game.agaii.org\', port=443): Max retries exceeded with url: /mllm/v1/chat/completions (Caused by ReadTimeoutError("HTTPSConnectionPool(host=\'game.agaii.org\', port=443): Read timed out. (read timeout=180)"))'))
[ReasonBench] marked_unscorable example_id=5a126374e3885ec262a06ef4f7eaafd34477f3bc68ba8e6b04123c2c32e7352d strategy=least_to_most error_records=210
[ReasonBench] error example_id=5a126374e3885ec262a06ef4f7eaafd34477f3bc68ba8e6b04123c2c32e7352d strategy=constraint_decompose error=ConnectionError(MaxRetryError('HTTPSConnectionPool(host=\'game.agaii.org\', port=443): Max retries exceeded with url: /mllm/v1/chat/completions (Caused by ReadTimeoutError("HTTPSConnectionPool(host=\'game.agaii.org\', port=443): Read timed out. (read timeout=180)"))'))
[ReasonBench] marked_unscorable example_id=5a126374e3885ec262a06ef4f7eaafd34477f3bc68ba8e6b04123c2c32e7352d strategy=constraint_decompose error_records=211
[ReasonBench] error example_id=5a126374e3885ec262a06ef4f7eaafd34477f3bc68ba8e6b04123c2c32e7352d strategy=self_verify error=ConnectionError(MaxRetryError('HTTPSConnectionPool(host=\'game.agaii.org\', port=443): Max retries exceeded with url: /mllm/v1/chat/completions (Caused by ReadTimeoutError("HTTPSConnectionPool(host=\'game.agaii.org\', port=443): Read timed out. (read timeout=180)"))'))
[ReasonBench] marked_unscorable example_id=5a126374e3885ec262a06ef4f7eaafd34477f3bc68ba8e6b04123c2c32e7352d strategy=self_verify error_records=212
[ReasonBench] error example_id=5a126374e3885ec262a06ef4f7eaafd34477f3bc68ba8e6b04123c2c32e7352d strategy=critique_refine error=ConnectionError(MaxRetryError('HTTPSConnectionPool(host=\'game.agaii.org\', port=443): Max retries exceeded with url: /mllm/v1/chat/completions (Caused by ReadTimeoutError("HTTPSConnectionPool(host=\'game.agaii.org\', port=443): Read timed out. (read timeout=180)"))'))
[ReasonBench] marked_unscorable example_id=5a126374e3885ec262a06ef4f7eaafd34477f3bc68ba8e6b04123c2c32e7352d strategy=critique_refine error_records=213
[ReasonBench] error example_id=5a126374e3885ec262a06ef4f7eaafd34477f3bc68ba8e6b04123c2c32e7352d strategy=self_consistency error=ConnectionError(MaxRetryError('HTTPSConnectionPool(host=\'game.agaii.org\', port=443): Max retries exceeded with url: /mllm/v1/chat/completions (Caused by ReadTimeoutError("HTTPSConnectionPool(host=\'game.agaii.org\', port=443): Read timed out. (read timeout=180)"))'))
[ReasonBench] marked_unscorable example_id=5a126374e3885ec262a06ef4f7eaafd34477f3bc68ba8e6b04123c2c32e7352d strategy=self_consistency error_records=214
[ReasonBench] error example_id=5a126374e3885ec262a06ef4f7eaafd34477f3bc68ba8e6b04123c2c32e7352d strategy=selective_self_consistency error=ConnectionError(MaxRetryError('HTTPSConnectionPool(host=\'game.agaii.org\', port=443): Max retries exceeded with url: /mllm/v1/chat/completions (Caused by ReadTimeoutError("HTTPSConnectionPool(host=\'game.agaii.org\', port=443): Read timed out. (read timeout=180)"))'))
[ReasonBench] marked_unscorable example_id=5a126374e3885ec262a06ef4f7eaafd34477f3bc68ba8e6b04123c2c32e7352d strategy=selective_self_consistency error_records=215
[ReasonBench] error example_id=5a126374e3885ec262a06ef4f7eaafd34477f3bc68ba8e6b04123c2c32e7352d strategy=budgeted_cascade error=ConnectionError(MaxRetryError('HTTPSConnectionPool(host=\'game.agaii.org\', port=443): Max retries exceeded with url: /mllm/v1/chat/completions (Caused by ReadTimeoutError("HTTPSConnectionPool(host=\'game.agaii.org\', port=443): Read timed out. (read timeout=180)"))'))
[ReasonBench] marked_unscorable example_id=5a126374e3885ec262a06ef4f7eaafd34477f3bc68ba8e6b04123c2c32e7352d strategy=budgeted_cascade error_records=216
[ReasonBench] error example_id=5a126374e3885ec262a06ef4f7eaafd34477f3bc68ba8e6b04123c2c32e7352d strategy=few_shot_exemplar error=ConnectionError(MaxRetryError('HTTPSConnectionPool(host=\'game.agaii.org\', port=443): Max retries exceeded with url: /mllm/v1/chat/completions (Caused by ReadTimeoutError("HTTPSConnectionPool(host=\'game.agaii.org\', port=443): Read timed out. (read timeout=180)"))'))
[ReasonBench] marked_unscorable example_id=5a126374e3885ec262a06ef4f7eaafd34477f3bc68ba8e6b04123c2c32e7352d strategy=few_shot_exemplar error_records=217
[ReasonBench] error example_id=d414f7768eb066f524236800aa2dbb8a4554f2e4abc22a99ef88fe30cbcc308e strategy=direct error=ConnectionError(MaxRetryError('HTTPSConnectionPool(host=\'game.agaii.org\', port=443): Max retries exceeded with url: /mllm/v1/chat/completions (Caused by ReadTimeoutError("HTTPSConnectionPool(host=\'game.agaii.org\', port=443): Read timed out. (read timeout=180)"))'))
[ReasonBench] marked_unscorable example_id=d414f7768eb066f524236800aa2dbb8a4554f2e4abc22a99ef88fe30cbcc308e strategy=direct error_records=218
[ReasonBench] error example_id=d414f7768eb066f524236800aa2dbb8a4554f2e4abc22a99ef88fe30cbcc308e strategy=concise_cot error=ConnectionError(MaxRetryError('HTTPSConnectionPool(host=\'game.agaii.org\', port=443): Max retries exceeded with url: /mllm/v1/chat/completions (Caused by ReadTimeoutError("HTTPSConnectionPool(host=\'game.agaii.org\', port=443): Read timed out. (read timeout=180)"))'))
[ReasonBench] marked_unscorable example_id=d414f7768eb066f524236800aa2dbb8a4554f2e4abc22a99ef88fe30cbcc308e strategy=concise_cot error_records=219
[ReasonBench] error example_id=d414f7768eb066f524236800aa2dbb8a4554f2e4abc22a99ef88fe30cbcc308e strategy=least_to_most error=ConnectionError(MaxRetryError('HTTPSConnectionPool(host=\'game.agaii.org\', port=443): Max retries exceeded with url: /mllm/v1/chat/completions (Caused by ReadTimeoutError("HTTPSConnectionPool(host=\'game.agaii.org\', port=443): Read timed out. (read timeout=180)"))'))
[ReasonBench] marked_unscorable example_id=d414f7768eb066f524236800aa2dbb8a4554f2e4abc22a99ef88fe30cbcc308e strategy=least_to_most error_records=220
[ReasonBench] error example_id=d414f7768eb066f524236800aa2dbb8a4554f2e4abc22a99ef88fe30cbcc308e strategy=constraint_decompose error=ConnectionError(MaxRetryError('HTTPSConnectionPool(host=\'game.agaii.org\', port=443): Max retries exceeded with url: /mllm/v1/chat/completions (Caused by ReadTimeoutError("HTTPSConnectionPool(host=\'game.agaii.org\', port=443): Read timed out. (read timeout=180)"))'))
[ReasonBench] marked_unscorable example_id=d414f7768eb066f524236800aa2dbb8a4554f2e4abc22a99ef88fe30cbcc308e strategy=constraint_decompose error_records=221
[ReasonBench] error example_id=d414f7768eb066f524236800aa2dbb8a4554f2e4abc22a99ef88fe30cbcc308e strategy=self_verify error=ConnectionError(MaxRetryError('HTTPSConnectionPool(host=\'game.agaii.org\', port=443): Max retries exceeded with url: /mllm/v1/chat/completions (Caused by ReadTimeoutError("HTTPSConnectionPool(host=\'game.agaii.org\', port=443): Read timed out. (read timeout=180)"))'))
[ReasonBench] marked_unscorable example_id=d414f7768eb066f524236800aa2dbb8a4554f2e4abc22a99ef88fe30cbcc308e strategy=self_verify error_records=222
[ReasonBench] error example_id=d414f7768eb066f524236800aa2dbb8a4554f2e4abc22a99ef88fe30cbcc308e strategy=critique_refine error=ConnectionError(MaxRetryError('HTTPSConnectionPool(host=\'game.agaii.org\', port=443): Max retries exceeded with url: /mllm/v1/chat/completions (Caused by ReadTimeoutError("HTTPSConnectionPool(host=\'game.agaii.org\', port=443): Read timed out. (read timeout=180)"))'))
[ReasonBench] marked_unscorable example_id=d414f7768eb066f524236800aa2dbb8a4554f2e4abc22a99ef88fe30cbcc308e strategy=critique_refine error_records=223
[ReasonBench] error example_id=d414f7768eb066f524236800aa2dbb8a4554f2e4abc22a99ef88fe30cbcc308e strategy=self_consistency error=ConnectionError(MaxRetryError('HTTPSConnectionPool(host=\'game.agaii.org\', port=443): Max retries exceeded with url: /mllm/v1/chat/completions (Caused by ReadTimeoutError("HTTPSConnectionPool(host=\'game.agaii.org\', port=443): Read timed out. (read timeout=180)"))'))
[ReasonBench] marked_unscorable example_id=d414f7768eb066f524236800aa2dbb8a4554f2e4abc22a99ef88fe30cbcc308e strategy=self_consistency error_records=224
[ReasonBench] error example_id=d414f7768eb066f524236800aa2dbb8a4554f2e4abc22a99ef88fe30cbcc308e strategy=selective_self_consistency error=ConnectionError(MaxRetryError('HTTPSConnectionPool(host=\'game.agaii.org\', port=443): Max retries exceeded with url: /mllm/v1/chat/completions (Caused by ReadTimeoutError("HTTPSConnectionPool(host=\'game.agaii.org\', port=443): Read timed out. (read timeout=180)"))'))
[ReasonBench] marked_unscorable example_id=d414f7768eb066f524236800aa2dbb8a4554f2e4abc22a99ef88fe30cbcc308e strategy=selective_self_consistency error_records=225
[ReasonBench] error example_id=d414f7768eb066f524236800aa2dbb8a4554f2e4abc22a99ef88fe30cbcc308e strategy=budgeted_cascade error=ConnectionError(MaxRetryError('HTTPSConnectionPool(host=\'game.agaii.org\', port=443): Max retries exceeded with url: /mllm/v1/chat/completions (Caused by ReadTimeoutError("HTTPSConnectionPool(host=\'game.agaii.org\', port=443): Read timed out. (read timeout=180)"))'))
[ReasonBench] marked_unscorable example_id=d414f7768eb066f524236800aa2dbb8a4554f2e4abc22a99ef88fe30cbcc308e strategy=budgeted_cascade error_records=226
[ReasonBench] error example_id=d414f7768eb066f524236800aa2dbb8a4554f2e4abc22a99ef88fe30cbcc308e strategy=few_shot_exemplar error=ConnectionError(MaxRetryError('HTTPSConnectionPool(host=\'game.agaii.org\', port=443): Max retries exceeded with url: /mllm/v1/chat/completions (Caused by ReadTimeoutError("HTTPSConnectionPool(host=\'game.agaii.org\', port=443): Read timed out. (read timeout=180)"))'))
[ReasonBench] marked_unscorable example_id=d414f7768eb066f524236800aa2dbb8a4554f2e4abc22a99ef88fe30cbcc308e strategy=few_shot_exemplar error_records=227
[ReasonBench] error example_id=6afe4974569ffea0733fb153fa9bc6ea75c6ada73e3095b7a3efb65fabbfae06 strategy=direct error=ConnectionError(MaxRetryError('HTTPSConnectionPool(host=\'game.agaii.org\', port=443): Max retries exceeded with url: /mllm/v1/chat/completions (Caused by ReadTimeoutError("HTTPSConnectionPool(host=\'game.agaii.org\', port=443): Read timed out. (read timeout=180)"))'))
[ReasonBench] marked_unscorable example_id=6afe4974569ffea0733fb153fa9bc6ea75c6ada73e3095b7a3efb65fabbfae06 strategy=direct error_records=228
[ReasonBench] error example_id=6afe4974569ffea0733fb153fa9bc6ea75c6ada73e3095b7a3efb65fabbfae06 strategy=concise_cot error=ConnectionError(MaxRetryError('HTTPSConnectionPool(host=\'game.agaii.org\', port=443): Max retries exceeded with url: /mllm/v1/chat/completions (Caused by ReadTimeoutError("HTTPSConnectionPool(host=\'game.agaii.org\', port=443): Read timed out. (read timeout=180)"))'))
[ReasonBench] marked_unscorable example_id=6afe4974569ffea0733fb153fa9bc6ea75c6ada73e3095b7a3efb65fabbfae06 strategy=concise_cot error_records=229
[ReasonBench] error example_id=6afe4974569ffea0733fb153fa9bc6ea75c6ada73e3095b7a3efb65fabbfae06 strategy=least_to_most error=ConnectionError(MaxRetryError('HTTPSConnectionPool(host=\'game.agaii.org\', port=443): Max retries exceeded with url: /mllm/v1/chat/completions (Caused by ReadTimeoutError("HTTPSConnectionPool(host=\'game.agaii.org\', port=443): Read timed out. (read timeout=180)"))'))
[ReasonBench] marked_unscorable example_id=6afe4974569ffea0733fb153fa9bc6ea75c6ada73e3095b7a3efb65fabbfae06 strategy=least_to_most error_records=230
[ReasonBench] error example_id=6afe4974569ffea0733fb153fa9bc6ea75c6ada73e3095b7a3efb65fabbfae06 strategy=constraint_decompose error=ConnectionError(MaxRetryError('HTTPSConnectionPool(host=\'game.agaii.org\', port=443): Max retries exceeded with url: /mllm/v1/chat/completions (Caused by ReadTimeoutError("HTTPSConnectionPool(host=\'game.agaii.org\', port=443): Read timed out. (read timeout=180)"))'))
[ReasonBench] marked_unscorable example_id=6afe4974569ffea0733fb153fa9bc6ea75c6ada73e3095b7a3efb65fabbfae06 strategy=constraint_decompose error_records=231
[ReasonBench] error example_id=6afe4974569ffea0733fb153fa9bc6ea75c6ada73e3095b7a3efb65fabbfae06 strategy=self_verify error=ConnectionError(MaxRetryError('HTTPSConnectionPool(host=\'game.agaii.org\', port=443): Max retries exceeded with url: /mllm/v1/chat/completions (Caused by ReadTimeoutError("HTTPSConnectionPool(host=\'game.agaii.org\', port=443): Read timed out. (read timeout=180)"))'))
[ReasonBench] marked_unscorable example_id=6afe4974569ffea0733fb153fa9bc6ea75c6ada73e3095b7a3efb65fabbfae06 strategy=self_verify error_records=232
[ReasonBench] error example_id=6afe4974569ffea0733fb153fa9bc6ea75c6ada73e3095b7a3efb65fabbfae06 strategy=critique_refine error=ConnectionError(MaxRetryError('HTTPSConnectionPool(host=\'game.agaii.org\', port=443): Max retries exceeded with url: /mllm/v1/chat/completions (Caused by ReadTimeoutError("HTTPSConnectionPool(host=\'game.agaii.org\', port=443): Read timed out. (read timeout=180)"))'))
[ReasonBench] marked_unscorable example_id=6afe4974569ffea0733fb153fa9bc6ea75c6ada73e3095b7a3efb65fabbfae06 strategy=critique_refine error_records=233
[ReasonBench] error example_id=6afe4974569ffea0733fb153fa9bc6ea75c6ada73e3095b7a3efb65fabbfae06 strategy=self_consistency error=ConnectionError(MaxRetryError('HTTPSConnectionPool(host=\'game.agaii.org\', port=443): Max retries exceeded with url: /mllm/v1/chat/completions (Caused by ReadTimeoutError("HTTPSConnectionPool(host=\'game.agaii.org\', port=443): Read timed out. (read timeout=180)"))'))
[ReasonBench] marked_unscorable example_id=6afe4974569ffea0733fb153fa9bc6ea75c6ada73e3095b7a3efb65fabbfae06 strategy=self_consistency error_records=234
[ReasonBench] error example_id=6afe4974569ffea0733fb153fa9bc6ea75c6ada73e3095b7a3efb65fabbfae06 strategy=selective_self_consistency error=ConnectionError(MaxRetryError('HTTPSConnectionPool(host=\'game.agaii.org\', port=443): Max retries exceeded with url: /mllm/v1/chat/completions (Caused by ReadTimeoutError("HTTPSConnectionPool(host=\'game.agaii.org\', port=443): Read timed out. (read timeout=180)"))'))
[ReasonBench] marked_unscorable example_id=6afe4974569ffea0733fb153fa9bc6ea75c6ada73e3095b7a3efb65fabbfae06 strategy=selective_self_consistency error_records=235
[ReasonBench] error example_id=6afe4974569ffea0733fb153fa9bc6ea75c6ada73e3095b7a3efb65fabbfae06 strategy=budgeted_cascade error=ConnectionError(MaxRetryError('HTTPSConnectionPool(host=\'game.agaii.org\', port=443): Max retries exceeded with url: /mllm/v1/chat/completions (Caused by ReadTimeoutError("HTTPSConnectionPool(host=\'game.agaii.org\', port=443): Read timed out. (read timeout=180)"))'))
[ReasonBench] marked_unscorable example_id=6afe4974569ffea0733fb153fa9bc6ea75c6ada73e3095b7a3efb65fabbfae06 strategy=budgeted_cascade error_records=236
[ReasonBench] error example_id=6afe4974569ffea0733fb153fa9bc6ea75c6ada73e3095b7a3efb65fabbfae06 strategy=few_shot_exemplar error=ConnectionError(MaxRetryError('HTTPSConnectionPool(host=\'game.agaii.org\', port=443): Max retries exceeded with url: /mllm/v1/chat/completions (Caused by ReadTimeoutError("HTTPSConnectionPool(host=\'game.agaii.org\', port=443): Read timed out. (read timeout=180)"))'))
[ReasonBench] marked_unscorable example_id=6afe4974569ffea0733fb153fa9bc6ea75c6ada73e3095b7a3efb65fabbfae06 strategy=few_shot_exemplar error_records=237
[ReasonBench] error example_id=ef2c6b4ab2f09b2f310eff0a1e7c7e22e9ed12a554aa667dc9d7162fdb123f50 strategy=direct error=ConnectionError(MaxRetryError('HTTPSConnectionPool(host=\'game.agaii.org\', port=443): Max retries exceeded with url: /mllm/v1/chat/completions (Caused by ReadTimeoutError("HTTPSConnectionPool(host=\'game.agaii.org\', port=443): Read timed out. (read timeout=180)"))'))
[ReasonBench] marked_unscorable example_id=ef2c6b4ab2f09b2f310eff0a1e7c7e22e9ed12a554aa667dc9d7162fdb123f50 strategy=direct error_records=238
[ReasonBench] error example_id=ef2c6b4ab2f09b2f310eff0a1e7c7e22e9ed12a554aa667dc9d7162fdb123f50 strategy=concise_cot error=ConnectionError(MaxRetryError('HTTPSConnectionPool(host=\'game.agaii.org\', port=443): Max retries exceeded with url: /mllm/v1/chat/completions (Caused by ReadTimeoutError("HTTPSConnectionPool(host=\'game.agaii.org\', port=443): Read timed out. (read timeout=180)"))'))
[ReasonBench] marked_unscorable example_id=ef2c6b4ab2f09b2f310eff0a1e7c7e22e9ed12a554aa667dc9d7162fdb123f50 strategy=concise_cot error_records=239
[ReasonBench] error example_id=ef2c6b4ab2f09b2f310eff0a1e7c7e22e9ed12a554aa667dc9d7162fdb123f50 strategy=least_to_most error=ConnectionError(MaxRetryError('HTTPSConnectionPool(host=\'game.agaii.org\', port=443): Max retries exceeded with url: /mllm/v1/chat/completions (Caused by ReadTimeoutError("HTTPSConnectionPool(host=\'game.agaii.org\', port=443): Read timed out. (read timeout=180)"))'))
[ReasonBench] marked_unscorable example_id=ef2c6b4ab2f09b2f310eff0a1e7c7e22e9ed12a554aa667dc9d7162fdb123f50 strategy=least_to_most error_records=240
[ReasonBench] error example_id=ef2c6b4ab2f09b2f310eff0a1e7c7e22e9ed12a554aa667dc9d7162fdb123f50 strategy=constraint_decompose error=ConnectionError(MaxRetryError('HTTPSConnectionPool(host=\'game.agaii.org\', port=443): Max retries exceeded with url: /mllm/v1/chat/completions (Caused by ReadTimeoutError("HTTPSConnectionPool(host=\'game.agaii.org\', port=443): Read timed out. (read timeout=180)"))'))
[ReasonBench] marked_unscorable example_id=ef2c6b4ab2f09b2f310eff0a1e7c7e22e9ed12a554aa667dc9d7162fdb123f50 strategy=constraint_decompose error_records=241
[ReasonBench] error example_id=ef2c6b4ab2f09b2f310eff0a1e7c7e22e9ed12a554aa667dc9d7162fdb123f50 strategy=self_verify error=ConnectionError(MaxRetryError('HTTPSConnectionPool(host=\'game.agaii.org\', port=443): Max retries exceeded with url: /mllm/v1/chat/completions (Caused by ReadTimeoutError("HTTPSConnectionPool(host=\'game.agaii.org\', port=443): Read timed out. (read timeout=180)"))'))
[ReasonBench] marked_unscorable example_id=ef2c6b4ab2f09b2f310eff0a1e7c7e22e9ed12a554aa667dc9d7162fdb123f50 strategy=self_verify error_records=242
[ReasonBench] error example_id=ef2c6b4ab2f09b2f310eff0a1e7c7e22e9ed12a554aa667dc9d7162fdb123f50 strategy=critique_refine error=ConnectionError(MaxRetryError('HTTPSConnectionPool(host=\'game.agaii.org\', port=443): Max retries exceeded with url: /mllm/v1/chat/completions (Caused by ReadTimeoutError("HTTPSConnectionPool(host=\'game.agaii.org\', port=443): Read timed out. (read timeout=180)"))'))
[ReasonBench] marked_unscorable example_id=ef2c6b4ab2f09b2f310eff0a1e7c7e22e9ed12a554aa667dc9d7162fdb123f50 strategy=critique_refine error_records=243
[ReasonBench] error example_id=ef2c6b4ab2f09b2f310eff0a1e7c7e22e9ed12a554aa667dc9d7162fdb123f50 strategy=self_consistency error=ConnectionError(MaxRetryError('HTTPSConnectionPool(host=\'game.agaii.org\', port=443): Max retries exceeded with url: /mllm/v1/chat/completions (Caused by ReadTimeoutError("HTTPSConnectionPool(host=\'game.agaii.org\', port=443): Read timed out. (read timeout=180)"))'))
[ReasonBench] marked_unscorable example_id=ef2c6b4ab2f09b2f310eff0a1e7c7e22e9ed12a554aa667dc9d7162fdb123f50 strategy=self_consistency error_records=244
[ReasonBench] error example_id=ef2c6b4ab2f09b2f310eff0a1e7c7e22e9ed12a554aa667dc9d7162fdb123f50 strategy=selective_self_consistency error=ConnectionError(MaxRetryError('HTTPSConnectionPool(host=\'game.agaii.org\', port=443): Max retries exceeded with url: /mllm/v1/chat/completions (Caused by ReadTimeoutError("HTTPSConnectionPool(host=\'game.agaii.org\', port=443): Read timed out. (read timeout=180)"))'))
[ReasonBench] marked_unscorable example_id=ef2c6b4ab2f09b2f310eff0a1e7c7e22e9ed12a554aa667dc9d7162fdb123f50 strategy=selective_self_consistency error_records=245
[ReasonBench] error example_id=ef2c6b4ab2f09b2f310eff0a1e7c7e22e9ed12a554aa667dc9d7162fdb123f50 strategy=budgeted_cascade error=ConnectionError(MaxRetryError('HTTPSConnectionPool(host=\'game.agaii.org\', port=443): Max retries exceeded with url: /mllm/v1/chat/completions (Caused by ReadTimeoutError("HTTPSConnectionPool(host=\'game.agaii.org\', port=443): Read timed out. (read timeout=180)"))'))
[ReasonBench] marked_unscorable example_id=ef2c6b4ab2f09b2f310eff0a1e7c7e22e9ed12a554aa667dc9d7162fdb123f50 strategy=budgeted_cascade error_records=246
[ReasonBench] error example_id=ef2c6b4ab2f09b2f310eff0a1e7c7e22e9ed12a554aa667dc9d7162fdb123f50 strategy=few_shot_exemplar error=ConnectionError(MaxRetryError('HTTPSConnectionPool(host=\'game.agaii.org\', port=443): Max retries exceeded with url: /mllm/v1/chat/completions (Caused by ReadTimeoutError("HTTPSConnectionPool(host=\'game.agaii.org\', port=443): Read timed out. (read timeout=180)"))'))
[ReasonBench] marked_unscorable example_id=ef2c6b4ab2f09b2f310eff0a1e7c7e22e9ed12a554aa667dc9d7162fdb123f50 strategy=few_shot_exemplar error_records=247
[ReasonBench] error example_id=01c73e7f5bd7b486915f97829994aca9b95d6116c510d9f3781b5399dea066bd strategy=direct error=ConnectionError(MaxRetryError('HTTPSConnectionPool(host=\'game.agaii.org\', port=443): Max retries exceeded with url: /mllm/v1/chat/completions (Caused by ReadTimeoutError("HTTPSConnectionPool(host=\'game.agaii.org\', port=443): Read timed out. (read timeout=180)"))'))
[ReasonBench] marked_unscorable example_id=01c73e7f5bd7b486915f97829994aca9b95d6116c510d9f3781b5399dea066bd strategy=direct error_records=248
[ReasonBench] error example_id=01c73e7f5bd7b486915f97829994aca9b95d6116c510d9f3781b5399dea066bd strategy=concise_cot error=ConnectionError(MaxRetryError('HTTPSConnectionPool(host=\'game.agaii.org\', port=443): Max retries exceeded with url: /mllm/v1/chat/completions (Caused by ReadTimeoutError("HTTPSConnectionPool(host=\'game.agaii.org\', port=443): Read timed out. (read timeout=180)"))'))
[ReasonBench] marked_unscorable example_id=01c73e7f5bd7b486915f97829994aca9b95d6116c510d9f3781b5399dea066bd strategy=concise_cot error_records=249
[ReasonBench] error example_id=01c73e7f5bd7b486915f97829994aca9b95d6116c510d9f3781b5399dea066bd strategy=least_to_most error=ConnectionError(MaxRetryError('HTTPSConnectionPool(host=\'game.agaii.org\', port=443): Max retries exceeded with url: /mllm/v1/chat/completions (Caused by ReadTimeoutError("HTTPSConnectionPool(host=\'game.agaii.org\', port=443): Read timed out. (read timeout=180)"))'))
[ReasonBench] marked_unscorable example_id=01c73e7f5bd7b486915f97829994aca9b95d6116c510d9f3781b5399dea066bd strategy=least_to_most error_records=250
[ReasonBench] error example_id=01c73e7f5bd7b486915f97829994aca9b95d6116c510d9f3781b5399dea066bd strategy=constraint_decompose error=ConnectionError(MaxRetryError('HTTPSConnectionPool(host=\'game.agaii.org\', port=443): Max retries exceeded with url: /mllm/v1/chat/completions (Caused by ReadTimeoutError("HTTPSConnectionPool(host=\'game.agaii.org\', port=443): Read timed out. (read timeout=180)"))'))
[ReasonBench] marked_unscorable example_id=01c73e7f5bd7b486915f97829994aca9b95d6116c510d9f3781b5399dea066bd strategy=constraint_decompose error_records=251
[ReasonBench] error example_id=01c73e7f5bd7b486915f97829994aca9b95d6116c510d9f3781b5399dea066bd strategy=self_verify error=ConnectionError(MaxRetryError('HTTPSConnectionPool(host=\'game.agaii.org\', port=443): Max retries exceeded with url: /mllm/v1/chat/completions (Caused by ReadTimeoutError("HTTPSConnectionPool(host=\'game.agaii.org\', port=443): Read timed out. (read timeout=180)"))'))
[ReasonBench] marked_unscorable example_id=01c73e7f5bd7b486915f97829994aca9b95d6116c510d9f3781b5399dea066bd strategy=self_verify error_records=252
[ReasonBench] error example_id=01c73e7f5bd7b486915f97829994aca9b95d6116c510d9f3781b5399dea066bd strategy=critique_refine error=ConnectionError(MaxRetryError('HTTPSConnectionPool(host=\'game.agaii.org\', port=443): Max retries exceeded with url: /mllm/v1/chat/completions (Caused by ReadTimeoutError("HTTPSConnectionPool(host=\'game.agaii.org\', port=443): Read timed out. (read timeout=180)"))'))
[ReasonBench] marked_unscorable example_id=01c73e7f5bd7b486915f97829994aca9b95d6116c510d9f3781b5399dea066bd strategy=critique_refine error_records=253
[ReasonBench] error example_id=01c73e7f5bd7b486915f97829994aca9b95d6116c510d9f3781b5399dea066bd strategy=self_consistency error=ConnectionError(MaxRetryError('HTTPSConnectionPool(host=\'game.agaii.org\', port=443): Max retries exceeded with url: /mllm/v1/chat/completions (Caused by ReadTimeoutError("HTTPSConnectionPool(host=\'game.agaii.org\', port=443): Read timed out. (read timeout=180)"))'))
[ReasonBench] marked_unscorable example_id=01c73e7f5bd7b486915f97829994aca9b95d6116c510d9f3781b5399dea066bd strategy=self_consistency error_records=254
[ReasonBench] error example_id=01c73e7f5bd7b486915f97829994aca9b95d6116c510d9f3781b5399dea066bd strategy=selective_self_consistency error=ConnectionError(MaxRetryError('HTTPSConnectionPool(host=\'game.agaii.org\', port=443): Max retries exceeded with url: /mllm/v1/chat/completions (Caused by ReadTimeoutError("HTTPSConnectionPool(host=\'game.agaii.org\', port=443): Read timed out. (read timeout=180)"))'))
[ReasonBench] marked_unscorable example_id=01c73e7f5bd7b486915f97829994aca9b95d6116c510d9f3781b5399dea066bd strategy=selective_self_consistency error_records=255
[ReasonBench] error example_id=01c73e7f5bd7b486915f97829994aca9b95d6116c510d9f3781b5399dea066bd strategy=budgeted_cascade error=ConnectionError(MaxRetryError('HTTPSConnectionPool(host=\'game.agaii.org\', port=443): Max retries exceeded with url: /mllm/v1/chat/completions (Caused by ReadTimeoutError("HTTPSConnectionPool(host=\'game.agaii.org\', port=443): Read timed out. (read timeout=180)"))'))
[ReasonBench] marked_unscorable example_id=01c73e7f5bd7b486915f97829994aca9b95d6116c510d9f3781b5399dea066bd strategy=budgeted_cascade error_records=256
[ReasonBench] error example_id=01c73e7f5bd7b486915f97829994aca9b95d6116c510d9f3781b5399dea066bd strategy=few_shot_exemplar error=ConnectionError(MaxRetryError('HTTPSConnectionPool(host=\'game.agaii.org\', port=443): Max retries exceeded with url: /mllm/v1/chat/completions (Caused by ReadTimeoutError("HTTPSConnectionPool(host=\'game.agaii.org\', port=443): Read timed out. (read timeout=180)"))'))
[ReasonBench] marked_unscorable example_id=01c73e7f5bd7b486915f97829994aca9b95d6116c510d9f3781b5399dea066bd strategy=few_shot_exemplar error_records=257
[ReasonBench] error example_id=23132a8725620697e72843b28d711947911252925ddaec701e17d85564165c4f strategy=direct error=ConnectionError(MaxRetryError('HTTPSConnectionPool(host=\'game.agaii.org\', port=443): Max retries exceeded with url: /mllm/v1/chat/completions (Caused by ReadTimeoutError("HTTPSConnectionPool(host=\'game.agaii.org\', port=443): Read timed out. (read timeout=180)"))'))
[ReasonBench] marked_unscorable example_id=23132a8725620697e72843b28d711947911252925ddaec701e17d85564165c4f strategy=direct error_records=258
[ReasonBench] error example_id=23132a8725620697e72843b28d711947911252925ddaec701e17d85564165c4f strategy=concise_cot error=ConnectionError(MaxRetryError('HTTPSConnectionPool(host=\'game.agaii.org\', port=443): Max retries exceeded with url: /mllm/v1/chat/completions (Caused by ReadTimeoutError("HTTPSConnectionPool(host=\'game.agaii.org\', port=443): Read timed out. (read timeout=180)"))'))
[ReasonBench] marked_unscorable example_id=23132a8725620697e72843b28d711947911252925ddaec701e17d85564165c4f strategy=concise_cot error_records=259
[ReasonBench] error example_id=23132a8725620697e72843b28d711947911252925ddaec701e17d85564165c4f strategy=least_to_most error=ConnectionError(MaxRetryError('HTTPSConnectionPool(host=\'game.agaii.org\', port=443): Max retries exceeded with url: /mllm/v1/chat/completions (Caused by ReadTimeoutError("HTTPSConnectionPool(host=\'game.agaii.org\', port=443): Read timed out. (read timeout=180)"))'))
[ReasonBench] marked_unscorable example_id=23132a8725620697e72843b28d711947911252925ddaec701e17d85564165c4f strategy=least_to_most error_records=260
[ReasonBench] error example_id=23132a8725620697e72843b28d711947911252925ddaec701e17d85564165c4f strategy=constraint_decompose error=ConnectionError(MaxRetryError('HTTPSConnectionPool(host=\'game.agaii.org\', port=443): Max retries exceeded with url: /mllm/v1/chat/completions (Caused by ReadTimeoutError("HTTPSConnectionPool(host=\'game.agaii.org\', port=443): Read timed out. (read timeout=180)"))'))
[ReasonBench] marked_unscorable example_id=23132a8725620697e72843b28d711947911252925ddaec701e17d85564165c4f strategy=constraint_decompose error_records=261
[ReasonBench] error example_id=23132a8725620697e72843b28d711947911252925ddaec701e17d85564165c4f strategy=self_verify error=ConnectionError(MaxRetryError('HTTPSConnectionPool(host=\'game.agaii.org\', port=443): Max retries exceeded with url: /mllm/v1/chat/completions (Caused by ReadTimeoutError("HTTPSConnectionPool(host=\'game.agaii.org\', port=443): Read timed out. (read timeout=180)"))'))
[ReasonBench] marked_unscorable example_id=23132a8725620697e72843b28d711947911252925ddaec701e17d85564165c4f strategy=self_verify error_records=262
[ReasonBench] error example_id=23132a8725620697e72843b28d711947911252925ddaec701e17d85564165c4f strategy=critique_refine error=ConnectionError(MaxRetryError('HTTPSConnectionPool(host=\'game.agaii.org\', port=443): Max retries exceeded with url: /mllm/v1/chat/completions (Caused by ReadTimeoutError("HTTPSConnectionPool(host=\'game.agaii.org\', port=443): Read timed out. (read timeout=180)"))'))
[ReasonBench] marked_unscorable example_id=23132a8725620697e72843b28d711947911252925ddaec701e17d85564165c4f strategy=critique_refine error_records=263
[ReasonBench] error example_id=23132a8725620697e72843b28d711947911252925ddaec701e17d85564165c4f strategy=self_consistency error=ConnectionError(MaxRetryError('HTTPSConnectionPool(host=\'game.agaii.org\', port=443): Max retries exceeded with url: /mllm/v1/chat/completions (Caused by ReadTimeoutError("HTTPSConnectionPool(host=\'game.agaii.org\', port=443): Read timed out. (read timeout=180)"))'))
[ReasonBench] marked_unscorable example_id=23132a8725620697e72843b28d711947911252925ddaec701e17d85564165c4f strategy=self_consistency error_records=264
[ReasonBench] error example_id=23132a8725620697e72843b28d711947911252925ddaec701e17d85564165c4f strategy=selective_self_consistency error=ConnectionError(MaxRetryError('HTTPSConnectionPool(host=\'game.agaii.org\', port=443): Max retries exceeded with url: /mllm/v1/chat/completions (Caused by ReadTimeoutError("HTTPSConnectionPool(host=\'game.agaii.org\', port=443): Read timed out. (read timeout=180)"))'))
[ReasonBench] marked_unscorable example_id=23132a8725620697e72843b28d711947911252925ddaec701e17d85564165c4f strategy=selective_self_consistency error_records=265
[ReasonBench] error example_id=23132a8725620697e72843b28d711947911252925ddaec701e17d85564165c4f strategy=budgeted_cascade error=ConnectionError(MaxRetryError('HTTPSConnectionPool(host=\'game.agaii.org\', port=443): Max retries exceeded with url: /mllm/v1/chat/completions (Caused by ReadTimeoutError("HTTPSConnectionPool(host=\'game.agaii.org\', port=443): Read timed out. (read timeout=180)"))'))
[ReasonBench] marked_unscorable example_id=23132a8725620697e72843b28d711947911252925ddaec701e17d85564165c4f strategy=budgeted_cascade error_records=266
[ReasonBench] error example_id=23132a8725620697e72843b28d711947911252925ddaec701e17d85564165c4f strategy=few_shot_exemplar error=ConnectionError(MaxRetryError('HTTPSConnectionPool(host=\'game.agaii.org\', port=443): Max retries exceeded with url: /mllm/v1/chat/completions (Caused by ReadTimeoutError("HTTPSConnectionPool(host=\'game.agaii.org\', port=443): Read timed out. (read timeout=180)"))'))
[ReasonBench] marked_unscorable example_id=23132a8725620697e72843b28d711947911252925ddaec701e17d85564165c4f strategy=few_shot_exemplar error_records=267
[ReasonBench] error example_id=27c31c63ff778ef9594589756be22b75959369914a5b4fae17fa3255927e1dc4 strategy=direct error=ConnectionError(MaxRetryError('HTTPSConnectionPool(host=\'game.agaii.org\', port=443): Max retries exceeded with url: /mllm/v1/chat/completions (Caused by ReadTimeoutError("HTTPSConnectionPool(host=\'game.agaii.org\', port=443): Read timed out. (read timeout=180)"))'))
[ReasonBench] marked_unscorable example_id=27c31c63ff778ef9594589756be22b75959369914a5b4fae17fa3255927e1dc4 strategy=direct error_records=268
[ReasonBench] error example_id=27c31c63ff778ef9594589756be22b75959369914a5b4fae17fa3255927e1dc4 strategy=concise_cot error=ConnectionError(MaxRetryError('HTTPSConnectionPool(host=\'game.agaii.org\', port=443): Max retries exceeded with url: /mllm/v1/chat/completions (Caused by ReadTimeoutError("HTTPSConnectionPool(host=\'game.agaii.org\', port=443): Read timed out. (read timeout=180)"))'))
[ReasonBench] marked_unscorable example_id=27c31c63ff778ef9594589756be22b75959369914a5b4fae17fa3255927e1dc4 strategy=concise_cot error_records=269
[ReasonBench] error example_id=27c31c63ff778ef9594589756be22b75959369914a5b4fae17fa3255927e1dc4 strategy=least_to_most error=ConnectionError(MaxRetryError('HTTPSConnectionPool(host=\'game.agaii.org\', port=443): Max retries exceeded with url: /mllm/v1/chat/completions (Caused by ReadTimeoutError("HTTPSConnectionPool(host=\'game.agaii.org\', port=443): Read timed out. (read timeout=180)"))'))
[ReasonBench] marked_unscorable example_id=27c31c63ff778ef9594589756be22b75959369914a5b4fae17fa3255927e1dc4 strategy=least_to_most error_records=270
[ReasonBench] error example_id=27c31c63ff778ef9594589756be22b75959369914a5b4fae17fa3255927e1dc4 strategy=constraint_decompose error=ConnectionError(MaxRetryError('HTTPSConnectionPool(host=\'game.agaii.org\', port=443): Max retries exceeded with url: /mllm/v1/chat/completions (Caused by ReadTimeoutError("HTTPSConnectionPool(host=\'game.agaii.org\', port=443): Read timed out. (read timeout=180)"))'))
[ReasonBench] marked_unscorable example_id=27c31c63ff778ef9594589756be22b75959369914a5b4fae17fa3255927e1dc4 strategy=constraint_decompose error_records=271
[ReasonBench] error example_id=27c31c63ff778ef9594589756be22b75959369914a5b4fae17fa3255927e1dc4 strategy=self_verify error=ConnectionError(MaxRetryError('HTTPSConnectionPool(host=\'game.agaii.org\', port=443): Max retries exceeded with url: /mllm/v1/chat/completions (Caused by ReadTimeoutError("HTTPSConnectionPool(host=\'game.agaii.org\', port=443): Read timed out. (read timeout=180)"))'))
[ReasonBench] marked_unscorable example_id=27c31c63ff778ef9594589756be22b75959369914a5b4fae17fa3255927e1dc4 strategy=self_verify error_records=272
[ReasonBench] error example_id=27c31c63ff778ef9594589756be22b75959369914a5b4fae17fa3255927e1dc4 strategy=critique_refine error=ConnectionError(MaxRetryError('HTTPSConnectionPool(host=\'game.agaii.org\', port=443): Max retries exceeded with url: /mllm/v1/chat/completions (Caused by ReadTimeoutError("HTTPSConnectionPool(host=\'game.agaii.org\', port=443): Read timed out. (read timeout=180)"))'))
[ReasonBench] marked_unscorable example_id=27c31c63ff778ef9594589756be22b75959369914a5b4fae17fa3255927e1dc4 strategy=critique_refine error_records=273
[ReasonBench] progress total=286/14360 (1.99%) new=284/14358 elapsed_s=48910.7
[ReasonBench] error example_id=27c31c63ff778ef9594589756be22b75959369914a5b4fae17fa3255927e1dc4 strategy=self_consistency error=ConnectionError(MaxRetryError('HTTPSConnectionPool(host=\'game.agaii.org\', port=443): Max retries exceeded with url: /mllm/v1/chat/completions (Caused by ReadTimeoutError("HTTPSConnectionPool(host=\'game.agaii.org\', port=443): Read timed out. (read timeout=180)"))'))
[ReasonBench] marked_unscorable example_id=27c31c63ff778ef9594589756be22b75959369914a5b4fae17fa3255927e1dc4 strategy=self_consistency error_records=274
[ReasonBench] error example_id=27c31c63ff778ef9594589756be22b75959369914a5b4fae17fa3255927e1dc4 strategy=selective_self_consistency error=ConnectionError(MaxRetryError('HTTPSConnectionPool(host=\'game.agaii.org\', port=443): Max retries exceeded with url: /mllm/v1/chat/completions (Caused by ReadTimeoutError("HTTPSConnectionPool(host=\'game.agaii.org\', port=443): Read timed out. (read timeout=180)"))'))
[ReasonBench] marked_unscorable example_id=27c31c63ff778ef9594589756be22b75959369914a5b4fae17fa3255927e1dc4 strategy=selective_self_consistency error_records=275
[ReasonBench] error example_id=27c31c63ff778ef9594589756be22b75959369914a5b4fae17fa3255927e1dc4 strategy=budgeted_cascade error=ConnectionError(MaxRetryError('HTTPSConnectionPool(host=\'game.agaii.org\', port=443): Max retries exceeded with url: /mllm/v1/chat/completions (Caused by ReadTimeoutError("HTTPSConnectionPool(host=\'game.agaii.org\', port=443): Read timed out. (read timeout=180)"))'))
[ReasonBench] marked_unscorable example_id=27c31c63ff778ef9594589756be22b75959369914a5b4fae17fa3255927e1dc4 strategy=budgeted_cascade error_records=276
[ReasonBench] error example_id=27c31c63ff778ef9594589756be22b75959369914a5b4fae17fa3255927e1dc4 strategy=few_shot_exemplar error=ConnectionError(MaxRetryError('HTTPSConnectionPool(host=\'game.agaii.org\', port=443): Max retries exceeded with url: /mllm/v1/chat/completions (Caused by ReadTimeoutError("HTTPSConnectionPool(host=\'game.agaii.org\', port=443): Read timed out. (read timeout=180)"))'))
[ReasonBench] marked_unscorable example_id=27c31c63ff778ef9594589756be22b75959369914a5b4fae17fa3255927e1dc4 strategy=few_shot_exemplar error_records=277
[ReasonBench] error example_id=89101e97bd95e50c1d5d9db784d73f2894a20e4c2ed3e67cf124c7959f8ab4dd strategy=direct error=ConnectionError(MaxRetryError('HTTPSConnectionPool(host=\'game.agaii.org\', port=443): Max retries exceeded with url: /mllm/v1/chat/completions (Caused by ReadTimeoutError("HTTPSConnectionPool(host=\'game.agaii.org\', port=443): Read timed out. (read timeout=180)"))'))
[ReasonBench] marked_unscorable example_id=89101e97bd95e50c1d5d9db784d73f2894a20e4c2ed3e67cf124c7959f8ab4dd strategy=direct error_records=278
[ReasonBench] error example_id=89101e97bd95e50c1d5d9db784d73f2894a20e4c2ed3e67cf124c7959f8ab4dd strategy=concise_cot error=ConnectionError(MaxRetryError('HTTPSConnectionPool(host=\'game.agaii.org\', port=443): Max retries exceeded with url: /mllm/v1/chat/completions (Caused by ReadTimeoutError("HTTPSConnectionPool(host=\'game.agaii.org\', port=443): Read timed out. (read timeout=180)"))'))
[ReasonBench] marked_unscorable example_id=89101e97bd95e50c1d5d9db784d73f2894a20e4c2ed3e67cf124c7959f8ab4dd strategy=concise_cot error_records=279
[ReasonBench] error example_id=89101e97bd95e50c1d5d9db784d73f2894a20e4c2ed3e67cf124c7959f8ab4dd strategy=least_to_most error=ConnectionError(MaxRetryError('HTTPSConnectionPool(host=\'game.agaii.org\', port=443): Max retries exceeded with url: /mllm/v1/chat/completions (Caused by ReadTimeoutError("HTTPSConnectionPool(host=\'game.agaii.org\', port=443): Read timed out. (read timeout=180)"))'))
[ReasonBench] marked_unscorable example_id=89101e97bd95e50c1d5d9db784d73f2894a20e4c2ed3e67cf124c7959f8ab4dd strategy=least_to_most error_records=280
[ReasonBench] error example_id=89101e97bd95e50c1d5d9db784d73f2894a20e4c2ed3e67cf124c7959f8ab4dd strategy=constraint_decompose error=ConnectionError(MaxRetryError('HTTPSConnectionPool(host=\'game.agaii.org\', port=443): Max retries exceeded with url: /mllm/v1/chat/completions (Caused by ReadTimeoutError("HTTPSConnectionPool(host=\'game.agaii.org\', port=443): Read timed out. (read timeout=180)"))'))
[ReasonBench] marked_unscorable example_id=89101e97bd95e50c1d5d9db784d73f2894a20e4c2ed3e67cf124c7959f8ab4dd strategy=constraint_decompose error_records=281
[ReasonBench] error example_id=89101e97bd95e50c1d5d9db784d73f2894a20e4c2ed3e67cf124c7959f8ab4dd strategy=self_verify error=ConnectionError(MaxRetryError('HTTPSConnectionPool(host=\'game.agaii.org\', port=443): Max retries exceeded with url: /mllm/v1/chat/completions (Caused by ReadTimeoutError("HTTPSConnectionPool(host=\'game.agaii.org\', port=443): Read timed out. (read timeout=180)"))'))
[ReasonBench] marked_unscorable example_id=89101e97bd95e50c1d5d9db784d73f2894a20e4c2ed3e67cf124c7959f8ab4dd strategy=self_verify error_records=282
[ReasonBench] error example_id=89101e97bd95e50c1d5d9db784d73f2894a20e4c2ed3e67cf124c7959f8ab4dd strategy=critique_refine error=ConnectionError(MaxRetryError('HTTPSConnectionPool(host=\'game.agaii.org\', port=443): Max retries exceeded with url: /mllm/v1/chat/completions (Caused by ReadTimeoutError("HTTPSConnectionPool(host=\'game.agaii.org\', port=443): Read timed out. (read timeout=180)"))'))
[ReasonBench] marked_unscorable example_id=89101e97bd95e50c1d5d9db784d73f2894a20e4c2ed3e67cf124c7959f8ab4dd strategy=critique_refine error_records=283
[ReasonBench] error example_id=89101e97bd95e50c1d5d9db784d73f2894a20e4c2ed3e67cf124c7959f8ab4dd strategy=self_consistency error=ConnectionError(MaxRetryError('HTTPSConnectionPool(host=\'game.agaii.org\', port=443): Max retries exceeded with url: /mllm/v1/chat/completions (Caused by ReadTimeoutError("HTTPSConnectionPool(host=\'game.agaii.org\', port=443): Read timed out. (read timeout=180)"))'))
[ReasonBench] marked_unscorable example_id=89101e97bd95e50c1d5d9db784d73f2894a20e4c2ed3e67cf124c7959f8ab4dd strategy=self_consistency error_records=284
[ReasonBench] error example_id=89101e97bd95e50c1d5d9db784d73f2894a20e4c2ed3e67cf124c7959f8ab4dd strategy=selective_self_consistency error=ConnectionError(MaxRetryError('HTTPSConnectionPool(host=\'game.agaii.org\', port=443): Max retries exceeded with url: /mllm/v1/chat/completions (Caused by ReadTimeoutError("HTTPSConnectionPool(host=\'game.agaii.org\', port=443): Read timed out. (read timeout=180)"))'))
[ReasonBench] marked_unscorable example_id=89101e97bd95e50c1d5d9db784d73f2894a20e4c2ed3e67cf124c7959f8ab4dd strategy=selective_self_consistency error_records=285
[ReasonBench] error example_id=89101e97bd95e50c1d5d9db784d73f2894a20e4c2ed3e67cf124c7959f8ab4dd strategy=few_shot_exemplar error=ConnectionError(MaxRetryError('HTTPSConnectionPool(host=\'game.agaii.org\', port=443): Max retries exceeded with url: /mllm/v1/chat/completions (Caused by ReadTimeoutError("HTTPSConnectionPool(host=\'game.agaii.org\', port=443): Read timed out. (read timeout=180)"))'))
[ReasonBench] marked_unscorable example_id=89101e97bd95e50c1d5d9db784d73f2894a20e4c2ed3e67cf124c7959f8ab4dd strategy=few_shot_exemplar error_records=286
[ReasonBench] error example_id=176daded29d196e2697bff1351ef4a77c31ffad3757b20405a6c7a346af31ddb strategy=direct error=ConnectionError(MaxRetryError('HTTPSConnectionPool(host=\'game.agaii.org\', port=443): Max retries exceeded with url: /mllm/v1/chat/completions (Caused by ReadTimeoutError("HTTPSConnectionPool(host=\'game.agaii.org\', port=443): Read timed out. (read timeout=180)"))'))
[ReasonBench] marked_unscorable example_id=176daded29d196e2697bff1351ef4a77c31ffad3757b20405a6c7a346af31ddb strategy=direct error_records=287
[ReasonBench] error example_id=176daded29d196e2697bff1351ef4a77c31ffad3757b20405a6c7a346af31ddb strategy=concise_cot error=ConnectionError(MaxRetryError('HTTPSConnectionPool(host=\'game.agaii.org\', port=443): Max retries exceeded with url: /mllm/v1/chat/completions (Caused by ReadTimeoutError("HTTPSConnectionPool(host=\'game.agaii.org\', port=443): Read timed out. (read timeout=180)"))'))
[ReasonBench] marked_unscorable example_id=176daded29d196e2697bff1351ef4a77c31ffad3757b20405a6c7a346af31ddb strategy=concise_cot error_records=288
[ReasonBench] error example_id=176daded29d196e2697bff1351ef4a77c31ffad3757b20405a6c7a346af31ddb strategy=least_to_most error=ConnectionError(MaxRetryError('HTTPSConnectionPool(host=\'game.agaii.org\', port=443): Max retries exceeded with url: /mllm/v1/chat/completions (Caused by ReadTimeoutError("HTTPSConnectionPool(host=\'game.agaii.org\', port=443): Read timed out. (read timeout=180)"))'))
[ReasonBench] marked_unscorable example_id=176daded29d196e2697bff1351ef4a77c31ffad3757b20405a6c7a346af31ddb strategy=least_to_most error_records=289
[ReasonBench] error example_id=176daded29d196e2697bff1351ef4a77c31ffad3757b20405a6c7a346af31ddb strategy=constraint_decompose error=ConnectionError(MaxRetryError('HTTPSConnectionPool(host=\'game.agaii.org\', port=443): Max retries exceeded with url: /mllm/v1/chat/completions (Caused by ReadTimeoutError("HTTPSConnectionPool(host=\'game.agaii.org\', port=443): Read timed out. (read timeout=180)"))'))
[ReasonBench] marked_unscorable example_id=176daded29d196e2697bff1351ef4a77c31ffad3757b20405a6c7a346af31ddb strategy=constraint_decompose error_records=290
[ReasonBench] error example_id=176daded29d196e2697bff1351ef4a77c31ffad3757b20405a6c7a346af31ddb strategy=self_verify error=ConnectionError(MaxRetryError('HTTPSConnectionPool(host=\'game.agaii.org\', port=443): Max retries exceeded with url: /mllm/v1/chat/completions (Caused by ReadTimeoutError("HTTPSConnectionPool(host=\'game.agaii.org\', port=443): Read timed out. (read timeout=180)"))'))
[ReasonBench] marked_unscorable example_id=176daded29d196e2697bff1351ef4a77c31ffad3757b20405a6c7a346af31ddb strategy=self_verify error_records=291
[ReasonBench] error example_id=176daded29d196e2697bff1351ef4a77c31ffad3757b20405a6c7a346af31ddb strategy=critique_refine error=ConnectionError(MaxRetryError('HTTPSConnectionPool(host=\'game.agaii.org\', port=443): Max retries exceeded with url: /mllm/v1/chat/completions (Caused by ReadTimeoutError("HTTPSConnectionPool(host=\'game.agaii.org\', port=443): Read timed out. (read timeout=180)"))'))
[ReasonBench] marked_unscorable example_id=176daded29d196e2697bff1351ef4a77c31ffad3757b20405a6c7a346af31ddb strategy=critique_refine error_records=292
[ReasonBench] error example_id=176daded29d196e2697bff1351ef4a77c31ffad3757b20405a6c7a346af31ddb strategy=self_consistency error=ConnectionError(MaxRetryError('HTTPSConnectionPool(host=\'game.agaii.org\', port=443): Max retries exceeded with url: /mllm/v1/chat/completions (Caused by ReadTimeoutError("HTTPSConnectionPool(host=\'game.agaii.org\', port=443): Read timed out. (read timeout=180)"))'))
[ReasonBench] marked_unscorable example_id=176daded29d196e2697bff1351ef4a77c31ffad3757b20405a6c7a346af31ddb strategy=self_consistency error_records=293
[ReasonBench] error example_id=176daded29d196e2697bff1351ef4a77c31ffad3757b20405a6c7a346af31ddb strategy=selective_self_consistency error=ConnectionError(MaxRetryError('HTTPSConnectionPool(host=\'game.agaii.org\', port=443): Max retries exceeded with url: /mllm/v1/chat/completions (Caused by ReadTimeoutError("HTTPSConnectionPool(host=\'game.agaii.org\', port=443): Read timed out. (read timeout=180)"))'))
[ReasonBench] marked_unscorable example_id=176daded29d196e2697bff1351ef4a77c31ffad3757b20405a6c7a346af31ddb strategy=selective_self_consistency error_records=294
[ReasonBench] error example_id=176daded29d196e2697bff1351ef4a77c31ffad3757b20405a6c7a346af31ddb strategy=budgeted_cascade error=ConnectionError(MaxRetryError('HTTPSConnectionPool(host=\'game.agaii.org\', port=443): Max retries exceeded with url: /mllm/v1/chat/completions (Caused by ReadTimeoutError("HTTPSConnectionPool(host=\'game.agaii.org\', port=443): Read timed out. (read timeout=180)"))'))
[ReasonBench] marked_unscorable example_id=176daded29d196e2697bff1351ef4a77c31ffad3757b20405a6c7a346af31ddb strategy=budgeted_cascade error_records=295
[ReasonBench] error example_id=176daded29d196e2697bff1351ef4a77c31ffad3757b20405a6c7a346af31ddb strategy=few_shot_exemplar error=ConnectionError(MaxRetryError('HTTPSConnectionPool(host=\'game.agaii.org\', port=443): Max retries exceeded with url: /mllm/v1/chat/completions (Caused by ReadTimeoutError("HTTPSConnectionPool(host=\'game.agaii.org\', port=443): Read timed out. (read timeout=180)"))'))
[ReasonBench] marked_unscorable example_id=176daded29d196e2697bff1351ef4a77c31ffad3757b20405a6c7a346af31ddb strategy=few_shot_exemplar error_records=296
[ReasonBench] error example_id=a326807520b5d18b9a6fa534c086ba3ba53ec6481d9a30222b1b09a6b6699483 strategy=direct error=ConnectionError(MaxRetryError('HTTPSConnectionPool(host=\'game.agaii.org\', port=443): Max retries exceeded with url: /mllm/v1/chat/completions (Caused by ReadTimeoutError("HTTPSConnectionPool(host=\'game.agaii.org\', port=443): Read timed out. (read timeout=180)"))'))
[ReasonBench] marked_unscorable example_id=a326807520b5d18b9a6fa534c086ba3ba53ec6481d9a30222b1b09a6b6699483 strategy=direct error_records=297
[ReasonBench] error example_id=a326807520b5d18b9a6fa534c086ba3ba53ec6481d9a30222b1b09a6b6699483 strategy=concise_cot error=ConnectionError(MaxRetryError('HTTPSConnectionPool(host=\'game.agaii.org\', port=443): Max retries exceeded with url: /mllm/v1/chat/completions (Caused by ReadTimeoutError("HTTPSConnectionPool(host=\'game.agaii.org\', port=443): Read timed out. (read timeout=180)"))'))
[ReasonBench] marked_unscorable example_id=a326807520b5d18b9a6fa534c086ba3ba53ec6481d9a30222b1b09a6b6699483 strategy=concise_cot error_records=298
[ReasonBench] error example_id=a326807520b5d18b9a6fa534c086ba3ba53ec6481d9a30222b1b09a6b6699483 strategy=least_to_most error=ConnectionError(MaxRetryError('HTTPSConnectionPool(host=\'game.agaii.org\', port=443): Max retries exceeded with url: /mllm/v1/chat/completions (Caused by ReadTimeoutError("HTTPSConnectionPool(host=\'game.agaii.org\', port=443): Read timed out. (read timeout=180)"))'))
[ReasonBench] marked_unscorable example_id=a326807520b5d18b9a6fa534c086ba3ba53ec6481d9a30222b1b09a6b6699483 strategy=least_to_most error_records=299
[ReasonBench] error example_id=a326807520b5d18b9a6fa534c086ba3ba53ec6481d9a30222b1b09a6b6699483 strategy=constraint_decompose error=ConnectionError(MaxRetryError('HTTPSConnectionPool(host=\'game.agaii.org\', port=443): Max retries exceeded with url: /mllm/v1/chat/completions (Caused by ReadTimeoutError("HTTPSConnectionPool(host=\'game.agaii.org\', port=443): Read timed out. (read timeout=180)"))'))
[ReasonBench] marked_unscorable example_id=a326807520b5d18b9a6fa534c086ba3ba53ec6481d9a30222b1b09a6b6699483 strategy=constraint_decompose error_records=300
[ReasonBench] error example_id=a326807520b5d18b9a6fa534c086ba3ba53ec6481d9a30222b1b09a6b6699483 strategy=self_verify error=ConnectionError(MaxRetryError('HTTPSConnectionPool(host=\'game.agaii.org\', port=443): Max retries exceeded with url: /mllm/v1/chat/completions (Caused by ReadTimeoutError("HTTPSConnectionPool(host=\'game.agaii.org\', port=443): Read timed out. (read timeout=180)"))'))
[ReasonBench] marked_unscorable example_id=a326807520b5d18b9a6fa534c086ba3ba53ec6481d9a30222b1b09a6b6699483 strategy=self_verify error_records=301
[ReasonBench] error example_id=a326807520b5d18b9a6fa534c086ba3ba53ec6481d9a30222b1b09a6b6699483 strategy=critique_refine error=ConnectionError(MaxRetryError('HTTPSConnectionPool(host=\'game.agaii.org\', port=443): Max retries exceeded with url: /mllm/v1/chat/completions (Caused by ReadTimeoutError("HTTPSConnectionPool(host=\'game.agaii.org\', port=443): Read timed out. (read timeout=180)"))'))
[ReasonBench] marked_unscorable example_id=a326807520b5d18b9a6fa534c086ba3ba53ec6481d9a30222b1b09a6b6699483 strategy=critique_refine error_records=302
[ReasonBench] error example_id=a326807520b5d18b9a6fa534c086ba3ba53ec6481d9a30222b1b09a6b6699483 strategy=self_consistency error=ConnectionError(MaxRetryError('HTTPSConnectionPool(host=\'game.agaii.org\', port=443): Max retries exceeded with url: /mllm/v1/chat/completions (Caused by ReadTimeoutError("HTTPSConnectionPool(host=\'game.agaii.org\', port=443): Read timed out. (read timeout=180)"))'))
[ReasonBench] marked_unscorable example_id=a326807520b5d18b9a6fa534c086ba3ba53ec6481d9a30222b1b09a6b6699483 strategy=self_consistency error_records=303
[ReasonBench] error example_id=a326807520b5d18b9a6fa534c086ba3ba53ec6481d9a30222b1b09a6b6699483 strategy=selective_self_consistency error=ConnectionError(MaxRetryError('HTTPSConnectionPool(host=\'game.agaii.org\', port=443): Max retries exceeded with url: /mllm/v1/chat/completions (Caused by ReadTimeoutError("HTTPSConnectionPool(host=\'game.agaii.org\', port=443): Read timed out. (read timeout=180)"))'))
[ReasonBench] marked_unscorable example_id=a326807520b5d18b9a6fa534c086ba3ba53ec6481d9a30222b1b09a6b6699483 strategy=selective_self_consistency error_records=304
[ReasonBench] error example_id=a326807520b5d18b9a6fa534c086ba3ba53ec6481d9a30222b1b09a6b6699483 strategy=budgeted_cascade error=ConnectionError(MaxRetryError('HTTPSConnectionPool(host=\'game.agaii.org\', port=443): Max retries exceeded with url: /mllm/v1/chat/completions (Caused by ReadTimeoutError("HTTPSConnectionPool(host=\'game.agaii.org\', port=443): Read timed out. (read timeout=180)"))'))
[ReasonBench] marked_unscorable example_id=a326807520b5d18b9a6fa534c086ba3ba53ec6481d9a30222b1b09a6b6699483 strategy=budgeted_cascade error_records=305
[ReasonBench] error example_id=a326807520b5d18b9a6fa534c086ba3ba53ec6481d9a30222b1b09a6b6699483 strategy=few_shot_exemplar error=ConnectionError(MaxRetryError('HTTPSConnectionPool(host=\'game.agaii.org\', port=443): Max retries exceeded with url: /mllm/v1/chat/completions (Caused by ReadTimeoutError("HTTPSConnectionPool(host=\'game.agaii.org\', port=443): Read timed out. (read timeout=180)"))'))
[ReasonBench] marked_unscorable example_id=a326807520b5d18b9a6fa534c086ba3ba53ec6481d9a30222b1b09a6b6699483 strategy=few_shot_exemplar error_records=306
[ReasonBench] error example_id=e882b58cb776d5ecbd45f20da44a2628df326ee12c927f4ebb751222629601b1 strategy=direct error=ConnectionError(MaxRetryError('HTTPSConnectionPool(host=\'game.agaii.org\', port=443): Max retries exceeded with url: /mllm/v1/chat/completions (Caused by ReadTimeoutError("HTTPSConnectionPool(host=\'game.agaii.org\', port=443): Read timed out. (read timeout=180)"))'))
[ReasonBench] marked_unscorable example_id=e882b58cb776d5ecbd45f20da44a2628df326ee12c927f4ebb751222629601b1 strategy=direct error_records=307
[ReasonBench] error example_id=e882b58cb776d5ecbd45f20da44a2628df326ee12c927f4ebb751222629601b1 strategy=concise_cot error=ConnectionError(MaxRetryError('HTTPSConnectionPool(host=\'game.agaii.org\', port=443): Max retries exceeded with url: /mllm/v1/chat/completions (Caused by ReadTimeoutError("HTTPSConnectionPool(host=\'game.agaii.org\', port=443): Read timed out. (read timeout=180)"))'))
[ReasonBench] marked_unscorable example_id=e882b58cb776d5ecbd45f20da44a2628df326ee12c927f4ebb751222629601b1 strategy=concise_cot error_records=308
[ReasonBench] error example_id=e882b58cb776d5ecbd45f20da44a2628df326ee12c927f4ebb751222629601b1 strategy=least_to_most error=ConnectionError(MaxRetryError('HTTPSConnectionPool(host=\'game.agaii.org\', port=443): Max retries exceeded with url: /mllm/v1/chat/completions (Caused by ReadTimeoutError("HTTPSConnectionPool(host=\'game.agaii.org\', port=443): Read timed out. (read timeout=180)"))'))
[ReasonBench] marked_unscorable example_id=e882b58cb776d5ecbd45f20da44a2628df326ee12c927f4ebb751222629601b1 strategy=least_to_most error_records=309
[ReasonBench] error example_id=e882b58cb776d5ecbd45f20da44a2628df326ee12c927f4ebb751222629601b1 strategy=constraint_decompose error=ConnectionError(MaxRetryError('HTTPSConnectionPool(host=\'game.agaii.org\', port=443): Max retries exceeded with url: /mllm/v1/chat/completions (Caused by ReadTimeoutError("HTTPSConnectionPool(host=\'game.agaii.org\', port=443): Read timed out. (read timeout=180)"))'))
[ReasonBench] marked_unscorable example_id=e882b58cb776d5ecbd45f20da44a2628df326ee12c927f4ebb751222629601b1 strategy=constraint_decompose error_records=310
[ReasonBench] error example_id=e882b58cb776d5ecbd45f20da44a2628df326ee12c927f4ebb751222629601b1 strategy=self_verify error=ConnectionError(MaxRetryError('HTTPSConnectionPool(host=\'game.agaii.org\', port=443): Max retries exceeded with url: /mllm/v1/chat/completions (Caused by ReadTimeoutError("HTTPSConnectionPool(host=\'game.agaii.org\', port=443): Read timed out. (read timeout=180)"))'))
[ReasonBench] marked_unscorable example_id=e882b58cb776d5ecbd45f20da44a2628df326ee12c927f4ebb751222629601b1 strategy=self_verify error_records=311
[ReasonBench] error example_id=e882b58cb776d5ecbd45f20da44a2628df326ee12c927f4ebb751222629601b1 strategy=critique_refine error=ConnectionError(MaxRetryError('HTTPSConnectionPool(host=\'game.agaii.org\', port=443): Max retries exceeded with url: /mllm/v1/chat/completions (Caused by ReadTimeoutError("HTTPSConnectionPool(host=\'game.agaii.org\', port=443): Read timed out. (read timeout=180)"))'))
[ReasonBench] marked_unscorable example_id=e882b58cb776d5ecbd45f20da44a2628df326ee12c927f4ebb751222629601b1 strategy=critique_refine error_records=312
[ReasonBench] error example_id=e882b58cb776d5ecbd45f20da44a2628df326ee12c927f4ebb751222629601b1 strategy=self_consistency error=ConnectionError(MaxRetryError('HTTPSConnectionPool(host=\'game.agaii.org\', port=443): Max retries exceeded with url: /mllm/v1/chat/completions (Caused by ReadTimeoutError("HTTPSConnectionPool(host=\'game.agaii.org\', port=443): Read timed out. (read timeout=180)"))'))
[ReasonBench] marked_unscorable example_id=e882b58cb776d5ecbd45f20da44a2628df326ee12c927f4ebb751222629601b1 strategy=self_consistency error_records=313
[ReasonBench] error example_id=e882b58cb776d5ecbd45f20da44a2628df326ee12c927f4ebb751222629601b1 strategy=selective_self_consistency error=ConnectionError(MaxRetryError('HTTPSConnectionPool(host=\'game.agaii.org\', port=443): Max retries exceeded with url: /mllm/v1/chat/completions (Caused by ReadTimeoutError("HTTPSConnectionPool(host=\'game.agaii.org\', port=443): Read timed out. (read timeout=180)"))'))
[ReasonBench] marked_unscorable example_id=e882b58cb776d5ecbd45f20da44a2628df326ee12c927f4ebb751222629601b1 strategy=selective_self_consistency error_records=314
[ReasonBench] error example_id=e882b58cb776d5ecbd45f20da44a2628df326ee12c927f4ebb751222629601b1 strategy=budgeted_cascade error=ConnectionError(MaxRetryError('HTTPSConnectionPool(host=\'game.agaii.org\', port=443): Max retries exceeded with url: /mllm/v1/chat/completions (Caused by ReadTimeoutError("HTTPSConnectionPool(host=\'game.agaii.org\', port=443): Read timed out. (read timeout=180)"))'))
[ReasonBench] marked_unscorable example_id=e882b58cb776d5ecbd45f20da44a2628df326ee12c927f4ebb751222629601b1 strategy=budgeted_cascade error_records=315
[ReasonBench] error example_id=e882b58cb776d5ecbd45f20da44a2628df326ee12c927f4ebb751222629601b1 strategy=few_shot_exemplar error=ConnectionError(MaxRetryError('HTTPSConnectionPool(host=\'game.agaii.org\', port=443): Max retries exceeded with url: /mllm/v1/chat/completions (Caused by ReadTimeoutError("HTTPSConnectionPool(host=\'game.agaii.org\', port=443): Read timed out. (read timeout=180)"))'))
[ReasonBench] marked_unscorable example_id=e882b58cb776d5ecbd45f20da44a2628df326ee12c927f4ebb751222629601b1 strategy=few_shot_exemplar error_records=316
[ReasonBench] error example_id=7c1f49314f2c261404fdd7c795620c2fc92d4545bdccc3fc59a15cf3193dba0b strategy=direct error=ConnectionError(MaxRetryError('HTTPSConnectionPool(host=\'game.agaii.org\', port=443): Max retries exceeded with url: /mllm/v1/chat/completions (Caused by ReadTimeoutError("HTTPSConnectionPool(host=\'game.agaii.org\', port=443): Read timed out. (read timeout=180)"))'))
[ReasonBench] marked_unscorable example_id=7c1f49314f2c261404fdd7c795620c2fc92d4545bdccc3fc59a15cf3193dba0b strategy=direct error_records=317
[ReasonBench] error example_id=7c1f49314f2c261404fdd7c795620c2fc92d4545bdccc3fc59a15cf3193dba0b strategy=concise_cot error=ConnectionError(MaxRetryError('HTTPSConnectionPool(host=\'game.agaii.org\', port=443): Max retries exceeded with url: /mllm/v1/chat/completions (Caused by ReadTimeoutError("HTTPSConnectionPool(host=\'game.agaii.org\', port=443): Read timed out. (read timeout=180)"))'))
[ReasonBench] marked_unscorable example_id=7c1f49314f2c261404fdd7c795620c2fc92d4545bdccc3fc59a15cf3193dba0b strategy=concise_cot error_records=318
[ReasonBench] error example_id=7c1f49314f2c261404fdd7c795620c2fc92d4545bdccc3fc59a15cf3193dba0b strategy=least_to_most error=ConnectionError(MaxRetryError('HTTPSConnectionPool(host=\'game.agaii.org\', port=443): Max retries exceeded with url: /mllm/v1/chat/completions (Caused by ReadTimeoutError("HTTPSConnectionPool(host=\'game.agaii.org\', port=443): Read timed out. (read timeout=180)"))'))
[ReasonBench] marked_unscorable example_id=7c1f49314f2c261404fdd7c795620c2fc92d4545bdccc3fc59a15cf3193dba0b strategy=least_to_most error_records=319
[ReasonBench] error example_id=7c1f49314f2c261404fdd7c795620c2fc92d4545bdccc3fc59a15cf3193dba0b strategy=constraint_decompose error=ConnectionError(MaxRetryError('HTTPSConnectionPool(host=\'game.agaii.org\', port=443): Max retries exceeded with url: /mllm/v1/chat/completions (Caused by ReadTimeoutError("HTTPSConnectionPool(host=\'game.agaii.org\', port=443): Read timed out. (read timeout=180)"))'))
[ReasonBench] marked_unscorable example_id=7c1f49314f2c261404fdd7c795620c2fc92d4545bdccc3fc59a15cf3193dba0b strategy=constraint_decompose error_records=320
[ReasonBench] error example_id=7c1f49314f2c261404fdd7c795620c2fc92d4545bdccc3fc59a15cf3193dba0b strategy=self_verify error=ConnectionError(MaxRetryError('HTTPSConnectionPool(host=\'game.agaii.org\', port=443): Max retries exceeded with url: /mllm/v1/chat/completions (Caused by ReadTimeoutError("HTTPSConnectionPool(host=\'game.agaii.org\', port=443): Read timed out. (read timeout=180)"))'))
[ReasonBench] marked_unscorable example_id=7c1f49314f2c261404fdd7c795620c2fc92d4545bdccc3fc59a15cf3193dba0b strategy=self_verify error_records=321
[ReasonBench] error example_id=7c1f49314f2c261404fdd7c795620c2fc92d4545bdccc3fc59a15cf3193dba0b strategy=critique_refine error=ConnectionError(MaxRetryError('HTTPSConnectionPool(host=\'game.agaii.org\', port=443): Max retries exceeded with url: /mllm/v1/chat/completions (Caused by ReadTimeoutError("HTTPSConnectionPool(host=\'game.agaii.org\', port=443): Read timed out. (read timeout=180)"))'))
[ReasonBench] marked_unscorable example_id=7c1f49314f2c261404fdd7c795620c2fc92d4545bdccc3fc59a15cf3193dba0b strategy=critique_refine error_records=322
[ReasonBench] error example_id=7c1f49314f2c261404fdd7c795620c2fc92d4545bdccc3fc59a15cf3193dba0b strategy=self_consistency error=ConnectionError(MaxRetryError('HTTPSConnectionPool(host=\'game.agaii.org\', port=443): Max retries exceeded with url: /mllm/v1/chat/completions (Caused by ReadTimeoutError("HTTPSConnectionPool(host=\'game.agaii.org\', port=443): Read timed out. (read timeout=180)"))'))
[ReasonBench] marked_unscorable example_id=7c1f49314f2c261404fdd7c795620c2fc92d4545bdccc3fc59a15cf3193dba0b strategy=self_consistency error_records=323
[ReasonBench] error example_id=7c1f49314f2c261404fdd7c795620c2fc92d4545bdccc3fc59a15cf3193dba0b strategy=selective_self_consistency error=ConnectionError(MaxRetryError('HTTPSConnectionPool(host=\'game.agaii.org\', port=443): Max retries exceeded with url: /mllm/v1/chat/completions (Caused by ReadTimeoutError("HTTPSConnectionPool(host=\'game.agaii.org\', port=443): Read timed out. (read timeout=180)"))'))
[ReasonBench] marked_unscorable example_id=7c1f49314f2c261404fdd7c795620c2fc92d4545bdccc3fc59a15cf3193dba0b strategy=selective_self_consistency error_records=324
[ReasonBench] error example_id=7c1f49314f2c261404fdd7c795620c2fc92d4545bdccc3fc59a15cf3193dba0b strategy=budgeted_cascade error=ConnectionError(MaxRetryError('HTTPSConnectionPool(host=\'game.agaii.org\', port=443): Max retries exceeded with url: /mllm/v1/chat/completions (Caused by ReadTimeoutError("HTTPSConnectionPool(host=\'game.agaii.org\', port=443): Read timed out. (read timeout=180)"))'))
[ReasonBench] marked_unscorable example_id=7c1f49314f2c261404fdd7c795620c2fc92d4545bdccc3fc59a15cf3193dba0b strategy=budgeted_cascade error_records=325
[ReasonBench] error example_id=7c1f49314f2c261404fdd7c795620c2fc92d4545bdccc3fc59a15cf3193dba0b strategy=few_shot_exemplar error=ConnectionError(MaxRetryError('HTTPSConnectionPool(host=\'game.agaii.org\', port=443): Max retries exceeded with url: /mllm/v1/chat/completions (Caused by ReadTimeoutError("HTTPSConnectionPool(host=\'game.agaii.org\', port=443): Read timed out. (read timeout=180)"))'))
[ReasonBench] marked_unscorable example_id=7c1f49314f2c261404fdd7c795620c2fc92d4545bdccc3fc59a15cf3193dba0b strategy=few_shot_exemplar error_records=326
[ReasonBench] error example_id=992a18bff05e5db69cfeadf0d02b6dfd2808c0997c86e3cc1abb5a4fbd550c70 strategy=direct error=ConnectionError(MaxRetryError('HTTPSConnectionPool(host=\'game.agaii.org\', port=443): Max retries exceeded with url: /mllm/v1/chat/completions (Caused by ReadTimeoutError("HTTPSConnectionPool(host=\'game.agaii.org\', port=443): Read timed out. (read timeout=180)"))'))
[ReasonBench] marked_unscorable example_id=992a18bff05e5db69cfeadf0d02b6dfd2808c0997c86e3cc1abb5a4fbd550c70 strategy=direct error_records=327
[ReasonBench] error example_id=992a18bff05e5db69cfeadf0d02b6dfd2808c0997c86e3cc1abb5a4fbd550c70 strategy=concise_cot error=ConnectionError(MaxRetryError('HTTPSConnectionPool(host=\'game.agaii.org\', port=443): Max retries exceeded with url: /mllm/v1/chat/completions (Caused by ReadTimeoutError("HTTPSConnectionPool(host=\'game.agaii.org\', port=443): Read timed out. (read timeout=180)"))'))
[ReasonBench] marked_unscorable example_id=992a18bff05e5db69cfeadf0d02b6dfd2808c0997c86e3cc1abb5a4fbd550c70 strategy=concise_cot error_records=328
[ReasonBench] error example_id=992a18bff05e5db69cfeadf0d02b6dfd2808c0997c86e3cc1abb5a4fbd550c70 strategy=least_to_most error=ConnectionError(MaxRetryError('HTTPSConnectionPool(host=\'game.agaii.org\', port=443): Max retries exceeded with url: /mllm/v1/chat/completions (Caused by ReadTimeoutError("HTTPSConnectionPool(host=\'game.agaii.org\', port=443): Read timed out. (read timeout=180)"))'))
[ReasonBench] marked_unscorable example_id=992a18bff05e5db69cfeadf0d02b6dfd2808c0997c86e3cc1abb5a4fbd550c70 strategy=least_to_most error_records=329
[ReasonBench] error example_id=992a18bff05e5db69cfeadf0d02b6dfd2808c0997c86e3cc1abb5a4fbd550c70 strategy=constraint_decompose error=ConnectionError(MaxRetryError('HTTPSConnectionPool(host=\'game.agaii.org\', port=443): Max retries exceeded with url: /mllm/v1/chat/completions (Caused by ReadTimeoutError("HTTPSConnectionPool(host=\'game.agaii.org\', port=443): Read timed out. (read timeout=180)"))'))
[ReasonBench] marked_unscorable example_id=992a18bff05e5db69cfeadf0d02b6dfd2808c0997c86e3cc1abb5a4fbd550c70 strategy=constraint_decompose error_records=330
[ReasonBench] error example_id=992a18bff05e5db69cfeadf0d02b6dfd2808c0997c86e3cc1abb5a4fbd550c70 strategy=self_verify error=ConnectionError(MaxRetryError('HTTPSConnectionPool(host=\'game.agaii.org\', port=443): Max retries exceeded with url: /mllm/v1/chat/completions (Caused by ReadTimeoutError("HTTPSConnectionPool(host=\'game.agaii.org\', port=443): Read timed out. (read timeout=180)"))'))
[ReasonBench] marked_unscorable example_id=992a18bff05e5db69cfeadf0d02b6dfd2808c0997c86e3cc1abb5a4fbd550c70 strategy=self_verify error_records=331
[ReasonBench] error example_id=992a18bff05e5db69cfeadf0d02b6dfd2808c0997c86e3cc1abb5a4fbd550c70 strategy=critique_refine error=ConnectionError(MaxRetryError('HTTPSConnectionPool(host=\'game.agaii.org\', port=443): Max retries exceeded with url: /mllm/v1/chat/completions (Caused by ReadTimeoutError("HTTPSConnectionPool(host=\'game.agaii.org\', port=443): Read timed out. (read timeout=180)"))'))
[ReasonBench] marked_unscorable example_id=992a18bff05e5db69cfeadf0d02b6dfd2808c0997c86e3cc1abb5a4fbd550c70 strategy=critique_refine error_records=332
[ReasonBench] error example_id=992a18bff05e5db69cfeadf0d02b6dfd2808c0997c86e3cc1abb5a4fbd550c70 strategy=self_consistency error=ConnectionError(MaxRetryError('HTTPSConnectionPool(host=\'game.agaii.org\', port=443): Max retries exceeded with url: /mllm/v1/chat/completions (Caused by ReadTimeoutError("HTTPSConnectionPool(host=\'game.agaii.org\', port=443): Read timed out. (read timeout=180)"))'))
[ReasonBench] marked_unscorable example_id=992a18bff05e5db69cfeadf0d02b6dfd2808c0997c86e3cc1abb5a4fbd550c70 strategy=self_consistency error_records=333
[ReasonBench] error example_id=992a18bff05e5db69cfeadf0d02b6dfd2808c0997c86e3cc1abb5a4fbd550c70 strategy=selective_self_consistency error=ConnectionError(MaxRetryError('HTTPSConnectionPool(host=\'game.agaii.org\', port=443): Max retries exceeded with url: /mllm/v1/chat/completions (Caused by ReadTimeoutError("HTTPSConnectionPool(host=\'game.agaii.org\', port=443): Read timed out. (read timeout=180)"))'))
[ReasonBench] marked_unscorable example_id=992a18bff05e5db69cfeadf0d02b6dfd2808c0997c86e3cc1abb5a4fbd550c70 strategy=selective_self_consistency error_records=334
[ReasonBench] error example_id=992a18bff05e5db69cfeadf0d02b6dfd2808c0997c86e3cc1abb5a4fbd550c70 strategy=budgeted_cascade error=ConnectionError(MaxRetryError('HTTPSConnectionPool(host=\'game.agaii.org\', port=443): Max retries exceeded with url: /mllm/v1/chat/completions (Caused by ReadTimeoutError("HTTPSConnectionPool(host=\'game.agaii.org\', port=443): Read timed out. (read timeout=180)"))'))
[ReasonBench] marked_unscorable example_id=992a18bff05e5db69cfeadf0d02b6dfd2808c0997c86e3cc1abb5a4fbd550c70 strategy=budgeted_cascade error_records=335
[ReasonBench] error example_id=992a18bff05e5db69cfeadf0d02b6dfd2808c0997c86e3cc1abb5a4fbd550c70 strategy=few_shot_exemplar error=ConnectionError(MaxRetryError('HTTPSConnectionPool(host=\'game.agaii.org\', port=443): Max retries exceeded with url: /mllm/v1/chat/completions (Caused by ReadTimeoutError("HTTPSConnectionPool(host=\'game.agaii.org\', port=443): Read timed out. (read timeout=180)"))'))
[ReasonBench] marked_unscorable example_id=992a18bff05e5db69cfeadf0d02b6dfd2808c0997c86e3cc1abb5a4fbd550c70 strategy=few_shot_exemplar error_records=336
[ReasonBench] error example_id=03741bcada4e970eedeb7f28fdf45c496779b98f3df8e513f992a51cf072f67c strategy=direct error=ConnectionError(MaxRetryError('HTTPSConnectionPool(host=\'game.agaii.org\', port=443): Max retries exceeded with url: /mllm/v1/chat/completions (Caused by ReadTimeoutError("HTTPSConnectionPool(host=\'game.agaii.org\', port=443): Read timed out. (read timeout=180)"))'))
[ReasonBench] marked_unscorable example_id=03741bcada4e970eedeb7f28fdf45c496779b98f3df8e513f992a51cf072f67c strategy=direct error_records=337
[ReasonBench] error example_id=03741bcada4e970eedeb7f28fdf45c496779b98f3df8e513f992a51cf072f67c strategy=concise_cot error=ConnectionError(MaxRetryError('HTTPSConnectionPool(host=\'game.agaii.org\', port=443): Max retries exceeded with url: /mllm/v1/chat/completions (Caused by ReadTimeoutError("HTTPSConnectionPool(host=\'game.agaii.org\', port=443): Read timed out. (read timeout=180)"))'))
[ReasonBench] marked_unscorable example_id=03741bcada4e970eedeb7f28fdf45c496779b98f3df8e513f992a51cf072f67c strategy=concise_cot error_records=338
[ReasonBench] error example_id=03741bcada4e970eedeb7f28fdf45c496779b98f3df8e513f992a51cf072f67c strategy=least_to_most error=ConnectionError(MaxRetryError('HTTPSConnectionPool(host=\'game.agaii.org\', port=443): Max retries exceeded with url: /mllm/v1/chat/completions (Caused by ReadTimeoutError("HTTPSConnectionPool(host=\'game.agaii.org\', port=443): Read timed out. (read timeout=180)"))'))
[ReasonBench] marked_unscorable example_id=03741bcada4e970eedeb7f28fdf45c496779b98f3df8e513f992a51cf072f67c strategy=least_to_most error_records=339
[ReasonBench] error example_id=03741bcada4e970eedeb7f28fdf45c496779b98f3df8e513f992a51cf072f67c strategy=constraint_decompose error=ConnectionError(MaxRetryError('HTTPSConnectionPool(host=\'game.agaii.org\', port=443): Max retries exceeded with url: /mllm/v1/chat/completions (Caused by ReadTimeoutError("HTTPSConnectionPool(host=\'game.agaii.org\', port=443): Read timed out. (read timeout=180)"))'))
[ReasonBench] marked_unscorable example_id=03741bcada4e970eedeb7f28fdf45c496779b98f3df8e513f992a51cf072f67c strategy=constraint_decompose error_records=340
[ReasonBench] error example_id=03741bcada4e970eedeb7f28fdf45c496779b98f3df8e513f992a51cf072f67c strategy=self_verify error=ConnectionError(MaxRetryError('HTTPSConnectionPool(host=\'game.agaii.org\', port=443): Max retries exceeded with url: /mllm/v1/chat/completions (Caused by ReadTimeoutError("HTTPSConnectionPool(host=\'game.agaii.org\', port=443): Read timed out. (read timeout=180)"))'))
[ReasonBench] marked_unscorable example_id=03741bcada4e970eedeb7f28fdf45c496779b98f3df8e513f992a51cf072f67c strategy=self_verify error_records=341
[ReasonBench] error example_id=03741bcada4e970eedeb7f28fdf45c496779b98f3df8e513f992a51cf072f67c strategy=critique_refine error=ConnectionError(MaxRetryError('HTTPSConnectionPool(host=\'game.agaii.org\', port=443): Max retries exceeded with url: /mllm/v1/chat/completions (Caused by ReadTimeoutError("HTTPSConnectionPool(host=\'game.agaii.org\', port=443): Read timed out. (read timeout=180)"))'))
[ReasonBench] marked_unscorable example_id=03741bcada4e970eedeb7f28fdf45c496779b98f3df8e513f992a51cf072f67c strategy=critique_refine error_records=342
[ReasonBench] error example_id=03741bcada4e970eedeb7f28fdf45c496779b98f3df8e513f992a51cf072f67c strategy=self_consistency error=ConnectionError(MaxRetryError('HTTPSConnectionPool(host=\'game.agaii.org\', port=443): Max retries exceeded with url: /mllm/v1/chat/completions (Caused by ReadTimeoutError("HTTPSConnectionPool(host=\'game.agaii.org\', port=443): Read timed out. (read timeout=180)"))'))
[ReasonBench] marked_unscorable example_id=03741bcada4e970eedeb7f28fdf45c496779b98f3df8e513f992a51cf072f67c strategy=self_consistency error_records=343
[ReasonBench] progress total=357/14360 (2.49%) new=355/14358 elapsed_s=66303.2
[ReasonBench] error example_id=03741bcada4e970eedeb7f28fdf45c496779b98f3df8e513f992a51cf072f67c strategy=selective_self_consistency error=ConnectionError(MaxRetryError('HTTPSConnectionPool(host=\'game.agaii.org\', port=443): Max retries exceeded with url: /mllm/v1/chat/completions (Caused by ReadTimeoutError("HTTPSConnectionPool(host=\'game.agaii.org\', port=443): Read timed out. (read timeout=180)"))'))
[ReasonBench] marked_unscorable example_id=03741bcada4e970eedeb7f28fdf45c496779b98f3df8e513f992a51cf072f67c strategy=selective_self_consistency error_records=344
[ReasonBench] error example_id=03741bcada4e970eedeb7f28fdf45c496779b98f3df8e513f992a51cf072f67c strategy=budgeted_cascade error=ConnectionError(MaxRetryError('HTTPSConnectionPool(host=\'game.agaii.org\', port=443): Max retries exceeded with url: /mllm/v1/chat/completions (Caused by ReadTimeoutError("HTTPSConnectionPool(host=\'game.agaii.org\', port=443): Read timed out. (read timeout=180)"))'))
[ReasonBench] marked_unscorable example_id=03741bcada4e970eedeb7f28fdf45c496779b98f3df8e513f992a51cf072f67c strategy=budgeted_cascade error_records=345
[ReasonBench] error example_id=03741bcada4e970eedeb7f28fdf45c496779b98f3df8e513f992a51cf072f67c strategy=few_shot_exemplar error=ConnectionError(MaxRetryError('HTTPSConnectionPool(host=\'game.agaii.org\', port=443): Max retries exceeded with url: /mllm/v1/chat/completions (Caused by ReadTimeoutError("HTTPSConnectionPool(host=\'game.agaii.org\', port=443): Read timed out. (read timeout=180)"))'))
[ReasonBench] marked_unscorable example_id=03741bcada4e970eedeb7f28fdf45c496779b98f3df8e513f992a51cf072f67c strategy=few_shot_exemplar error_records=346
[ReasonBench] error example_id=ffdb71c563e5f8e936ab2649a069bfbdbebcde991c6ae11a2e83ec18c0d8e50d strategy=direct error=ConnectionError(MaxRetryError('HTTPSConnectionPool(host=\'game.agaii.org\', port=443): Max retries exceeded with url: /mllm/v1/chat/completions (Caused by ReadTimeoutError("HTTPSConnectionPool(host=\'game.agaii.org\', port=443): Read timed out. (read timeout=180)"))'))
[ReasonBench] marked_unscorable example_id=ffdb71c563e5f8e936ab2649a069bfbdbebcde991c6ae11a2e83ec18c0d8e50d strategy=direct error_records=347
[ReasonBench] error example_id=ffdb71c563e5f8e936ab2649a069bfbdbebcde991c6ae11a2e83ec18c0d8e50d strategy=concise_cot error=ConnectionError(MaxRetryError('HTTPSConnectionPool(host=\'game.agaii.org\', port=443): Max retries exceeded with url: /mllm/v1/chat/completions (Caused by ReadTimeoutError("HTTPSConnectionPool(host=\'game.agaii.org\', port=443): Read timed out. (read timeout=180)"))'))
[ReasonBench] marked_unscorable example_id=ffdb71c563e5f8e936ab2649a069bfbdbebcde991c6ae11a2e83ec18c0d8e50d strategy=concise_cot error_records=348
[ReasonBench] error example_id=ffdb71c563e5f8e936ab2649a069bfbdbebcde991c6ae11a2e83ec18c0d8e50d strategy=least_to_most error=ConnectionError(MaxRetryError('HTTPSConnectionPool(host=\'game.agaii.org\', port=443): Max retries exceeded with url: /mllm/v1/chat/completions (Caused by ReadTimeoutError("HTTPSConnectionPool(host=\'game.agaii.org\', port=443): Read timed out. (read timeout=180)"))'))
[ReasonBench] marked_unscorable example_id=ffdb71c563e5f8e936ab2649a069bfbdbebcde991c6ae11a2e83ec18c0d8e50d strategy=least_to_most error_records=349
[ReasonBench] error example_id=ffdb71c563e5f8e936ab2649a069bfbdbebcde991c6ae11a2e83ec18c0d8e50d strategy=constraint_decompose error=ConnectionError(MaxRetryError('HTTPSConnectionPool(host=\'game.agaii.org\', port=443): Max retries exceeded with url: /mllm/v1/chat/completions (Caused by ReadTimeoutError("HTTPSConnectionPool(host=\'game.agaii.org\', port=443): Read timed out. (read timeout=180)"))'))
[ReasonBench] marked_unscorable example_id=ffdb71c563e5f8e936ab2649a069bfbdbebcde991c6ae11a2e83ec18c0d8e50d strategy=constraint_decompose error_records=350
[ReasonBench] error example_id=ffdb71c563e5f8e936ab2649a069bfbdbebcde991c6ae11a2e83ec18c0d8e50d strategy=self_verify error=ConnectionError(MaxRetryError('HTTPSConnectionPool(host=\'game.agaii.org\', port=443): Max retries exceeded with url: /mllm/v1/chat/completions (Caused by ReadTimeoutError("HTTPSConnectionPool(host=\'game.agaii.org\', port=443): Read timed out. (read timeout=180)"))'))
[ReasonBench] marked_unscorable example_id=ffdb71c563e5f8e936ab2649a069bfbdbebcde991c6ae11a2e83ec18c0d8e50d strategy=self_verify error_records=351
[ReasonBench] error example_id=ffdb71c563e5f8e936ab2649a069bfbdbebcde991c6ae11a2e83ec18c0d8e50d strategy=critique_refine error=ConnectionError(MaxRetryError('HTTPSConnectionPool(host=\'game.agaii.org\', port=443): Max retries exceeded with url: /mllm/v1/chat/completions (Caused by ReadTimeoutError("HTTPSConnectionPool(host=\'game.agaii.org\', port=443): Read timed out. (read timeout=180)"))'))
[ReasonBench] marked_unscorable example_id=ffdb71c563e5f8e936ab2649a069bfbdbebcde991c6ae11a2e83ec18c0d8e50d strategy=critique_refine error_records=352
[ReasonBench] error example_id=ffdb71c563e5f8e936ab2649a069bfbdbebcde991c6ae11a2e83ec18c0d8e50d strategy=self_consistency error=ConnectionError(MaxRetryError('HTTPSConnectionPool(host=\'game.agaii.org\', port=443): Max retries exceeded with url: /mllm/v1/chat/completions (Caused by ReadTimeoutError("HTTPSConnectionPool(host=\'game.agaii.org\', port=443): Read timed out. (read timeout=180)"))'))
[ReasonBench] marked_unscorable example_id=ffdb71c563e5f8e936ab2649a069bfbdbebcde991c6ae11a2e83ec18c0d8e50d strategy=self_consistency error_records=353
[ReasonBench] error example_id=ffdb71c563e5f8e936ab2649a069bfbdbebcde991c6ae11a2e83ec18c0d8e50d strategy=selective_self_consistency error=ConnectionError(MaxRetryError('HTTPSConnectionPool(host=\'game.agaii.org\', port=443): Max retries exceeded with url: /mllm/v1/chat/completions (Caused by ReadTimeoutError("HTTPSConnectionPool(host=\'game.agaii.org\', port=443): Read timed out. (read timeout=180)"))'))
[ReasonBench] marked_unscorable example_id=ffdb71c563e5f8e936ab2649a069bfbdbebcde991c6ae11a2e83ec18c0d8e50d strategy=selective_self_consistency error_records=354
[ReasonBench] error example_id=ffdb71c563e5f8e936ab2649a069bfbdbebcde991c6ae11a2e83ec18c0d8e50d strategy=budgeted_cascade error=ConnectionError(MaxRetryError('HTTPSConnectionPool(host=\'game.agaii.org\', port=443): Max retries exceeded with url: /mllm/v1/chat/completions (Caused by ReadTimeoutError("HTTPSConnectionPool(host=\'game.agaii.org\', port=443): Read timed out. (read timeout=180)"))'))
[ReasonBench] marked_unscorable example_id=ffdb71c563e5f8e936ab2649a069bfbdbebcde991c6ae11a2e83ec18c0d8e50d strategy=budgeted_cascade error_records=355
[ReasonBench] error example_id=ffdb71c563e5f8e936ab2649a069bfbdbebcde991c6ae11a2e83ec18c0d8e50d strategy=few_shot_exemplar error=ConnectionError(MaxRetryError('HTTPSConnectionPool(host=\'game.agaii.org\', port=443): Max retries exceeded with url: /mllm/v1/chat/completions (Caused by ReadTimeoutError("HTTPSConnectionPool(host=\'game.agaii.org\', port=443): Read timed out. (read timeout=180)"))'))
[ReasonBench] marked_unscorable example_id=ffdb71c563e5f8e936ab2649a069bfbdbebcde991c6ae11a2e83ec18c0d8e50d strategy=few_shot_exemplar error_records=356
[ReasonBench] error example_id=306525ba191d9f60529c2b5a3b3fb659106ca56db058b66b4181904705a84aab strategy=direct error=ConnectionError(MaxRetryError('HTTPSConnectionPool(host=\'game.agaii.org\', port=443): Max retries exceeded with url: /mllm/v1/chat/completions (Caused by ReadTimeoutError("HTTPSConnectionPool(host=\'game.agaii.org\', port=443): Read timed out. (read timeout=180)"))'))
[ReasonBench] marked_unscorable example_id=306525ba191d9f60529c2b5a3b3fb659106ca56db058b66b4181904705a84aab strategy=direct error_records=357
[ReasonBench] error example_id=306525ba191d9f60529c2b5a3b3fb659106ca56db058b66b4181904705a84aab strategy=concise_cot error=ConnectionError(MaxRetryError('HTTPSConnectionPool(host=\'game.agaii.org\', port=443): Max retries exceeded with url: /mllm/v1/chat/completions (Caused by ReadTimeoutError("HTTPSConnectionPool(host=\'game.agaii.org\', port=443): Read timed out. (read timeout=180)"))'))
[ReasonBench] marked_unscorable example_id=306525ba191d9f60529c2b5a3b3fb659106ca56db058b66b4181904705a84aab strategy=concise_cot error_records=358
[ReasonBench] error example_id=306525ba191d9f60529c2b5a3b3fb659106ca56db058b66b4181904705a84aab strategy=least_to_most error=ConnectionError(MaxRetryError('HTTPSConnectionPool(host=\'game.agaii.org\', port=443): Max retries exceeded with url: /mllm/v1/chat/completions (Caused by ReadTimeoutError("HTTPSConnectionPool(host=\'game.agaii.org\', port=443): Read timed out. (read timeout=180)"))'))
[ReasonBench] marked_unscorable example_id=306525ba191d9f60529c2b5a3b3fb659106ca56db058b66b4181904705a84aab strategy=least_to_most error_records=359
[ReasonBench] error example_id=306525ba191d9f60529c2b5a3b3fb659106ca56db058b66b4181904705a84aab strategy=constraint_decompose error=ConnectionError(MaxRetryError('HTTPSConnectionPool(host=\'game.agaii.org\', port=443): Max retries exceeded with url: /mllm/v1/chat/completions (Caused by ReadTimeoutError("HTTPSConnectionPool(host=\'game.agaii.org\', port=443): Read timed out. (read timeout=180)"))'))
[ReasonBench] marked_unscorable example_id=306525ba191d9f60529c2b5a3b3fb659106ca56db058b66b4181904705a84aab strategy=constraint_decompose error_records=360
[ReasonBench] error example_id=306525ba191d9f60529c2b5a3b3fb659106ca56db058b66b4181904705a84aab strategy=self_verify error=ConnectionError(MaxRetryError('HTTPSConnectionPool(host=\'game.agaii.org\', port=443): Max retries exceeded with url: /mllm/v1/chat/completions (Caused by ReadTimeoutError("HTTPSConnectionPool(host=\'game.agaii.org\', port=443): Read timed out. (read timeout=180)"))'))
[ReasonBench] marked_unscorable example_id=306525ba191d9f60529c2b5a3b3fb659106ca56db058b66b4181904705a84aab strategy=self_verify error_records=361
[ReasonBench] error example_id=306525ba191d9f60529c2b5a3b3fb659106ca56db058b66b4181904705a84aab strategy=critique_refine error=ConnectionError(MaxRetryError('HTTPSConnectionPool(host=\'game.agaii.org\', port=443): Max retries exceeded with url: /mllm/v1/chat/completions (Caused by ReadTimeoutError("HTTPSConnectionPool(host=\'game.agaii.org\', port=443): Read timed out. (read timeout=180)"))'))
[ReasonBench] marked_unscorable example_id=306525ba191d9f60529c2b5a3b3fb659106ca56db058b66b4181904705a84aab strategy=critique_refine error_records=362
[ReasonBench] error example_id=306525ba191d9f60529c2b5a3b3fb659106ca56db058b66b4181904705a84aab strategy=self_consistency error=ConnectionError(MaxRetryError('HTTPSConnectionPool(host=\'game.agaii.org\', port=443): Max retries exceeded with url: /mllm/v1/chat/completions (Caused by ReadTimeoutError("HTTPSConnectionPool(host=\'game.agaii.org\', port=443): Read timed out. (read timeout=180)"))'))
[ReasonBench] marked_unscorable example_id=306525ba191d9f60529c2b5a3b3fb659106ca56db058b66b4181904705a84aab strategy=self_consistency error_records=363
[ReasonBench] error example_id=306525ba191d9f60529c2b5a3b3fb659106ca56db058b66b4181904705a84aab strategy=selective_self_consistency error=ConnectionError(MaxRetryError('HTTPSConnectionPool(host=\'game.agaii.org\', port=443): Max retries exceeded with url: /mllm/v1/chat/completions (Caused by ReadTimeoutError("HTTPSConnectionPool(host=\'game.agaii.org\', port=443): Read timed out. (read timeout=180)"))'))
[ReasonBench] marked_unscorable example_id=306525ba191d9f60529c2b5a3b3fb659106ca56db058b66b4181904705a84aab strategy=selective_self_consistency error_records=364
[ReasonBench] error example_id=306525ba191d9f60529c2b5a3b3fb659106ca56db058b66b4181904705a84aab strategy=budgeted_cascade error=ConnectionError(MaxRetryError('HTTPSConnectionPool(host=\'game.agaii.org\', port=443): Max retries exceeded with url: /mllm/v1/chat/completions (Caused by ReadTimeoutError("HTTPSConnectionPool(host=\'game.agaii.org\', port=443): Read timed out. (read timeout=180)"))'))
[ReasonBench] marked_unscorable example_id=306525ba191d9f60529c2b5a3b3fb659106ca56db058b66b4181904705a84aab strategy=budgeted_cascade error_records=365
[ReasonBench] error example_id=306525ba191d9f60529c2b5a3b3fb659106ca56db058b66b4181904705a84aab strategy=few_shot_exemplar error=ConnectionError(MaxRetryError('HTTPSConnectionPool(host=\'game.agaii.org\', port=443): Max retries exceeded with url: /mllm/v1/chat/completions (Caused by ReadTimeoutError("HTTPSConnectionPool(host=\'game.agaii.org\', port=443): Read timed out. (read timeout=180)"))'))
[ReasonBench] marked_unscorable example_id=306525ba191d9f60529c2b5a3b3fb659106ca56db058b66b4181904705a84aab strategy=few_shot_exemplar error_records=366
[ReasonBench] error example_id=3d2aec36cd900b962211c24ae69daf2692f7200fe06d34c7a236d531d0a3c17f strategy=direct error=ConnectionError(MaxRetryError('HTTPSConnectionPool(host=\'game.agaii.org\', port=443): Max retries exceeded with url: /mllm/v1/chat/completions (Caused by ReadTimeoutError("HTTPSConnectionPool(host=\'game.agaii.org\', port=443): Read timed out. (read timeout=180)"))'))
[ReasonBench] marked_unscorable example_id=3d2aec36cd900b962211c24ae69daf2692f7200fe06d34c7a236d531d0a3c17f strategy=direct error_records=367
[ReasonBench] error example_id=3d2aec36cd900b962211c24ae69daf2692f7200fe06d34c7a236d531d0a3c17f strategy=concise_cot error=ConnectionError(MaxRetryError('HTTPSConnectionPool(host=\'game.agaii.org\', port=443): Max retries exceeded with url: /mllm/v1/chat/completions (Caused by ReadTimeoutError("HTTPSConnectionPool(host=\'game.agaii.org\', port=443): Read timed out. (read timeout=180)"))'))
[ReasonBench] marked_unscorable example_id=3d2aec36cd900b962211c24ae69daf2692f7200fe06d34c7a236d531d0a3c17f strategy=concise_cot error_records=368
[ReasonBench] error example_id=3d2aec36cd900b962211c24ae69daf2692f7200fe06d34c7a236d531d0a3c17f strategy=least_to_most error=ConnectionError(MaxRetryError('HTTPSConnectionPool(host=\'game.agaii.org\', port=443): Max retries exceeded with url: /mllm/v1/chat/completions (Caused by ReadTimeoutError("HTTPSConnectionPool(host=\'game.agaii.org\', port=443): Read timed out. (read timeout=180)"))'))
[ReasonBench] marked_unscorable example_id=3d2aec36cd900b962211c24ae69daf2692f7200fe06d34c7a236d531d0a3c17f strategy=least_to_most error_records=369
[ReasonBench] error example_id=3d2aec36cd900b962211c24ae69daf2692f7200fe06d34c7a236d531d0a3c17f strategy=constraint_decompose error=ConnectionError(MaxRetryError('HTTPSConnectionPool(host=\'game.agaii.org\', port=443): Max retries exceeded with url: /mllm/v1/chat/completions (Caused by ReadTimeoutError("HTTPSConnectionPool(host=\'game.agaii.org\', port=443): Read timed out. (read timeout=180)"))'))
[ReasonBench] marked_unscorable example_id=3d2aec36cd900b962211c24ae69daf2692f7200fe06d34c7a236d531d0a3c17f strategy=constraint_decompose error_records=370
[ReasonBench] error example_id=3d2aec36cd900b962211c24ae69daf2692f7200fe06d34c7a236d531d0a3c17f strategy=self_verify error=ConnectionError(MaxRetryError('HTTPSConnectionPool(host=\'game.agaii.org\', port=443): Max retries exceeded with url: /mllm/v1/chat/completions (Caused by ReadTimeoutError("HTTPSConnectionPool(host=\'game.agaii.org\', port=443): Read timed out. (read timeout=180)"))'))
[ReasonBench] marked_unscorable example_id=3d2aec36cd900b962211c24ae69daf2692f7200fe06d34c7a236d531d0a3c17f strategy=self_verify error_records=371
[ReasonBench] error example_id=3d2aec36cd900b962211c24ae69daf2692f7200fe06d34c7a236d531d0a3c17f strategy=critique_refine error=ConnectionError(MaxRetryError('HTTPSConnectionPool(host=\'game.agaii.org\', port=443): Max retries exceeded with url: /mllm/v1/chat/completions (Caused by ReadTimeoutError("HTTPSConnectionPool(host=\'game.agaii.org\', port=443): Read timed out. (read timeout=180)"))'))
[ReasonBench] marked_unscorable example_id=3d2aec36cd900b962211c24ae69daf2692f7200fe06d34c7a236d531d0a3c17f strategy=critique_refine error_records=372
[ReasonBench] error example_id=3d2aec36cd900b962211c24ae69daf2692f7200fe06d34c7a236d531d0a3c17f strategy=self_consistency error=ConnectionError(MaxRetryError('HTTPSConnectionPool(host=\'game.agaii.org\', port=443): Max retries exceeded with url: /mllm/v1/chat/completions (Caused by ReadTimeoutError("HTTPSConnectionPool(host=\'game.agaii.org\', port=443): Read timed out. (read timeout=180)"))'))
[ReasonBench] marked_unscorable example_id=3d2aec36cd900b962211c24ae69daf2692f7200fe06d34c7a236d531d0a3c17f strategy=self_consistency error_records=373
[ReasonBench] error example_id=3d2aec36cd900b962211c24ae69daf2692f7200fe06d34c7a236d531d0a3c17f strategy=selective_self_consistency error=ConnectionError(MaxRetryError('HTTPSConnectionPool(host=\'game.agaii.org\', port=443): Max retries exceeded with url: /mllm/v1/chat/completions (Caused by ReadTimeoutError("HTTPSConnectionPool(host=\'game.agaii.org\', port=443): Read timed out. (read timeout=180)"))'))
[ReasonBench] marked_unscorable example_id=3d2aec36cd900b962211c24ae69daf2692f7200fe06d34c7a236d531d0a3c17f strategy=selective_self_consistency error_records=374
[ReasonBench] error example_id=3d2aec36cd900b962211c24ae69daf2692f7200fe06d34c7a236d531d0a3c17f strategy=budgeted_cascade error=ConnectionError(MaxRetryError('HTTPSConnectionPool(host=\'game.agaii.org\', port=443): Max retries exceeded with url: /mllm/v1/chat/completions (Caused by ReadTimeoutError("HTTPSConnectionPool(host=\'game.agaii.org\', port=443): Read timed out. (read timeout=180)"))'))
[ReasonBench] marked_unscorable example_id=3d2aec36cd900b962211c24ae69daf2692f7200fe06d34c7a236d531d0a3c17f strategy=budgeted_cascade error_records=375
[ReasonBench] error example_id=3d2aec36cd900b962211c24ae69daf2692f7200fe06d34c7a236d531d0a3c17f strategy=few_shot_exemplar error=ConnectionError(MaxRetryError('HTTPSConnectionPool(host=\'game.agaii.org\', port=443): Max retries exceeded with url: /mllm/v1/chat/completions (Caused by ReadTimeoutError("HTTPSConnectionPool(host=\'game.agaii.org\', port=443): Read timed out. (read timeout=180)"))'))
[ReasonBench] marked_unscorable example_id=3d2aec36cd900b962211c24ae69daf2692f7200fe06d34c7a236d531d0a3c17f strategy=few_shot_exemplar error_records=376
[ReasonBench] error example_id=ccf40d3ba5eed106abc518f7c58a4a72b5c1f732ec33cad5e0617b54ff46fa22 strategy=direct error=ConnectionError(MaxRetryError('HTTPSConnectionPool(host=\'game.agaii.org\', port=443): Max retries exceeded with url: /mllm/v1/chat/completions (Caused by ReadTimeoutError("HTTPSConnectionPool(host=\'game.agaii.org\', port=443): Read timed out. (read timeout=180)"))'))
[ReasonBench] marked_unscorable example_id=ccf40d3ba5eed106abc518f7c58a4a72b5c1f732ec33cad5e0617b54ff46fa22 strategy=direct error_records=377
[ReasonBench] error example_id=ccf40d3ba5eed106abc518f7c58a4a72b5c1f732ec33cad5e0617b54ff46fa22 strategy=concise_cot error=ConnectionError(MaxRetryError('HTTPSConnectionPool(host=\'game.agaii.org\', port=443): Max retries exceeded with url: /mllm/v1/chat/completions (Caused by ReadTimeoutError("HTTPSConnectionPool(host=\'game.agaii.org\', port=443): Read timed out. (read timeout=180)"))'))
[ReasonBench] marked_unscorable example_id=ccf40d3ba5eed106abc518f7c58a4a72b5c1f732ec33cad5e0617b54ff46fa22 strategy=concise_cot error_records=378
[ReasonBench] error example_id=ccf40d3ba5eed106abc518f7c58a4a72b5c1f732ec33cad5e0617b54ff46fa22 strategy=least_to_most error=ConnectionError(MaxRetryError('HTTPSConnectionPool(host=\'game.agaii.org\', port=443): Max retries exceeded with url: /mllm/v1/chat/completions (Caused by ReadTimeoutError("HTTPSConnectionPool(host=\'game.agaii.org\', port=443): Read timed out. (read timeout=180)"))'))
[ReasonBench] marked_unscorable example_id=ccf40d3ba5eed106abc518f7c58a4a72b5c1f732ec33cad5e0617b54ff46fa22 strategy=least_to_most error_records=379
[ReasonBench] error example_id=ccf40d3ba5eed106abc518f7c58a4a72b5c1f732ec33cad5e0617b54ff46fa22 strategy=constraint_decompose error=ConnectionError(MaxRetryError('HTTPSConnectionPool(host=\'game.agaii.org\', port=443): Max retries exceeded with url: /mllm/v1/chat/completions (Caused by ReadTimeoutError("HTTPSConnectionPool(host=\'game.agaii.org\', port=443): Read timed out. (read timeout=180)"))'))
[ReasonBench] marked_unscorable example_id=ccf40d3ba5eed106abc518f7c58a4a72b5c1f732ec33cad5e0617b54ff46fa22 strategy=constraint_decompose error_records=380
[ReasonBench] error example_id=ccf40d3ba5eed106abc518f7c58a4a72b5c1f732ec33cad5e0617b54ff46fa22 strategy=self_verify error=ConnectionError(MaxRetryError('HTTPSConnectionPool(host=\'game.agaii.org\', port=443): Max retries exceeded with url: /mllm/v1/chat/completions (Caused by ReadTimeoutError("HTTPSConnectionPool(host=\'game.agaii.org\', port=443): Read timed out. (read timeout=180)"))'))
[ReasonBench] marked_unscorable example_id=ccf40d3ba5eed106abc518f7c58a4a72b5c1f732ec33cad5e0617b54ff46fa22 strategy=self_verify error_records=381
[ReasonBench] error example_id=ccf40d3ba5eed106abc518f7c58a4a72b5c1f732ec33cad5e0617b54ff46fa22 strategy=critique_refine error=ConnectionError(MaxRetryError('HTTPSConnectionPool(host=\'game.agaii.org\', port=443): Max retries exceeded with url: /mllm/v1/chat/completions (Caused by ReadTimeoutError("HTTPSConnectionPool(host=\'game.agaii.org\', port=443): Read timed out. (read timeout=180)"))'))
[ReasonBench] marked_unscorable example_id=ccf40d3ba5eed106abc518f7c58a4a72b5c1f732ec33cad5e0617b54ff46fa22 strategy=critique_refine error_records=382
[ReasonBench] error example_id=ccf40d3ba5eed106abc518f7c58a4a72b5c1f732ec33cad5e0617b54ff46fa22 strategy=self_consistency error=ConnectionError(MaxRetryError('HTTPSConnectionPool(host=\'game.agaii.org\', port=443): Max retries exceeded with url: /mllm/v1/chat/completions (Caused by ReadTimeoutError("HTTPSConnectionPool(host=\'game.agaii.org\', port=443): Read timed out. (read timeout=180)"))'))
[ReasonBench] marked_unscorable example_id=ccf40d3ba5eed106abc518f7c58a4a72b5c1f732ec33cad5e0617b54ff46fa22 strategy=self_consistency error_records=383
[ReasonBench] error example_id=ccf40d3ba5eed106abc518f7c58a4a72b5c1f732ec33cad5e0617b54ff46fa22 strategy=selective_self_consistency error=ConnectionError(MaxRetryError('HTTPSConnectionPool(host=\'game.agaii.org\', port=443): Max retries exceeded with url: /mllm/v1/chat/completions (Caused by ReadTimeoutError("HTTPSConnectionPool(host=\'game.agaii.org\', port=443): Read timed out. (read timeout=180)"))'))
[ReasonBench] marked_unscorable example_id=ccf40d3ba5eed106abc518f7c58a4a72b5c1f732ec33cad5e0617b54ff46fa22 strategy=selective_self_consistency error_records=384
[ReasonBench] error example_id=ccf40d3ba5eed106abc518f7c58a4a72b5c1f732ec33cad5e0617b54ff46fa22 strategy=budgeted_cascade error=ConnectionError(MaxRetryError('HTTPSConnectionPool(host=\'game.agaii.org\', port=443): Max retries exceeded with url: /mllm/v1/chat/completions (Caused by ReadTimeoutError("HTTPSConnectionPool(host=\'game.agaii.org\', port=443): Read timed out. (read timeout=180)"))'))
[ReasonBench] marked_unscorable example_id=ccf40d3ba5eed106abc518f7c58a4a72b5c1f732ec33cad5e0617b54ff46fa22 strategy=budgeted_cascade error_records=385
[ReasonBench] error example_id=ccf40d3ba5eed106abc518f7c58a4a72b5c1f732ec33cad5e0617b54ff46fa22 strategy=few_shot_exemplar error=ConnectionError(MaxRetryError('HTTPSConnectionPool(host=\'game.agaii.org\', port=443): Max retries exceeded with url: /mllm/v1/chat/completions (Caused by ReadTimeoutError("HTTPSConnectionPool(host=\'game.agaii.org\', port=443): Read timed out. (read timeout=180)"))'))
[ReasonBench] marked_unscorable example_id=ccf40d3ba5eed106abc518f7c58a4a72b5c1f732ec33cad5e0617b54ff46fa22 strategy=few_shot_exemplar error_records=386
[ReasonBench] error example_id=d5213885ecf30ec0d5b6fa5e53af31eb5ed207d3257b2ae8843b1eed735ac7a5 strategy=direct error=ConnectionError(MaxRetryError('HTTPSConnectionPool(host=\'game.agaii.org\', port=443): Max retries exceeded with url: /mllm/v1/chat/completions (Caused by ReadTimeoutError("HTTPSConnectionPool(host=\'game.agaii.org\', port=443): Read timed out. (read timeout=180)"))'))
[ReasonBench] marked_unscorable example_id=d5213885ecf30ec0d5b6fa5e53af31eb5ed207d3257b2ae8843b1eed735ac7a5 strategy=direct error_records=387
[ReasonBench] error example_id=d5213885ecf30ec0d5b6fa5e53af31eb5ed207d3257b2ae8843b1eed735ac7a5 strategy=concise_cot error=ConnectionError(MaxRetryError('HTTPSConnectionPool(host=\'game.agaii.org\', port=443): Max retries exceeded with url: /mllm/v1/chat/completions (Caused by ReadTimeoutError("HTTPSConnectionPool(host=\'game.agaii.org\', port=443): Read timed out. (read timeout=180)"))'))
[ReasonBench] marked_unscorable example_id=d5213885ecf30ec0d5b6fa5e53af31eb5ed207d3257b2ae8843b1eed735ac7a5 strategy=concise_cot error_records=388
[ReasonBench] error example_id=d5213885ecf30ec0d5b6fa5e53af31eb5ed207d3257b2ae8843b1eed735ac7a5 strategy=constraint_decompose error=ConnectionError(MaxRetryError('HTTPSConnectionPool(host=\'game.agaii.org\', port=443): Max retries exceeded with url: /mllm/v1/chat/completions (Caused by ReadTimeoutError("HTTPSConnectionPool(host=\'game.agaii.org\', port=443): Read timed out. (read timeout=180)"))'))
[ReasonBench] marked_unscorable example_id=d5213885ecf30ec0d5b6fa5e53af31eb5ed207d3257b2ae8843b1eed735ac7a5 strategy=constraint_decompose error_records=389
[ReasonBench] error example_id=d5213885ecf30ec0d5b6fa5e53af31eb5ed207d3257b2ae8843b1eed735ac7a5 strategy=self_verify error=ConnectionError(MaxRetryError('HTTPSConnectionPool(host=\'game.agaii.org\', port=443): Max retries exceeded with url: /mllm/v1/chat/completions (Caused by ReadTimeoutError("HTTPSConnectionPool(host=\'game.agaii.org\', port=443): Read timed out. (read timeout=180)"))'))
[ReasonBench] marked_unscorable example_id=d5213885ecf30ec0d5b6fa5e53af31eb5ed207d3257b2ae8843b1eed735ac7a5 strategy=self_verify error_records=390
[ReasonBench] error example_id=d5213885ecf30ec0d5b6fa5e53af31eb5ed207d3257b2ae8843b1eed735ac7a5 strategy=critique_refine error=ConnectionError(MaxRetryError('HTTPSConnectionPool(host=\'game.agaii.org\', port=443): Max retries exceeded with url: /mllm/v1/chat/completions (Caused by ReadTimeoutError("HTTPSConnectionPool(host=\'game.agaii.org\', port=443): Read timed out. (read timeout=180)"))'))
[ReasonBench] marked_unscorable example_id=d5213885ecf30ec0d5b6fa5e53af31eb5ed207d3257b2ae8843b1eed735ac7a5 strategy=critique_refine error_records=391
[ReasonBench] error example_id=d5213885ecf30ec0d5b6fa5e53af31eb5ed207d3257b2ae8843b1eed735ac7a5 strategy=self_consistency error=ConnectionError(MaxRetryError('HTTPSConnectionPool(host=\'game.agaii.org\', port=443): Max retries exceeded with url: /mllm/v1/chat/completions (Caused by ReadTimeoutError("HTTPSConnectionPool(host=\'game.agaii.org\', port=443): Read timed out. (read timeout=180)"))'))
[ReasonBench] marked_unscorable example_id=d5213885ecf30ec0d5b6fa5e53af31eb5ed207d3257b2ae8843b1eed735ac7a5 strategy=self_consistency error_records=392
[ReasonBench] error example_id=d5213885ecf30ec0d5b6fa5e53af31eb5ed207d3257b2ae8843b1eed735ac7a5 strategy=selective_self_consistency error=ConnectionError(MaxRetryError('HTTPSConnectionPool(host=\'game.agaii.org\', port=443): Max retries exceeded with url: /mllm/v1/chat/completions (Caused by ReadTimeoutError("HTTPSConnectionPool(host=\'game.agaii.org\', port=443): Read timed out. (read timeout=180)"))'))
[ReasonBench] marked_unscorable example_id=d5213885ecf30ec0d5b6fa5e53af31eb5ed207d3257b2ae8843b1eed735ac7a5 strategy=selective_self_consistency error_records=393
[ReasonBench] error example_id=d5213885ecf30ec0d5b6fa5e53af31eb5ed207d3257b2ae8843b1eed735ac7a5 strategy=budgeted_cascade error=ConnectionError(MaxRetryError('HTTPSConnectionPool(host=\'game.agaii.org\', port=443): Max retries exceeded with url: /mllm/v1/chat/completions (Caused by ReadTimeoutError("HTTPSConnectionPool(host=\'game.agaii.org\', port=443): Read timed out. (read timeout=180)"))'))
[ReasonBench] marked_unscorable example_id=d5213885ecf30ec0d5b6fa5e53af31eb5ed207d3257b2ae8843b1eed735ac7a5 strategy=budgeted_cascade error_records=394
[ReasonBench] error example_id=d5213885ecf30ec0d5b6fa5e53af31eb5ed207d3257b2ae8843b1eed735ac7a5 strategy=few_shot_exemplar error=ConnectionError(MaxRetryError('HTTPSConnectionPool(host=\'game.agaii.org\', port=443): Max retries exceeded with url: /mllm/v1/chat/completions (Caused by ReadTimeoutError("HTTPSConnectionPool(host=\'game.agaii.org\', port=443): Read timed out. (read timeout=180)"))'))
[ReasonBench] marked_unscorable example_id=d5213885ecf30ec0d5b6fa5e53af31eb5ed207d3257b2ae8843b1eed735ac7a5 strategy=few_shot_exemplar error_records=395
[ReasonBench] error example_id=df00a4688e96b001f32ffd39913ae151bfa14034bdca636193c96974529f7cf9 strategy=direct error=ConnectionError(MaxRetryError('HTTPSConnectionPool(host=\'game.agaii.org\', port=443): Max retries exceeded with url: /mllm/v1/chat/completions (Caused by ReadTimeoutError("HTTPSConnectionPool(host=\'game.agaii.org\', port=443): Read timed out. (read timeout=180)"))'))
[ReasonBench] marked_unscorable example_id=df00a4688e96b001f32ffd39913ae151bfa14034bdca636193c96974529f7cf9 strategy=direct error_records=396
[ReasonBench] error example_id=df00a4688e96b001f32ffd39913ae151bfa14034bdca636193c96974529f7cf9 strategy=concise_cot error=ConnectionError(MaxRetryError('HTTPSConnectionPool(host=\'game.agaii.org\', port=443): Max retries exceeded with url: /mllm/v1/chat/completions (Caused by ReadTimeoutError("HTTPSConnectionPool(host=\'game.agaii.org\', port=443): Read timed out. (read timeout=180)"))'))
[ReasonBench] marked_unscorable example_id=df00a4688e96b001f32ffd39913ae151bfa14034bdca636193c96974529f7cf9 strategy=concise_cot error_records=397
[ReasonBench] error example_id=df00a4688e96b001f32ffd39913ae151bfa14034bdca636193c96974529f7cf9 strategy=least_to_most error=ConnectionError(MaxRetryError('HTTPSConnectionPool(host=\'game.agaii.org\', port=443): Max retries exceeded with url: /mllm/v1/chat/completions (Caused by ReadTimeoutError("HTTPSConnectionPool(host=\'game.agaii.org\', port=443): Read timed out. (read timeout=180)"))'))
[ReasonBench] marked_unscorable example_id=df00a4688e96b001f32ffd39913ae151bfa14034bdca636193c96974529f7cf9 strategy=least_to_most error_records=398
[ReasonBench] error example_id=df00a4688e96b001f32ffd39913ae151bfa14034bdca636193c96974529f7cf9 strategy=constraint_decompose error=ConnectionError(MaxRetryError('HTTPSConnectionPool(host=\'game.agaii.org\', port=443): Max retries exceeded with url: /mllm/v1/chat/completions (Caused by ReadTimeoutError("HTTPSConnectionPool(host=\'game.agaii.org\', port=443): Read timed out. (read timeout=180)"))'))
[ReasonBench] marked_unscorable example_id=df00a4688e96b001f32ffd39913ae151bfa14034bdca636193c96974529f7cf9 strategy=constraint_decompose error_records=399
[ReasonBench] error example_id=df00a4688e96b001f32ffd39913ae151bfa14034bdca636193c96974529f7cf9 strategy=self_verify error=ConnectionError(MaxRetryError('HTTPSConnectionPool(host=\'game.agaii.org\', port=443): Max retries exceeded with url: /mllm/v1/chat/completions (Caused by ReadTimeoutError("HTTPSConnectionPool(host=\'game.agaii.org\', port=443): Read timed out. (read timeout=180)"))'))
[ReasonBench] marked_unscorable example_id=df00a4688e96b001f32ffd39913ae151bfa14034bdca636193c96974529f7cf9 strategy=self_verify error_records=400
[ReasonBench] error example_id=df00a4688e96b001f32ffd39913ae151bfa14034bdca636193c96974529f7cf9 strategy=critique_refine error=ConnectionError(MaxRetryError('HTTPSConnectionPool(host=\'game.agaii.org\', port=443): Max retries exceeded with url: /mllm/v1/chat/completions (Caused by ReadTimeoutError("HTTPSConnectionPool(host=\'game.agaii.org\', port=443): Read timed out. (read timeout=180)"))'))
[ReasonBench] marked_unscorable example_id=df00a4688e96b001f32ffd39913ae151bfa14034bdca636193c96974529f7cf9 strategy=critique_refine error_records=401
[ReasonBench] error example_id=df00a4688e96b001f32ffd39913ae151bfa14034bdca636193c96974529f7cf9 strategy=self_consistency error=ConnectionError(MaxRetryError('HTTPSConnectionPool(host=\'game.agaii.org\', port=443): Max retries exceeded with url: /mllm/v1/chat/completions (Caused by ReadTimeoutError("HTTPSConnectionPool(host=\'game.agaii.org\', port=443): Read timed out. (read timeout=180)"))'))
[ReasonBench] marked_unscorable example_id=df00a4688e96b001f32ffd39913ae151bfa14034bdca636193c96974529f7cf9 strategy=self_consistency error_records=402
[ReasonBench] error example_id=df00a4688e96b001f32ffd39913ae151bfa14034bdca636193c96974529f7cf9 strategy=selective_self_consistency error=ConnectionError(MaxRetryError('HTTPSConnectionPool(host=\'game.agaii.org\', port=443): Max retries exceeded with url: /mllm/v1/chat/completions (Caused by ReadTimeoutError("HTTPSConnectionPool(host=\'game.agaii.org\', port=443): Read timed out. (read timeout=180)"))'))
[ReasonBench] marked_unscorable example_id=df00a4688e96b001f32ffd39913ae151bfa14034bdca636193c96974529f7cf9 strategy=selective_self_consistency error_records=403
[ReasonBench] error example_id=df00a4688e96b001f32ffd39913ae151bfa14034bdca636193c96974529f7cf9 strategy=budgeted_cascade error=ConnectionError(MaxRetryError('HTTPSConnectionPool(host=\'game.agaii.org\', port=443): Max retries exceeded with url: /mllm/v1/chat/completions (Caused by ReadTimeoutError("HTTPSConnectionPool(host=\'game.agaii.org\', port=443): Read timed out. (read timeout=180)"))'))
[ReasonBench] marked_unscorable example_id=df00a4688e96b001f32ffd39913ae151bfa14034bdca636193c96974529f7cf9 strategy=budgeted_cascade error_records=404
[ReasonBench] error example_id=df00a4688e96b001f32ffd39913ae151bfa14034bdca636193c96974529f7cf9 strategy=few_shot_exemplar error=ConnectionError(MaxRetryError('HTTPSConnectionPool(host=\'game.agaii.org\', port=443): Max retries exceeded with url: /mllm/v1/chat/completions (Caused by ReadTimeoutError("HTTPSConnectionPool(host=\'game.agaii.org\', port=443): Read timed out. (read timeout=180)"))'))
[ReasonBench] marked_unscorable example_id=df00a4688e96b001f32ffd39913ae151bfa14034bdca636193c96974529f7cf9 strategy=few_shot_exemplar error_records=405
[ReasonBench] error example_id=c675d9db6b456f793da486f16102468ed1e241bbb7846039608b2c0f9c5d1012 strategy=direct error=ConnectionError(MaxRetryError('HTTPSConnectionPool(host=\'game.agaii.org\', port=443): Max retries exceeded with url: /mllm/v1/chat/completions (Caused by ReadTimeoutError("HTTPSConnectionPool(host=\'game.agaii.org\', port=443): Read timed out. (read timeout=180)"))'))
[ReasonBench] marked_unscorable example_id=c675d9db6b456f793da486f16102468ed1e241bbb7846039608b2c0f9c5d1012 strategy=direct error_records=406
[ReasonBench] error example_id=c675d9db6b456f793da486f16102468ed1e241bbb7846039608b2c0f9c5d1012 strategy=concise_cot error=ConnectionError(MaxRetryError('HTTPSConnectionPool(host=\'game.agaii.org\', port=443): Max retries exceeded with url: /mllm/v1/chat/completions (Caused by ReadTimeoutError("HTTPSConnectionPool(host=\'game.agaii.org\', port=443): Read timed out. (read timeout=180)"))'))
[ReasonBench] marked_unscorable example_id=c675d9db6b456f793da486f16102468ed1e241bbb7846039608b2c0f9c5d1012 strategy=concise_cot error_records=407
[ReasonBench] error example_id=c675d9db6b456f793da486f16102468ed1e241bbb7846039608b2c0f9c5d1012 strategy=least_to_most error=ConnectionError(MaxRetryError('HTTPSConnectionPool(host=\'game.agaii.org\', port=443): Max retries exceeded with url: /mllm/v1/chat/completions (Caused by ReadTimeoutError("HTTPSConnectionPool(host=\'game.agaii.org\', port=443): Read timed out. (read timeout=180)"))'))
[ReasonBench] marked_unscorable example_id=c675d9db6b456f793da486f16102468ed1e241bbb7846039608b2c0f9c5d1012 strategy=least_to_most error_records=408
[ReasonBench] error example_id=c675d9db6b456f793da486f16102468ed1e241bbb7846039608b2c0f9c5d1012 strategy=constraint_decompose error=ConnectionError(MaxRetryError('HTTPSConnectionPool(host=\'game.agaii.org\', port=443): Max retries exceeded with url: /mllm/v1/chat/completions (Caused by ReadTimeoutError("HTTPSConnectionPool(host=\'game.agaii.org\', port=443): Read timed out. (read timeout=180)"))'))
[ReasonBench] marked_unscorable example_id=c675d9db6b456f793da486f16102468ed1e241bbb7846039608b2c0f9c5d1012 strategy=constraint_decompose error_records=409
[ReasonBench] error example_id=c675d9db6b456f793da486f16102468ed1e241bbb7846039608b2c0f9c5d1012 strategy=self_verify error=ConnectionError(MaxRetryError('HTTPSConnectionPool(host=\'game.agaii.org\', port=443): Max retries exceeded with url: /mllm/v1/chat/completions (Caused by ReadTimeoutError("HTTPSConnectionPool(host=\'game.agaii.org\', port=443): Read timed out. (read timeout=180)"))'))
[ReasonBench] marked_unscorable example_id=c675d9db6b456f793da486f16102468ed1e241bbb7846039608b2c0f9c5d1012 strategy=self_verify error_records=410
[ReasonBench] error example_id=c675d9db6b456f793da486f16102468ed1e241bbb7846039608b2c0f9c5d1012 strategy=critique_refine error=ConnectionError(MaxRetryError('HTTPSConnectionPool(host=\'game.agaii.org\', port=443): Max retries exceeded with url: /mllm/v1/chat/completions (Caused by ReadTimeoutError("HTTPSConnectionPool(host=\'game.agaii.org\', port=443): Read timed out. (read timeout=180)"))'))
[ReasonBench] marked_unscorable example_id=c675d9db6b456f793da486f16102468ed1e241bbb7846039608b2c0f9c5d1012 strategy=critique_refine error_records=411
[ReasonBench] error example_id=c675d9db6b456f793da486f16102468ed1e241bbb7846039608b2c0f9c5d1012 strategy=self_consistency error=ConnectionError(MaxRetryError('HTTPSConnectionPool(host=\'game.agaii.org\', port=443): Max retries exceeded with url: /mllm/v1/chat/completions (Caused by ReadTimeoutError("HTTPSConnectionPool(host=\'game.agaii.org\', port=443): Read timed out. (read timeout=180)"))'))
[ReasonBench] marked_unscorable example_id=c675d9db6b456f793da486f16102468ed1e241bbb7846039608b2c0f9c5d1012 strategy=self_consistency error_records=412
[ReasonBench] error example_id=c675d9db6b456f793da486f16102468ed1e241bbb7846039608b2c0f9c5d1012 strategy=selective_self_consistency error=ConnectionError(MaxRetryError('HTTPSConnectionPool(host=\'game.agaii.org\', port=443): Max retries exceeded with url: /mllm/v1/chat/completions (Caused by ReadTimeoutError("HTTPSConnectionPool(host=\'game.agaii.org\', port=443): Read timed out. (read timeout=180)"))'))
[ReasonBench] marked_unscorable example_id=c675d9db6b456f793da486f16102468ed1e241bbb7846039608b2c0f9c5d1012 strategy=selective_self_consistency error_records=413
[ReasonBench] progress total=428/14360 (2.98%) new=426/14358 elapsed_s=83403.9
[ReasonBench] error example_id=c675d9db6b456f793da486f16102468ed1e241bbb7846039608b2c0f9c5d1012 strategy=budgeted_cascade error=ConnectionError(MaxRetryError('HTTPSConnectionPool(host=\'game.agaii.org\', port=443): Max retries exceeded with url: /mllm/v1/chat/completions (Caused by ReadTimeoutError("HTTPSConnectionPool(host=\'game.agaii.org\', port=443): Read timed out. (read timeout=180)"))'))
[ReasonBench] marked_unscorable example_id=c675d9db6b456f793da486f16102468ed1e241bbb7846039608b2c0f9c5d1012 strategy=budgeted_cascade error_records=414
[ReasonBench] error example_id=c675d9db6b456f793da486f16102468ed1e241bbb7846039608b2c0f9c5d1012 strategy=few_shot_exemplar error=ConnectionError(MaxRetryError('HTTPSConnectionPool(host=\'game.agaii.org\', port=443): Max retries exceeded with url: /mllm/v1/chat/completions (Caused by ReadTimeoutError("HTTPSConnectionPool(host=\'game.agaii.org\', port=443): Read timed out. (read timeout=180)"))'))
[ReasonBench] marked_unscorable example_id=c675d9db6b456f793da486f16102468ed1e241bbb7846039608b2c0f9c5d1012 strategy=few_shot_exemplar error_records=415
[ReasonBench] error example_id=5a87f768962bad5e67430639470f03835d0f2abf3fb39f38cf96145ce768f485 strategy=direct error=ConnectionError(MaxRetryError('HTTPSConnectionPool(host=\'game.agaii.org\', port=443): Max retries exceeded with url: /mllm/v1/chat/completions (Caused by ReadTimeoutError("HTTPSConnectionPool(host=\'game.agaii.org\', port=443): Read timed out. (read timeout=180)"))'))
[ReasonBench] marked_unscorable example_id=5a87f768962bad5e67430639470f03835d0f2abf3fb39f38cf96145ce768f485 strategy=direct error_records=416
[ReasonBench] error example_id=5a87f768962bad5e67430639470f03835d0f2abf3fb39f38cf96145ce768f485 strategy=concise_cot error=ConnectionError(MaxRetryError('HTTPSConnectionPool(host=\'game.agaii.org\', port=443): Max retries exceeded with url: /mllm/v1/chat/completions (Caused by ReadTimeoutError("HTTPSConnectionPool(host=\'game.agaii.org\', port=443): Read timed out. (read timeout=180)"))'))
[ReasonBench] marked_unscorable example_id=5a87f768962bad5e67430639470f03835d0f2abf3fb39f38cf96145ce768f485 strategy=concise_cot error_records=417
[ReasonBench] error example_id=5a87f768962bad5e67430639470f03835d0f2abf3fb39f38cf96145ce768f485 strategy=least_to_most error=ConnectionError(MaxRetryError('HTTPSConnectionPool(host=\'game.agaii.org\', port=443): Max retries exceeded with url: /mllm/v1/chat/completions (Caused by ReadTimeoutError("HTTPSConnectionPool(host=\'game.agaii.org\', port=443): Read timed out. (read timeout=180)"))'))
[ReasonBench] marked_unscorable example_id=5a87f768962bad5e67430639470f03835d0f2abf3fb39f38cf96145ce768f485 strategy=least_to_most error_records=418
[ReasonBench] error example_id=5a87f768962bad5e67430639470f03835d0f2abf3fb39f38cf96145ce768f485 strategy=constraint_decompose error=ConnectionError(MaxRetryError('HTTPSConnectionPool(host=\'game.agaii.org\', port=443): Max retries exceeded with url: /mllm/v1/chat/completions (Caused by ReadTimeoutError("HTTPSConnectionPool(host=\'game.agaii.org\', port=443): Read timed out. (read timeout=180)"))'))
[ReasonBench] marked_unscorable example_id=5a87f768962bad5e67430639470f03835d0f2abf3fb39f38cf96145ce768f485 strategy=constraint_decompose error_records=419
[ReasonBench] error example_id=5a87f768962bad5e67430639470f03835d0f2abf3fb39f38cf96145ce768f485 strategy=self_verify error=ConnectionError(MaxRetryError('HTTPSConnectionPool(host=\'game.agaii.org\', port=443): Max retries exceeded with url: /mllm/v1/chat/completions (Caused by ReadTimeoutError("HTTPSConnectionPool(host=\'game.agaii.org\', port=443): Read timed out. (read timeout=180)"))'))
[ReasonBench] marked_unscorable example_id=5a87f768962bad5e67430639470f03835d0f2abf3fb39f38cf96145ce768f485 strategy=self_verify error_records=420
[ReasonBench] error example_id=5a87f768962bad5e67430639470f03835d0f2abf3fb39f38cf96145ce768f485 strategy=critique_refine error=ConnectionError(MaxRetryError('HTTPSConnectionPool(host=\'game.agaii.org\', port=443): Max retries exceeded with url: /mllm/v1/chat/completions (Caused by ReadTimeoutError("HTTPSConnectionPool(host=\'game.agaii.org\', port=443): Read timed out. (read timeout=180)"))'))
[ReasonBench] marked_unscorable example_id=5a87f768962bad5e67430639470f03835d0f2abf3fb39f38cf96145ce768f485 strategy=critique_refine error_records=421
[ReasonBench] error example_id=5a87f768962bad5e67430639470f03835d0f2abf3fb39f38cf96145ce768f485 strategy=self_consistency error=ConnectionError(MaxRetryError('HTTPSConnectionPool(host=\'game.agaii.org\', port=443): Max retries exceeded with url: /mllm/v1/chat/completions (Caused by ReadTimeoutError("HTTPSConnectionPool(host=\'game.agaii.org\', port=443): Read timed out. (read timeout=180)"))'))
[ReasonBench] marked_unscorable example_id=5a87f768962bad5e67430639470f03835d0f2abf3fb39f38cf96145ce768f485 strategy=self_consistency error_records=422
[ReasonBench] error example_id=5a87f768962bad5e67430639470f03835d0f2abf3fb39f38cf96145ce768f485 strategy=selective_self_consistency error=ConnectionError(MaxRetryError('HTTPSConnectionPool(host=\'game.agaii.org\', port=443): Max retries exceeded with url: /mllm/v1/chat/completions (Caused by ReadTimeoutError("HTTPSConnectionPool(host=\'game.agaii.org\', port=443): Read timed out. (read timeout=180)"))'))
[ReasonBench] marked_unscorable example_id=5a87f768962bad5e67430639470f03835d0f2abf3fb39f38cf96145ce768f485 strategy=selective_self_consistency error_records=423
[ReasonBench] error example_id=5a87f768962bad5e67430639470f03835d0f2abf3fb39f38cf96145ce768f485 strategy=budgeted_cascade error=ConnectionError(MaxRetryError('HTTPSConnectionPool(host=\'game.agaii.org\', port=443): Max retries exceeded with url: /mllm/v1/chat/completions (Caused by ReadTimeoutError("HTTPSConnectionPool(host=\'game.agaii.org\', port=443): Read timed out. (read timeout=180)"))'))
[ReasonBench] marked_unscorable example_id=5a87f768962bad5e67430639470f03835d0f2abf3fb39f38cf96145ce768f485 strategy=budgeted_cascade error_records=424
[ReasonBench] error example_id=5a87f768962bad5e67430639470f03835d0f2abf3fb39f38cf96145ce768f485 strategy=few_shot_exemplar error=ConnectionError(MaxRetryError('HTTPSConnectionPool(host=\'game.agaii.org\', port=443): Max retries exceeded with url: /mllm/v1/chat/completions (Caused by ReadTimeoutError("HTTPSConnectionPool(host=\'game.agaii.org\', port=443): Read timed out. (read timeout=180)"))'))
[ReasonBench] marked_unscorable example_id=5a87f768962bad5e67430639470f03835d0f2abf3fb39f38cf96145ce768f485 strategy=few_shot_exemplar error_records=425
[ReasonBench] error example_id=3375d42f6db384f62b159eb89a85d715736790fd1abb380760ffbd12339fd4d5 strategy=direct error=ConnectionError(MaxRetryError('HTTPSConnectionPool(host=\'game.agaii.org\', port=443): Max retries exceeded with url: /mllm/v1/chat/completions (Caused by ReadTimeoutError("HTTPSConnectionPool(host=\'game.agaii.org\', port=443): Read timed out. (read timeout=180)"))'))
[ReasonBench] marked_unscorable example_id=3375d42f6db384f62b159eb89a85d715736790fd1abb380760ffbd12339fd4d5 strategy=direct error_records=426
[ReasonBench] error example_id=3375d42f6db384f62b159eb89a85d715736790fd1abb380760ffbd12339fd4d5 strategy=concise_cot error=ConnectionError(MaxRetryError('HTTPSConnectionPool(host=\'game.agaii.org\', port=443): Max retries exceeded with url: /mllm/v1/chat/completions (Caused by ReadTimeoutError("HTTPSConnectionPool(host=\'game.agaii.org\', port=443): Read timed out. (read timeout=180)"))'))
[ReasonBench] marked_unscorable example_id=3375d42f6db384f62b159eb89a85d715736790fd1abb380760ffbd12339fd4d5 strategy=concise_cot error_records=427
[ReasonBench] error example_id=3375d42f6db384f62b159eb89a85d715736790fd1abb380760ffbd12339fd4d5 strategy=least_to_most error=ConnectionError(MaxRetryError('HTTPSConnectionPool(host=\'game.agaii.org\', port=443): Max retries exceeded with url: /mllm/v1/chat/completions (Caused by ReadTimeoutError("HTTPSConnectionPool(host=\'game.agaii.org\', port=443): Read timed out. (read timeout=180)"))'))
[ReasonBench] marked_unscorable example_id=3375d42f6db384f62b159eb89a85d715736790fd1abb380760ffbd12339fd4d5 strategy=least_to_most error_records=428
[ReasonBench] error example_id=3375d42f6db384f62b159eb89a85d715736790fd1abb380760ffbd12339fd4d5 strategy=constraint_decompose error=ConnectionError(MaxRetryError('HTTPSConnectionPool(host=\'game.agaii.org\', port=443): Max retries exceeded with url: /mllm/v1/chat/completions (Caused by ReadTimeoutError("HTTPSConnectionPool(host=\'game.agaii.org\', port=443): Read timed out. (read timeout=180)"))'))
[ReasonBench] marked_unscorable example_id=3375d42f6db384f62b159eb89a85d715736790fd1abb380760ffbd12339fd4d5 strategy=constraint_decompose error_records=429
[ReasonBench] error example_id=3375d42f6db384f62b159eb89a85d715736790fd1abb380760ffbd12339fd4d5 strategy=self_verify error=ConnectionError(MaxRetryError('HTTPSConnectionPool(host=\'game.agaii.org\', port=443): Max retries exceeded with url: /mllm/v1/chat/completions (Caused by ReadTimeoutError("HTTPSConnectionPool(host=\'game.agaii.org\', port=443): Read timed out. (read timeout=180)"))'))
[ReasonBench] marked_unscorable example_id=3375d42f6db384f62b159eb89a85d715736790fd1abb380760ffbd12339fd4d5 strategy=self_verify error_records=430
[ReasonBench] error example_id=3375d42f6db384f62b159eb89a85d715736790fd1abb380760ffbd12339fd4d5 strategy=critique_refine error=ConnectionError(MaxRetryError('HTTPSConnectionPool(host=\'game.agaii.org\', port=443): Max retries exceeded with url: /mllm/v1/chat/completions (Caused by ReadTimeoutError("HTTPSConnectionPool(host=\'game.agaii.org\', port=443): Read timed out. (read timeout=180)"))'))
[ReasonBench] marked_unscorable example_id=3375d42f6db384f62b159eb89a85d715736790fd1abb380760ffbd12339fd4d5 strategy=critique_refine error_records=431
[ReasonBench] error example_id=3375d42f6db384f62b159eb89a85d715736790fd1abb380760ffbd12339fd4d5 strategy=self_consistency error=ConnectionError(MaxRetryError('HTTPSConnectionPool(host=\'game.agaii.org\', port=443): Max retries exceeded with url: /mllm/v1/chat/completions (Caused by ReadTimeoutError("HTTPSConnectionPool(host=\'game.agaii.org\', port=443): Read timed out. (read timeout=180)"))'))
[ReasonBench] marked_unscorable example_id=3375d42f6db384f62b159eb89a85d715736790fd1abb380760ffbd12339fd4d5 strategy=self_consistency error_records=432
[ReasonBench] error example_id=3375d42f6db384f62b159eb89a85d715736790fd1abb380760ffbd12339fd4d5 strategy=selective_self_consistency error=ConnectionError(MaxRetryError('HTTPSConnectionPool(host=\'game.agaii.org\', port=443): Max retries exceeded with url: /mllm/v1/chat/completions (Caused by ReadTimeoutError("HTTPSConnectionPool(host=\'game.agaii.org\', port=443): Read timed out. (read timeout=180)"))'))
[ReasonBench] marked_unscorable example_id=3375d42f6db384f62b159eb89a85d715736790fd1abb380760ffbd12339fd4d5 strategy=selective_self_consistency error_records=433
[ReasonBench] error example_id=3375d42f6db384f62b159eb89a85d715736790fd1abb380760ffbd12339fd4d5 strategy=budgeted_cascade error=ConnectionError(MaxRetryError('HTTPSConnectionPool(host=\'game.agaii.org\', port=443): Max retries exceeded with url: /mllm/v1/chat/completions (Caused by ReadTimeoutError("HTTPSConnectionPool(host=\'game.agaii.org\', port=443): Read timed out. (read timeout=180)"))'))
[ReasonBench] marked_unscorable example_id=3375d42f6db384f62b159eb89a85d715736790fd1abb380760ffbd12339fd4d5 strategy=budgeted_cascade error_records=434
[ReasonBench] error example_id=3375d42f6db384f62b159eb89a85d715736790fd1abb380760ffbd12339fd4d5 strategy=few_shot_exemplar error=ConnectionError(MaxRetryError('HTTPSConnectionPool(host=\'game.agaii.org\', port=443): Max retries exceeded with url: /mllm/v1/chat/completions (Caused by ReadTimeoutError("HTTPSConnectionPool(host=\'game.agaii.org\', port=443): Read timed out. (read timeout=180)"))'))
[ReasonBench] marked_unscorable example_id=3375d42f6db384f62b159eb89a85d715736790fd1abb380760ffbd12339fd4d5 strategy=few_shot_exemplar error_records=435
[ReasonBench] error example_id=e4ee35e76ddb5c90ccea3e6aa41f00de01b44122d4d602dd4a0da6892757e3af strategy=direct error=ConnectionError(MaxRetryError('HTTPSConnectionPool(host=\'game.agaii.org\', port=443): Max retries exceeded with url: /mllm/v1/chat/completions (Caused by ReadTimeoutError("HTTPSConnectionPool(host=\'game.agaii.org\', port=443): Read timed out. (read timeout=180)"))'))
[ReasonBench] marked_unscorable example_id=e4ee35e76ddb5c90ccea3e6aa41f00de01b44122d4d602dd4a0da6892757e3af strategy=direct error_records=436
[ReasonBench] error example_id=e4ee35e76ddb5c90ccea3e6aa41f00de01b44122d4d602dd4a0da6892757e3af strategy=concise_cot error=ConnectionError(MaxRetryError('HTTPSConnectionPool(host=\'game.agaii.org\', port=443): Max retries exceeded with url: /mllm/v1/chat/completions (Caused by ReadTimeoutError("HTTPSConnectionPool(host=\'game.agaii.org\', port=443): Read timed out. (read timeout=180)"))'))
[ReasonBench] marked_unscorable example_id=e4ee35e76ddb5c90ccea3e6aa41f00de01b44122d4d602dd4a0da6892757e3af strategy=concise_cot error_records=437
[ReasonBench] error example_id=e4ee35e76ddb5c90ccea3e6aa41f00de01b44122d4d602dd4a0da6892757e3af strategy=least_to_most error=ConnectionError(MaxRetryError('HTTPSConnectionPool(host=\'game.agaii.org\', port=443): Max retries exceeded with url: /mllm/v1/chat/completions (Caused by ReadTimeoutError("HTTPSConnectionPool(host=\'game.agaii.org\', port=443): Read timed out. (read timeout=180)"))'))
[ReasonBench] marked_unscorable example_id=e4ee35e76ddb5c90ccea3e6aa41f00de01b44122d4d602dd4a0da6892757e3af strategy=least_to_most error_records=438
[ReasonBench] error example_id=e4ee35e76ddb5c90ccea3e6aa41f00de01b44122d4d602dd4a0da6892757e3af strategy=constraint_decompose error=ConnectionError(MaxRetryError('HTTPSConnectionPool(host=\'game.agaii.org\', port=443): Max retries exceeded with url: /mllm/v1/chat/completions (Caused by ReadTimeoutError("HTTPSConnectionPool(host=\'game.agaii.org\', port=443): Read timed out. (read timeout=180)"))'))
[ReasonBench] marked_unscorable example_id=e4ee35e76ddb5c90ccea3e6aa41f00de01b44122d4d602dd4a0da6892757e3af strategy=constraint_decompose error_records=439
[ReasonBench] error example_id=e4ee35e76ddb5c90ccea3e6aa41f00de01b44122d4d602dd4a0da6892757e3af strategy=self_verify error=ConnectionError(MaxRetryError('HTTPSConnectionPool(host=\'game.agaii.org\', port=443): Max retries exceeded with url: /mllm/v1/chat/completions (Caused by ReadTimeoutError("HTTPSConnectionPool(host=\'game.agaii.org\', port=443): Read timed out. (read timeout=180)"))'))
[ReasonBench] marked_unscorable example_id=e4ee35e76ddb5c90ccea3e6aa41f00de01b44122d4d602dd4a0da6892757e3af strategy=self_verify error_records=440
[ReasonBench] error example_id=e4ee35e76ddb5c90ccea3e6aa41f00de01b44122d4d602dd4a0da6892757e3af strategy=critique_refine error=ConnectionError(MaxRetryError('HTTPSConnectionPool(host=\'game.agaii.org\', port=443): Max retries exceeded with url: /mllm/v1/chat/completions (Caused by ReadTimeoutError("HTTPSConnectionPool(host=\'game.agaii.org\', port=443): Read timed out. (read timeout=180)"))'))
[ReasonBench] marked_unscorable example_id=e4ee35e76ddb5c90ccea3e6aa41f00de01b44122d4d602dd4a0da6892757e3af strategy=critique_refine error_records=441
[ReasonBench] error example_id=e4ee35e76ddb5c90ccea3e6aa41f00de01b44122d4d602dd4a0da6892757e3af strategy=self_consistency error=ConnectionError(MaxRetryError('HTTPSConnectionPool(host=\'game.agaii.org\', port=443): Max retries exceeded with url: /mllm/v1/chat/completions (Caused by ReadTimeoutError("HTTPSConnectionPool(host=\'game.agaii.org\', port=443): Read timed out. (read timeout=180)"))'))
[ReasonBench] marked_unscorable example_id=e4ee35e76ddb5c90ccea3e6aa41f00de01b44122d4d602dd4a0da6892757e3af strategy=self_consistency error_records=442
[ReasonBench] error example_id=e4ee35e76ddb5c90ccea3e6aa41f00de01b44122d4d602dd4a0da6892757e3af strategy=selective_self_consistency error=ConnectionError(MaxRetryError('HTTPSConnectionPool(host=\'game.agaii.org\', port=443): Max retries exceeded with url: /mllm/v1/chat/completions (Caused by ReadTimeoutError("HTTPSConnectionPool(host=\'game.agaii.org\', port=443): Read timed out. (read timeout=180)"))'))
[ReasonBench] marked_unscorable example_id=e4ee35e76ddb5c90ccea3e6aa41f00de01b44122d4d602dd4a0da6892757e3af strategy=selective_self_consistency error_records=443
[ReasonBench] error example_id=e4ee35e76ddb5c90ccea3e6aa41f00de01b44122d4d602dd4a0da6892757e3af strategy=budgeted_cascade error=ConnectionError(MaxRetryError('HTTPSConnectionPool(host=\'game.agaii.org\', port=443): Max retries exceeded with url: /mllm/v1/chat/completions (Caused by ReadTimeoutError("HTTPSConnectionPool(host=\'game.agaii.org\', port=443): Read timed out. (read timeout=180)"))'))
[ReasonBench] marked_unscorable example_id=e4ee35e76ddb5c90ccea3e6aa41f00de01b44122d4d602dd4a0da6892757e3af strategy=budgeted_cascade error_records=444
[ReasonBench] error example_id=e4ee35e76ddb5c90ccea3e6aa41f00de01b44122d4d602dd4a0da6892757e3af strategy=few_shot_exemplar error=ConnectionError(MaxRetryError('HTTPSConnectionPool(host=\'game.agaii.org\', port=443): Max retries exceeded with url: /mllm/v1/chat/completions (Caused by ReadTimeoutError("HTTPSConnectionPool(host=\'game.agaii.org\', port=443): Read timed out. (read timeout=180)"))'))
[ReasonBench] marked_unscorable example_id=e4ee35e76ddb5c90ccea3e6aa41f00de01b44122d4d602dd4a0da6892757e3af strategy=few_shot_exemplar error_records=445
[ReasonBench] error example_id=db5240d8bb9da989f3ffea465538592857f8fa5b7d4293579356c8456253e721 strategy=direct error=ConnectionError(MaxRetryError('HTTPSConnectionPool(host=\'game.agaii.org\', port=443): Max retries exceeded with url: /mllm/v1/chat/completions (Caused by ReadTimeoutError("HTTPSConnectionPool(host=\'game.agaii.org\', port=443): Read timed out. (read timeout=180)"))'))
[ReasonBench] marked_unscorable example_id=db5240d8bb9da989f3ffea465538592857f8fa5b7d4293579356c8456253e721 strategy=direct error_records=446
[ReasonBench] error example_id=db5240d8bb9da989f3ffea465538592857f8fa5b7d4293579356c8456253e721 strategy=concise_cot error=ConnectionError(MaxRetryError('HTTPSConnectionPool(host=\'game.agaii.org\', port=443): Max retries exceeded with url: /mllm/v1/chat/completions (Caused by ReadTimeoutError("HTTPSConnectionPool(host=\'game.agaii.org\', port=443): Read timed out. (read timeout=180)"))'))
[ReasonBench] marked_unscorable example_id=db5240d8bb9da989f3ffea465538592857f8fa5b7d4293579356c8456253e721 strategy=concise_cot error_records=447
[ReasonBench] error example_id=db5240d8bb9da989f3ffea465538592857f8fa5b7d4293579356c8456253e721 strategy=least_to_most error=ConnectionError(MaxRetryError('HTTPSConnectionPool(host=\'game.agaii.org\', port=443): Max retries exceeded with url: /mllm/v1/chat/completions (Caused by ReadTimeoutError("HTTPSConnectionPool(host=\'game.agaii.org\', port=443): Read timed out. (read timeout=180)"))'))
[ReasonBench] marked_unscorable example_id=db5240d8bb9da989f3ffea465538592857f8fa5b7d4293579356c8456253e721 strategy=least_to_most error_records=448
[ReasonBench] error example_id=db5240d8bb9da989f3ffea465538592857f8fa5b7d4293579356c8456253e721 strategy=constraint_decompose error=ConnectionError(MaxRetryError('HTTPSConnectionPool(host=\'game.agaii.org\', port=443): Max retries exceeded with url: /mllm/v1/chat/completions (Caused by ReadTimeoutError("HTTPSConnectionPool(host=\'game.agaii.org\', port=443): Read timed out. (read timeout=180)"))'))
[ReasonBench] marked_unscorable example_id=db5240d8bb9da989f3ffea465538592857f8fa5b7d4293579356c8456253e721 strategy=constraint_decompose error_records=449
[ReasonBench] error example_id=db5240d8bb9da989f3ffea465538592857f8fa5b7d4293579356c8456253e721 strategy=self_verify error=ConnectionError(MaxRetryError('HTTPSConnectionPool(host=\'game.agaii.org\', port=443): Max retries exceeded with url: /mllm/v1/chat/completions (Caused by ReadTimeoutError("HTTPSConnectionPool(host=\'game.agaii.org\', port=443): Read timed out. (read timeout=180)"))'))
[ReasonBench] marked_unscorable example_id=db5240d8bb9da989f3ffea465538592857f8fa5b7d4293579356c8456253e721 strategy=self_verify error_records=450
[ReasonBench] error example_id=db5240d8bb9da989f3ffea465538592857f8fa5b7d4293579356c8456253e721 strategy=critique_refine error=ConnectionError(MaxRetryError('HTTPSConnectionPool(host=\'game.agaii.org\', port=443): Max retries exceeded with url: /mllm/v1/chat/completions (Caused by ReadTimeoutError("HTTPSConnectionPool(host=\'game.agaii.org\', port=443): Read timed out. (read timeout=180)"))'))
[ReasonBench] marked_unscorable example_id=db5240d8bb9da989f3ffea465538592857f8fa5b7d4293579356c8456253e721 strategy=critique_refine error_records=451
[ReasonBench] error example_id=db5240d8bb9da989f3ffea465538592857f8fa5b7d4293579356c8456253e721 strategy=self_consistency error=ConnectionError(MaxRetryError('HTTPSConnectionPool(host=\'game.agaii.org\', port=443): Max retries exceeded with url: /mllm/v1/chat/completions (Caused by ReadTimeoutError("HTTPSConnectionPool(host=\'game.agaii.org\', port=443): Read timed out. (read timeout=180)"))'))
[ReasonBench] marked_unscorable example_id=db5240d8bb9da989f3ffea465538592857f8fa5b7d4293579356c8456253e721 strategy=self_consistency error_records=452
[ReasonBench] error example_id=db5240d8bb9da989f3ffea465538592857f8fa5b7d4293579356c8456253e721 strategy=selective_self_consistency error=ConnectionError(MaxRetryError('HTTPSConnectionPool(host=\'game.agaii.org\', port=443): Max retries exceeded with url: /mllm/v1/chat/completions (Caused by ReadTimeoutError("HTTPSConnectionPool(host=\'game.agaii.org\', port=443): Read timed out. (read timeout=180)"))'))
[ReasonBench] marked_unscorable example_id=db5240d8bb9da989f3ffea465538592857f8fa5b7d4293579356c8456253e721 strategy=selective_self_consistency error_records=453
[ReasonBench] error example_id=db5240d8bb9da989f3ffea465538592857f8fa5b7d4293579356c8456253e721 strategy=budgeted_cascade error=ConnectionError(MaxRetryError('HTTPSConnectionPool(host=\'game.agaii.org\', port=443): Max retries exceeded with url: /mllm/v1/chat/completions (Caused by ReadTimeoutError("HTTPSConnectionPool(host=\'game.agaii.org\', port=443): Read timed out. (read timeout=180)"))'))
[ReasonBench] marked_unscorable example_id=db5240d8bb9da989f3ffea465538592857f8fa5b7d4293579356c8456253e721 strategy=budgeted_cascade error_records=454
[ReasonBench] error example_id=db5240d8bb9da989f3ffea465538592857f8fa5b7d4293579356c8456253e721 strategy=few_shot_exemplar error=ConnectionError(MaxRetryError('HTTPSConnectionPool(host=\'game.agaii.org\', port=443): Max retries exceeded with url: /mllm/v1/chat/completions (Caused by ReadTimeoutError("HTTPSConnectionPool(host=\'game.agaii.org\', port=443): Read timed out. (read timeout=180)"))'))
[ReasonBench] marked_unscorable example_id=db5240d8bb9da989f3ffea465538592857f8fa5b7d4293579356c8456253e721 strategy=few_shot_exemplar error_records=455
[ReasonBench] error example_id=5afb74e155e6538cd76e64fc9df21bd78073b280f0b95b675cbb86aa877b2a59 strategy=direct error=ConnectionError(MaxRetryError('HTTPSConnectionPool(host=\'game.agaii.org\', port=443): Max retries exceeded with url: /mllm/v1/chat/completions (Caused by ReadTimeoutError("HTTPSConnectionPool(host=\'game.agaii.org\', port=443): Read timed out. (read timeout=180)"))'))
[ReasonBench] marked_unscorable example_id=5afb74e155e6538cd76e64fc9df21bd78073b280f0b95b675cbb86aa877b2a59 strategy=direct error_records=456
[ReasonBench] error example_id=5afb74e155e6538cd76e64fc9df21bd78073b280f0b95b675cbb86aa877b2a59 strategy=concise_cot error=ConnectionError(MaxRetryError('HTTPSConnectionPool(host=\'game.agaii.org\', port=443): Max retries exceeded with url: /mllm/v1/chat/completions (Caused by ReadTimeoutError("HTTPSConnectionPool(host=\'game.agaii.org\', port=443): Read timed out. (read timeout=180)"))'))
[ReasonBench] marked_unscorable example_id=5afb74e155e6538cd76e64fc9df21bd78073b280f0b95b675cbb86aa877b2a59 strategy=concise_cot error_records=457
[ReasonBench] error example_id=5afb74e155e6538cd76e64fc9df21bd78073b280f0b95b675cbb86aa877b2a59 strategy=least_to_most error=ConnectionError(MaxRetryError('HTTPSConnectionPool(host=\'game.agaii.org\', port=443): Max retries exceeded with url: /mllm/v1/chat/completions (Caused by ReadTimeoutError("HTTPSConnectionPool(host=\'game.agaii.org\', port=443): Read timed out. (read timeout=180)"))'))
[ReasonBench] marked_unscorable example_id=5afb74e155e6538cd76e64fc9df21bd78073b280f0b95b675cbb86aa877b2a59 strategy=least_to_most error_records=458
[ReasonBench] error example_id=5afb74e155e6538cd76e64fc9df21bd78073b280f0b95b675cbb86aa877b2a59 strategy=constraint_decompose error=ConnectionError(MaxRetryError('HTTPSConnectionPool(host=\'game.agaii.org\', port=443): Max retries exceeded with url: /mllm/v1/chat/completions (Caused by ReadTimeoutError("HTTPSConnectionPool(host=\'game.agaii.org\', port=443): Read timed out. (read timeout=180)"))'))
[ReasonBench] marked_unscorable example_id=5afb74e155e6538cd76e64fc9df21bd78073b280f0b95b675cbb86aa877b2a59 strategy=constraint_decompose error_records=459
[ReasonBench] error example_id=5afb74e155e6538cd76e64fc9df21bd78073b280f0b95b675cbb86aa877b2a59 strategy=self_verify error=ConnectionError(MaxRetryError('HTTPSConnectionPool(host=\'game.agaii.org\', port=443): Max retries exceeded with url: /mllm/v1/chat/completions (Caused by ReadTimeoutError("HTTPSConnectionPool(host=\'game.agaii.org\', port=443): Read timed out. (read timeout=180)"))'))
[ReasonBench] marked_unscorable example_id=5afb74e155e6538cd76e64fc9df21bd78073b280f0b95b675cbb86aa877b2a59 strategy=self_verify error_records=460
[ReasonBench] error example_id=5afb74e155e6538cd76e64fc9df21bd78073b280f0b95b675cbb86aa877b2a59 strategy=critique_refine error=ConnectionError(MaxRetryError('HTTPSConnectionPool(host=\'game.agaii.org\', port=443): Max retries exceeded with url: /mllm/v1/chat/completions (Caused by ReadTimeoutError("HTTPSConnectionPool(host=\'game.agaii.org\', port=443): Read timed out. (read timeout=180)"))'))
[ReasonBench] marked_unscorable example_id=5afb74e155e6538cd76e64fc9df21bd78073b280f0b95b675cbb86aa877b2a59 strategy=critique_refine error_records=461
[ReasonBench] error example_id=5afb74e155e6538cd76e64fc9df21bd78073b280f0b95b675cbb86aa877b2a59 strategy=self_consistency error=ConnectionError(MaxRetryError('HTTPSConnectionPool(host=\'game.agaii.org\', port=443): Max retries exceeded with url: /mllm/v1/chat/completions (Caused by ReadTimeoutError("HTTPSConnectionPool(host=\'game.agaii.org\', port=443): Read timed out. (read timeout=180)"))'))
[ReasonBench] marked_unscorable example_id=5afb74e155e6538cd76e64fc9df21bd78073b280f0b95b675cbb86aa877b2a59 strategy=self_consistency error_records=462
[ReasonBench] error example_id=5afb74e155e6538cd76e64fc9df21bd78073b280f0b95b675cbb86aa877b2a59 strategy=selective_self_consistency error=ConnectionError(MaxRetryError('HTTPSConnectionPool(host=\'game.agaii.org\', port=443): Max retries exceeded with url: /mllm/v1/chat/completions (Caused by ReadTimeoutError("HTTPSConnectionPool(host=\'game.agaii.org\', port=443): Read timed out. (read timeout=180)"))'))
[ReasonBench] marked_unscorable example_id=5afb74e155e6538cd76e64fc9df21bd78073b280f0b95b675cbb86aa877b2a59 strategy=selective_self_consistency error_records=463
[ReasonBench] error example_id=5afb74e155e6538cd76e64fc9df21bd78073b280f0b95b675cbb86aa877b2a59 strategy=budgeted_cascade error=ConnectionError(MaxRetryError('HTTPSConnectionPool(host=\'game.agaii.org\', port=443): Max retries exceeded with url: /mllm/v1/chat/completions (Caused by ReadTimeoutError("HTTPSConnectionPool(host=\'game.agaii.org\', port=443): Read timed out. (read timeout=180)"))'))
[ReasonBench] marked_unscorable example_id=5afb74e155e6538cd76e64fc9df21bd78073b280f0b95b675cbb86aa877b2a59 strategy=budgeted_cascade error_records=464
[ReasonBench] error example_id=5afb74e155e6538cd76e64fc9df21bd78073b280f0b95b675cbb86aa877b2a59 strategy=few_shot_exemplar error=ConnectionError(MaxRetryError('HTTPSConnectionPool(host=\'game.agaii.org\', port=443): Max retries exceeded with url: /mllm/v1/chat/completions (Caused by ReadTimeoutError("HTTPSConnectionPool(host=\'game.agaii.org\', port=443): Read timed out. (read timeout=180)"))'))
[ReasonBench] marked_unscorable example_id=5afb74e155e6538cd76e64fc9df21bd78073b280f0b95b675cbb86aa877b2a59 strategy=few_shot_exemplar error_records=465
[ReasonBench] error example_id=55893da1c59947e4e7469ad4b0683142b475556a6368135400c20a3d8f43def8 strategy=direct error=ConnectionError(MaxRetryError('HTTPSConnectionPool(host=\'game.agaii.org\', port=443): Max retries exceeded with url: /mllm/v1/chat/completions (Caused by ReadTimeoutError("HTTPSConnectionPool(host=\'game.agaii.org\', port=443): Read timed out. (read timeout=180)"))'))
[ReasonBench] marked_unscorable example_id=55893da1c59947e4e7469ad4b0683142b475556a6368135400c20a3d8f43def8 strategy=direct error_records=466
[ReasonBench] error example_id=55893da1c59947e4e7469ad4b0683142b475556a6368135400c20a3d8f43def8 strategy=concise_cot error=ConnectionError(MaxRetryError('HTTPSConnectionPool(host=\'game.agaii.org\', port=443): Max retries exceeded with url: /mllm/v1/chat/completions (Caused by ReadTimeoutError("HTTPSConnectionPool(host=\'game.agaii.org\', port=443): Read timed out. (read timeout=180)"))'))
[ReasonBench] marked_unscorable example_id=55893da1c59947e4e7469ad4b0683142b475556a6368135400c20a3d8f43def8 strategy=concise_cot error_records=467
[ReasonBench] error example_id=55893da1c59947e4e7469ad4b0683142b475556a6368135400c20a3d8f43def8 strategy=least_to_most error=ConnectionError(MaxRetryError('HTTPSConnectionPool(host=\'game.agaii.org\', port=443): Max retries exceeded with url: /mllm/v1/chat/completions (Caused by ReadTimeoutError("HTTPSConnectionPool(host=\'game.agaii.org\', port=443): Read timed out. (read timeout=180)"))'))
[ReasonBench] marked_unscorable example_id=55893da1c59947e4e7469ad4b0683142b475556a6368135400c20a3d8f43def8 strategy=least_to_most error_records=468
[ReasonBench] error example_id=55893da1c59947e4e7469ad4b0683142b475556a6368135400c20a3d8f43def8 strategy=constraint_decompose error=ConnectionError(MaxRetryError('HTTPSConnectionPool(host=\'game.agaii.org\', port=443): Max retries exceeded with url: /mllm/v1/chat/completions (Caused by ReadTimeoutError("HTTPSConnectionPool(host=\'game.agaii.org\', port=443): Read timed out. (read timeout=180)"))'))
[ReasonBench] marked_unscorable example_id=55893da1c59947e4e7469ad4b0683142b475556a6368135400c20a3d8f43def8 strategy=constraint_decompose error_records=469
[ReasonBench] progress total=499/14360 (3.47%) new=497/14358 elapsed_s=97735.1
[ReasonBench] progress total=570/14360 (3.97%) new=568/14358 elapsed_s=100309.3
[ReasonBench] progress total=641/14360 (4.46%) new=639/14358 elapsed_s=103042.2
[ReasonBench] progress total=712/14360 (4.96%) new=710/14358 elapsed_s=105647.4
[ReasonBench] progress total=783/14360 (5.45%) new=781/14358 elapsed_s=108285.6
[ReasonBench] progress total=854/14360 (5.95%) new=852/14358 elapsed_s=110750.1
[ReasonBench] progress total=925/14360 (6.44%) new=923/14358 elapsed_s=113334.8
[ReasonBench] progress total=996/14360 (6.94%) new=994/14358 elapsed_s=115910.0
[ReasonBench] progress total=1067/14360 (7.43%) new=1065/14358 elapsed_s=118485.0
[ReasonBench] progress total=1138/14360 (7.92%) new=1136/14358 elapsed_s=120938.4
[ReasonBench] progress total=1209/14360 (8.42%) new=1207/14358 elapsed_s=123474.0
[ReasonBench] progress total=1280/14360 (8.91%) new=1278/14358 elapsed_s=125925.1
[ReasonBench] progress total=1351/14360 (9.41%) new=1349/14358 elapsed_s=127384.6
[ReasonBench] progress total=1422/14360 (9.90%) new=1420/14358 elapsed_s=128513.5
[ReasonBench] progress total=1493/14360 (10.40%) new=1491/14358 elapsed_s=129964.7
[ReasonBench] progress total=1564/14360 (10.89%) new=1562/14358 elapsed_s=131395.2
[ReasonBench] progress total=1635/14360 (11.39%) new=1633/14358 elapsed_s=133003.5
[ReasonBench] progress total=1706/14360 (11.88%) new=1704/14358 elapsed_s=134462.9
[ReasonBench] progress total=1777/14360 (12.37%) new=1775/14358 elapsed_s=135975.6
[ReasonBench] progress total=1848/14360 (12.87%) new=1846/14358 elapsed_s=138124.1
[ReasonBench] progress total=1919/14360 (13.36%) new=1917/14358 elapsed_s=140229.6
[ReasonBench] progress total=1990/14360 (13.86%) new=1988/14358 elapsed_s=142564.2
[ReasonBench] error example_id=145cfcc10c148be13cc52c96a77611ff6fa5a2b2f756b7f8f9bc0220404a83d7 strategy=critique_refine error=ConnectionError(MaxRetryError('HTTPSConnectionPool(host=\'game.agaii.org\', port=443): Max retries exceeded with url: /mllm/v1/chat/completions (Caused by ReadTimeoutError("HTTPSConnectionPool(host=\'game.agaii.org\', port=443): Read timed out. (read timeout=180)"))'))
[ReasonBench] marked_unscorable example_id=145cfcc10c148be13cc52c96a77611ff6fa5a2b2f756b7f8f9bc0220404a83d7 strategy=critique_refine error_records=470
[ReasonBench] error example_id=145cfcc10c148be13cc52c96a77611ff6fa5a2b2f756b7f8f9bc0220404a83d7 strategy=selective_self_consistency error=ConnectionError(MaxRetryError('HTTPSConnectionPool(host=\'game.agaii.org\', port=443): Max retries exceeded with url: /mllm/v1/chat/completions (Caused by ReadTimeoutError("HTTPSConnectionPool(host=\'game.agaii.org\', port=443): Read timed out. (read timeout=180)"))'))
[ReasonBench] marked_unscorable example_id=145cfcc10c148be13cc52c96a77611ff6fa5a2b2f756b7f8f9bc0220404a83d7 strategy=selective_self_consistency error_records=471
[ReasonBench] error example_id=1555bac3606cf98dc257767598c8a85738893f74b07a0a7f2d150751d0ab4939 strategy=direct error=ConnectionError(MaxRetryError('HTTPSConnectionPool(host=\'game.agaii.org\', port=443): Max retries exceeded with url: /mllm/v1/chat/completions (Caused by ReadTimeoutError("HTTPSConnectionPool(host=\'game.agaii.org\', port=443): Read timed out. (read timeout=180)"))'))
[ReasonBench] marked_unscorable example_id=1555bac3606cf98dc257767598c8a85738893f74b07a0a7f2d150751d0ab4939 strategy=direct error_records=472
[ReasonBench] progress total=2061/14360 (14.35%) new=2059/14358 elapsed_s=145869.8
[ReasonBench] error example_id=1555bac3606cf98dc257767598c8a85738893f74b07a0a7f2d150751d0ab4939 strategy=concise_cot error=ConnectionError(MaxRetryError('HTTPSConnectionPool(host=\'game.agaii.org\', port=443): Max retries exceeded with url: /mllm/v1/chat/completions (Caused by ReadTimeoutError("HTTPSConnectionPool(host=\'game.agaii.org\', port=443): Read timed out. (read timeout=180)"))'))
[ReasonBench] marked_unscorable example_id=1555bac3606cf98dc257767598c8a85738893f74b07a0a7f2d150751d0ab4939 strategy=concise_cot error_records=473
[ReasonBench] error example_id=1555bac3606cf98dc257767598c8a85738893f74b07a0a7f2d150751d0ab4939 strategy=least_to_most error=ConnectionError(MaxRetryError('HTTPSConnectionPool(host=\'game.agaii.org\', port=443): Max retries exceeded with url: /mllm/v1/chat/completions (Caused by ReadTimeoutError("HTTPSConnectionPool(host=\'game.agaii.org\', port=443): Read timed out. (read timeout=180)"))'))
[ReasonBench] marked_unscorable example_id=1555bac3606cf98dc257767598c8a85738893f74b07a0a7f2d150751d0ab4939 strategy=least_to_most error_records=474
[ReasonBench] error example_id=1555bac3606cf98dc257767598c8a85738893f74b07a0a7f2d150751d0ab4939 strategy=constraint_decompose error=ConnectionError(MaxRetryError('HTTPSConnectionPool(host=\'game.agaii.org\', port=443): Max retries exceeded with url: /mllm/v1/chat/completions (Caused by ReadTimeoutError("HTTPSConnectionPool(host=\'game.agaii.org\', port=443): Read timed out. (read timeout=180)"))'))
[ReasonBench] marked_unscorable example_id=1555bac3606cf98dc257767598c8a85738893f74b07a0a7f2d150751d0ab4939 strategy=constraint_decompose error_records=475
[ReasonBench] error example_id=1555bac3606cf98dc257767598c8a85738893f74b07a0a7f2d150751d0ab4939 strategy=self_verify error=ConnectionError(MaxRetryError('HTTPSConnectionPool(host=\'game.agaii.org\', port=443): Max retries exceeded with url: /mllm/v1/chat/completions (Caused by ReadTimeoutError("HTTPSConnectionPool(host=\'game.agaii.org\', port=443): Read timed out. (read timeout=180)"))'))
[ReasonBench] marked_unscorable example_id=1555bac3606cf98dc257767598c8a85738893f74b07a0a7f2d150751d0ab4939 strategy=self_verify error_records=476
[ReasonBench] error example_id=1555bac3606cf98dc257767598c8a85738893f74b07a0a7f2d150751d0ab4939 strategy=critique_refine error=ConnectionError(MaxRetryError('HTTPSConnectionPool(host=\'game.agaii.org\', port=443): Max retries exceeded with url: /mllm/v1/chat/completions (Caused by ReadTimeoutError("HTTPSConnectionPool(host=\'game.agaii.org\', port=443): Read timed out. (read timeout=180)"))'))
[ReasonBench] marked_unscorable example_id=1555bac3606cf98dc257767598c8a85738893f74b07a0a7f2d150751d0ab4939 strategy=critique_refine error_records=477
[ReasonBench] error example_id=1555bac3606cf98dc257767598c8a85738893f74b07a0a7f2d150751d0ab4939 strategy=self_consistency error=ConnectionError(MaxRetryError('HTTPSConnectionPool(host=\'game.agaii.org\', port=443): Max retries exceeded with url: /mllm/v1/chat/completions (Caused by ReadTimeoutError("HTTPSConnectionPool(host=\'game.agaii.org\', port=443): Read timed out. (read timeout=180)"))'))
[ReasonBench] marked_unscorable example_id=1555bac3606cf98dc257767598c8a85738893f74b07a0a7f2d150751d0ab4939 strategy=self_consistency error_records=478
[ReasonBench] error example_id=1555bac3606cf98dc257767598c8a85738893f74b07a0a7f2d150751d0ab4939 strategy=selective_self_consistency error=ConnectionError(MaxRetryError('HTTPSConnectionPool(host=\'game.agaii.org\', port=443): Max retries exceeded with url: /mllm/v1/chat/completions (Caused by ReadTimeoutError("HTTPSConnectionPool(host=\'game.agaii.org\', port=443): Read timed out. (read timeout=180)"))'))
[ReasonBench] marked_unscorable example_id=1555bac3606cf98dc257767598c8a85738893f74b07a0a7f2d150751d0ab4939 strategy=selective_self_consistency error_records=479
[ReasonBench] error example_id=1555bac3606cf98dc257767598c8a85738893f74b07a0a7f2d150751d0ab4939 strategy=budgeted_cascade error=ConnectionError(MaxRetryError('HTTPSConnectionPool(host=\'game.agaii.org\', port=443): Max retries exceeded with url: /mllm/v1/chat/completions (Caused by ReadTimeoutError("HTTPSConnectionPool(host=\'game.agaii.org\', port=443): Read timed out. (read timeout=180)"))'))
[ReasonBench] marked_unscorable example_id=1555bac3606cf98dc257767598c8a85738893f74b07a0a7f2d150751d0ab4939 strategy=budgeted_cascade error_records=480
[ReasonBench] error example_id=1555bac3606cf98dc257767598c8a85738893f74b07a0a7f2d150751d0ab4939 strategy=few_shot_exemplar error=ConnectionError(MaxRetryError('HTTPSConnectionPool(host=\'game.agaii.org\', port=443): Max retries exceeded with url: /mllm/v1/chat/completions (Caused by ReadTimeoutError("HTTPSConnectionPool(host=\'game.agaii.org\', port=443): Read timed out. (read timeout=180)"))'))
[ReasonBench] marked_unscorable example_id=1555bac3606cf98dc257767598c8a85738893f74b07a0a7f2d150751d0ab4939 strategy=few_shot_exemplar error_records=481
[ReasonBench] error example_id=fd0046f3c752ad7a6ce735aff42247b449563c3c664852793c698369c0046c93 strategy=direct error=ConnectionError(MaxRetryError('HTTPSConnectionPool(host=\'game.agaii.org\', port=443): Max retries exceeded with url: /mllm/v1/chat/completions (Caused by ReadTimeoutError("HTTPSConnectionPool(host=\'game.agaii.org\', port=443): Read timed out. (read timeout=180)"))'))
[ReasonBench] marked_unscorable example_id=fd0046f3c752ad7a6ce735aff42247b449563c3c664852793c698369c0046c93 strategy=direct error_records=482
[ReasonBench] error example_id=fd0046f3c752ad7a6ce735aff42247b449563c3c664852793c698369c0046c93 strategy=least_to_most error=ConnectionError(MaxRetryError('HTTPSConnectionPool(host=\'game.agaii.org\', port=443): Max retries exceeded with url: /mllm/v1/chat/completions (Caused by ReadTimeoutError("HTTPSConnectionPool(host=\'game.agaii.org\', port=443): Read timed out. (read timeout=180)"))'))
[ReasonBench] marked_unscorable example_id=fd0046f3c752ad7a6ce735aff42247b449563c3c664852793c698369c0046c93 strategy=least_to_most error_records=483
[ReasonBench] error example_id=fd0046f3c752ad7a6ce735aff42247b449563c3c664852793c698369c0046c93 strategy=constraint_decompose error=ConnectionError(MaxRetryError('HTTPSConnectionPool(host=\'game.agaii.org\', port=443): Max retries exceeded with url: /mllm/v1/chat/completions (Caused by ReadTimeoutError("HTTPSConnectionPool(host=\'game.agaii.org\', port=443): Read timed out. (read timeout=180)"))'))
[ReasonBench] marked_unscorable example_id=fd0046f3c752ad7a6ce735aff42247b449563c3c664852793c698369c0046c93 strategy=constraint_decompose error_records=484
[ReasonBench] error example_id=fd0046f3c752ad7a6ce735aff42247b449563c3c664852793c698369c0046c93 strategy=self_verify error=ConnectionError(MaxRetryError('HTTPSConnectionPool(host=\'game.agaii.org\', port=443): Max retries exceeded with url: /mllm/v1/chat/completions (Caused by ReadTimeoutError("HTTPSConnectionPool(host=\'game.agaii.org\', port=443): Read timed out. (read timeout=180)"))'))
[ReasonBench] marked_unscorable example_id=fd0046f3c752ad7a6ce735aff42247b449563c3c664852793c698369c0046c93 strategy=self_verify error_records=485
[ReasonBench] error example_id=fd0046f3c752ad7a6ce735aff42247b449563c3c664852793c698369c0046c93 strategy=critique_refine error=ConnectionError(MaxRetryError('HTTPSConnectionPool(host=\'game.agaii.org\', port=443): Max retries exceeded with url: /mllm/v1/chat/completions (Caused by ReadTimeoutError("HTTPSConnectionPool(host=\'game.agaii.org\', port=443): Read timed out. (read timeout=180)"))'))
[ReasonBench] marked_unscorable example_id=fd0046f3c752ad7a6ce735aff42247b449563c3c664852793c698369c0046c93 strategy=critique_refine error_records=486
[ReasonBench] error example_id=fd0046f3c752ad7a6ce735aff42247b449563c3c664852793c698369c0046c93 strategy=self_consistency error=ConnectionError(MaxRetryError('HTTPSConnectionPool(host=\'game.agaii.org\', port=443): Max retries exceeded with url: /mllm/v1/chat/completions (Caused by ReadTimeoutError("HTTPSConnectionPool(host=\'game.agaii.org\', port=443): Read timed out. (read timeout=180)"))'))
[ReasonBench] marked_unscorable example_id=fd0046f3c752ad7a6ce735aff42247b449563c3c664852793c698369c0046c93 strategy=self_consistency error_records=487
[ReasonBench] error example_id=fd0046f3c752ad7a6ce735aff42247b449563c3c664852793c698369c0046c93 strategy=selective_self_consistency error=ConnectionError(MaxRetryError('HTTPSConnectionPool(host=\'game.agaii.org\', port=443): Max retries exceeded with url: /mllm/v1/chat/completions (Caused by ReadTimeoutError("HTTPSConnectionPool(host=\'game.agaii.org\', port=443): Read timed out. (read timeout=180)"))'))
[ReasonBench] marked_unscorable example_id=fd0046f3c752ad7a6ce735aff42247b449563c3c664852793c698369c0046c93 strategy=selective_self_consistency error_records=488
[ReasonBench] error example_id=fd0046f3c752ad7a6ce735aff42247b449563c3c664852793c698369c0046c93 strategy=budgeted_cascade error=ConnectionError(MaxRetryError('HTTPSConnectionPool(host=\'game.agaii.org\', port=443): Max retries exceeded with url: /mllm/v1/chat/completions (Caused by ReadTimeoutError("HTTPSConnectionPool(host=\'game.agaii.org\', port=443): Read timed out. (read timeout=180)"))'))
[ReasonBench] marked_unscorable example_id=fd0046f3c752ad7a6ce735aff42247b449563c3c664852793c698369c0046c93 strategy=budgeted_cascade error_records=489
[ReasonBench] error example_id=fd0046f3c752ad7a6ce735aff42247b449563c3c664852793c698369c0046c93 strategy=few_shot_exemplar error=ConnectionError(MaxRetryError('HTTPSConnectionPool(host=\'game.agaii.org\', port=443): Max retries exceeded with url: /mllm/v1/chat/completions (Caused by ReadTimeoutError("HTTPSConnectionPool(host=\'game.agaii.org\', port=443): Read timed out. (read timeout=180)"))'))
[ReasonBench] marked_unscorable example_id=fd0046f3c752ad7a6ce735aff42247b449563c3c664852793c698369c0046c93 strategy=few_shot_exemplar error_records=490
[ReasonBench] error example_id=31b308131501939d06a5af26b6e26500ab71fc1585a16324abda514a2276ed14 strategy=direct error=ConnectionError(MaxRetryError('HTTPSConnectionPool(host=\'game.agaii.org\', port=443): Max retries exceeded with url: /mllm/v1/chat/completions (Caused by ReadTimeoutError("HTTPSConnectionPool(host=\'game.agaii.org\', port=443): Read timed out. (read timeout=180)"))'))
[ReasonBench] marked_unscorable example_id=31b308131501939d06a5af26b6e26500ab71fc1585a16324abda514a2276ed14 strategy=direct error_records=491
[ReasonBench] error example_id=31b308131501939d06a5af26b6e26500ab71fc1585a16324abda514a2276ed14 strategy=concise_cot error=ConnectionError(MaxRetryError('HTTPSConnectionPool(host=\'game.agaii.org\', port=443): Max retries exceeded with url: /mllm/v1/chat/completions (Caused by ReadTimeoutError("HTTPSConnectionPool(host=\'game.agaii.org\', port=443): Read timed out. (read timeout=180)"))'))
[ReasonBench] marked_unscorable example_id=31b308131501939d06a5af26b6e26500ab71fc1585a16324abda514a2276ed14 strategy=concise_cot error_records=492
[ReasonBench] error example_id=31b308131501939d06a5af26b6e26500ab71fc1585a16324abda514a2276ed14 strategy=least_to_most error=ConnectionError(MaxRetryError('HTTPSConnectionPool(host=\'game.agaii.org\', port=443): Max retries exceeded with url: /mllm/v1/chat/completions (Caused by ReadTimeoutError("HTTPSConnectionPool(host=\'game.agaii.org\', port=443): Read timed out. (read timeout=180)"))'))
[ReasonBench] marked_unscorable example_id=31b308131501939d06a5af26b6e26500ab71fc1585a16324abda514a2276ed14 strategy=least_to_most error_records=493
[ReasonBench] error example_id=31b308131501939d06a5af26b6e26500ab71fc1585a16324abda514a2276ed14 strategy=constraint_decompose error=ConnectionError(MaxRetryError('HTTPSConnectionPool(host=\'game.agaii.org\', port=443): Max retries exceeded with url: /mllm/v1/chat/completions (Caused by ReadTimeoutError("HTTPSConnectionPool(host=\'game.agaii.org\', port=443): Read timed out. (read timeout=180)"))'))
[ReasonBench] marked_unscorable example_id=31b308131501939d06a5af26b6e26500ab71fc1585a16324abda514a2276ed14 strategy=constraint_decompose error_records=494
[ReasonBench] error example_id=31b308131501939d06a5af26b6e26500ab71fc1585a16324abda514a2276ed14 strategy=self_verify error=ConnectionError(MaxRetryError('HTTPSConnectionPool(host=\'game.agaii.org\', port=443): Max retries exceeded with url: /mllm/v1/chat/completions (Caused by ReadTimeoutError("HTTPSConnectionPool(host=\'game.agaii.org\', port=443): Read timed out. (read timeout=180)"))'))
[ReasonBench] marked_unscorable example_id=31b308131501939d06a5af26b6e26500ab71fc1585a16324abda514a2276ed14 strategy=self_verify error_records=495
[ReasonBench] error example_id=31b308131501939d06a5af26b6e26500ab71fc1585a16324abda514a2276ed14 strategy=critique_refine error=ConnectionError(MaxRetryError('HTTPSConnectionPool(host=\'game.agaii.org\', port=443): Max retries exceeded with url: /mllm/v1/chat/completions (Caused by ReadTimeoutError("HTTPSConnectionPool(host=\'game.agaii.org\', port=443): Read timed out. (read timeout=180)"))'))
[ReasonBench] marked_unscorable example_id=31b308131501939d06a5af26b6e26500ab71fc1585a16324abda514a2276ed14 strategy=critique_refine error_records=496
[ReasonBench] error example_id=31b308131501939d06a5af26b6e26500ab71fc1585a16324abda514a2276ed14 strategy=selective_self_consistency error=ConnectionError(MaxRetryError('HTTPSConnectionPool(host=\'game.agaii.org\', port=443): Max retries exceeded with url: /mllm/v1/chat/completions (Caused by ReadTimeoutError("HTTPSConnectionPool(host=\'game.agaii.org\', port=443): Read timed out. (read timeout=180)"))'))
[ReasonBench] marked_unscorable example_id=31b308131501939d06a5af26b6e26500ab71fc1585a16324abda514a2276ed14 strategy=selective_self_consistency error_records=497
[ReasonBench] error example_id=31b308131501939d06a5af26b6e26500ab71fc1585a16324abda514a2276ed14 strategy=budgeted_cascade error=ConnectionError(MaxRetryError('HTTPSConnectionPool(host=\'game.agaii.org\', port=443): Max retries exceeded with url: /mllm/v1/chat/completions (Caused by ReadTimeoutError("HTTPSConnectionPool(host=\'game.agaii.org\', port=443): Read timed out. (read timeout=180)"))'))
[ReasonBench] marked_unscorable example_id=31b308131501939d06a5af26b6e26500ab71fc1585a16324abda514a2276ed14 strategy=budgeted_cascade error_records=498
[ReasonBench] error example_id=31b308131501939d06a5af26b6e26500ab71fc1585a16324abda514a2276ed14 strategy=few_shot_exemplar error=ConnectionError(MaxRetryError('HTTPSConnectionPool(host=\'game.agaii.org\', port=443): Max retries exceeded with url: /mllm/v1/chat/completions (Caused by ReadTimeoutError("HTTPSConnectionPool(host=\'game.agaii.org\', port=443): Read timed out. (read timeout=180)"))'))
[ReasonBench] marked_unscorable example_id=31b308131501939d06a5af26b6e26500ab71fc1585a16324abda514a2276ed14 strategy=few_shot_exemplar error_records=499
[ReasonBench] error example_id=27da7f0ed5df368fa2d311fe3be17bbece8769109b41fc6e7768706d5d26f662 strategy=direct error=ConnectionError(MaxRetryError('HTTPSConnectionPool(host=\'game.agaii.org\', port=443): Max retries exceeded with url: /mllm/v1/chat/completions (Caused by ReadTimeoutError("HTTPSConnectionPool(host=\'game.agaii.org\', port=443): Read timed out. (read timeout=180)"))'))
[ReasonBench] marked_unscorable example_id=27da7f0ed5df368fa2d311fe3be17bbece8769109b41fc6e7768706d5d26f662 strategy=direct error_records=500
[ReasonBench] error example_id=27da7f0ed5df368fa2d311fe3be17bbece8769109b41fc6e7768706d5d26f662 strategy=concise_cot error=ConnectionError(MaxRetryError('HTTPSConnectionPool(host=\'game.agaii.org\', port=443): Max retries exceeded with url: /mllm/v1/chat/completions (Caused by ReadTimeoutError("HTTPSConnectionPool(host=\'game.agaii.org\', port=443): Read timed out. (read timeout=180)"))'))
[ReasonBench] marked_unscorable example_id=27da7f0ed5df368fa2d311fe3be17bbece8769109b41fc6e7768706d5d26f662 strategy=concise_cot error_records=501
[ReasonBench] error example_id=27da7f0ed5df368fa2d311fe3be17bbece8769109b41fc6e7768706d5d26f662 strategy=least_to_most error=ConnectionError(MaxRetryError('HTTPSConnectionPool(host=\'game.agaii.org\', port=443): Max retries exceeded with url: /mllm/v1/chat/completions (Caused by ReadTimeoutError("HTTPSConnectionPool(host=\'game.agaii.org\', port=443): Read timed out. (read timeout=180)"))'))
[ReasonBench] marked_unscorable example_id=27da7f0ed5df368fa2d311fe3be17bbece8769109b41fc6e7768706d5d26f662 strategy=least_to_most error_records=502
[ReasonBench] error example_id=27da7f0ed5df368fa2d311fe3be17bbece8769109b41fc6e7768706d5d26f662 strategy=constraint_decompose error=ConnectionError(MaxRetryError('HTTPSConnectionPool(host=\'game.agaii.org\', port=443): Max retries exceeded with url: /mllm/v1/chat/completions (Caused by ReadTimeoutError("HTTPSConnectionPool(host=\'game.agaii.org\', port=443): Read timed out. (read timeout=180)"))'))
[ReasonBench] marked_unscorable example_id=27da7f0ed5df368fa2d311fe3be17bbece8769109b41fc6e7768706d5d26f662 strategy=constraint_decompose error_records=503
[ReasonBench] error example_id=27da7f0ed5df368fa2d311fe3be17bbece8769109b41fc6e7768706d5d26f662 strategy=self_verify error=ConnectionError(MaxRetryError('HTTPSConnectionPool(host=\'game.agaii.org\', port=443): Max retries exceeded with url: /mllm/v1/chat/completions (Caused by ReadTimeoutError("HTTPSConnectionPool(host=\'game.agaii.org\', port=443): Read timed out. (read timeout=180)"))'))
[ReasonBench] marked_unscorable example_id=27da7f0ed5df368fa2d311fe3be17bbece8769109b41fc6e7768706d5d26f662 strategy=self_verify error_records=504
[ReasonBench] error example_id=27da7f0ed5df368fa2d311fe3be17bbece8769109b41fc6e7768706d5d26f662 strategy=critique_refine error=ConnectionError(MaxRetryError('HTTPSConnectionPool(host=\'game.agaii.org\', port=443): Max retries exceeded with url: /mllm/v1/chat/completions (Caused by ReadTimeoutError("HTTPSConnectionPool(host=\'game.agaii.org\', port=443): Read timed out. (read timeout=180)"))'))
[ReasonBench] marked_unscorable example_id=27da7f0ed5df368fa2d311fe3be17bbece8769109b41fc6e7768706d5d26f662 strategy=critique_refine error_records=505
[ReasonBench] error example_id=27da7f0ed5df368fa2d311fe3be17bbece8769109b41fc6e7768706d5d26f662 strategy=self_consistency error=ConnectionError(MaxRetryError('HTTPSConnectionPool(host=\'game.agaii.org\', port=443): Max retries exceeded with url: /mllm/v1/chat/completions (Caused by ReadTimeoutError("HTTPSConnectionPool(host=\'game.agaii.org\', port=443): Read timed out. (read timeout=180)"))'))
[ReasonBench] marked_unscorable example_id=27da7f0ed5df368fa2d311fe3be17bbece8769109b41fc6e7768706d5d26f662 strategy=self_consistency error_records=506
[ReasonBench] error example_id=27da7f0ed5df368fa2d311fe3be17bbece8769109b41fc6e7768706d5d26f662 strategy=selective_self_consistency error=ConnectionError(MaxRetryError('HTTPSConnectionPool(host=\'game.agaii.org\', port=443): Max retries exceeded with url: /mllm/v1/chat/completions (Caused by ReadTimeoutError("HTTPSConnectionPool(host=\'game.agaii.org\', port=443): Read timed out. (read timeout=180)"))'))
[ReasonBench] marked_unscorable example_id=27da7f0ed5df368fa2d311fe3be17bbece8769109b41fc6e7768706d5d26f662 strategy=selective_self_consistency error_records=507
[ReasonBench] error example_id=27da7f0ed5df368fa2d311fe3be17bbece8769109b41fc6e7768706d5d26f662 strategy=few_shot_exemplar error=ConnectionError(MaxRetryError('HTTPSConnectionPool(host=\'game.agaii.org\', port=443): Max retries exceeded with url: /mllm/v1/chat/completions (Caused by ReadTimeoutError("HTTPSConnectionPool(host=\'game.agaii.org\', port=443): Read timed out. (read timeout=180)"))'))
[ReasonBench] marked_unscorable example_id=27da7f0ed5df368fa2d311fe3be17bbece8769109b41fc6e7768706d5d26f662 strategy=few_shot_exemplar error_records=508
[ReasonBench] error example_id=eeec6c1afcb16c44895a770343d4c21c6eb88d2902ac8dc1568a6940d9502610 strategy=concise_cot error=ConnectionError(MaxRetryError('HTTPSConnectionPool(host=\'game.agaii.org\', port=443): Max retries exceeded with url: /mllm/v1/chat/completions (Caused by ReadTimeoutError("HTTPSConnectionPool(host=\'game.agaii.org\', port=443): Read timed out. (read timeout=180)"))'))
[ReasonBench] marked_unscorable example_id=eeec6c1afcb16c44895a770343d4c21c6eb88d2902ac8dc1568a6940d9502610 strategy=concise_cot error_records=509
[ReasonBench] error example_id=eeec6c1afcb16c44895a770343d4c21c6eb88d2902ac8dc1568a6940d9502610 strategy=least_to_most error=ConnectionError(MaxRetryError('HTTPSConnectionPool(host=\'game.agaii.org\', port=443): Max retries exceeded with url: /mllm/v1/chat/completions (Caused by ReadTimeoutError("HTTPSConnectionPool(host=\'game.agaii.org\', port=443): Read timed out. (read timeout=180)"))'))
[ReasonBench] marked_unscorable example_id=eeec6c1afcb16c44895a770343d4c21c6eb88d2902ac8dc1568a6940d9502610 strategy=least_to_most error_records=510
[ReasonBench] error example_id=eeec6c1afcb16c44895a770343d4c21c6eb88d2902ac8dc1568a6940d9502610 strategy=constraint_decompose error=ConnectionError(MaxRetryError('HTTPSConnectionPool(host=\'game.agaii.org\', port=443): Max retries exceeded with url: /mllm/v1/chat/completions (Caused by ReadTimeoutError("HTTPSConnectionPool(host=\'game.agaii.org\', port=443): Read timed out. (read timeout=180)"))'))
[ReasonBench] marked_unscorable example_id=eeec6c1afcb16c44895a770343d4c21c6eb88d2902ac8dc1568a6940d9502610 strategy=constraint_decompose error_records=511
[ReasonBench] error example_id=eeec6c1afcb16c44895a770343d4c21c6eb88d2902ac8dc1568a6940d9502610 strategy=self_verify error=ConnectionError(MaxRetryError('HTTPSConnectionPool(host=\'game.agaii.org\', port=443): Max retries exceeded with url: /mllm/v1/chat/completions (Caused by ReadTimeoutError("HTTPSConnectionPool(host=\'game.agaii.org\', port=443): Read timed out. (read timeout=180)"))'))
[ReasonBench] marked_unscorable example_id=eeec6c1afcb16c44895a770343d4c21c6eb88d2902ac8dc1568a6940d9502610 strategy=self_verify error_records=512
[ReasonBench] error example_id=eeec6c1afcb16c44895a770343d4c21c6eb88d2902ac8dc1568a6940d9502610 strategy=critique_refine error=ConnectionError(MaxRetryError('HTTPSConnectionPool(host=\'game.agaii.org\', port=443): Max retries exceeded with url: /mllm/v1/chat/completions (Caused by ReadTimeoutError("HTTPSConnectionPool(host=\'game.agaii.org\', port=443): Read timed out. (read timeout=180)"))'))
[ReasonBench] marked_unscorable example_id=eeec6c1afcb16c44895a770343d4c21c6eb88d2902ac8dc1568a6940d9502610 strategy=critique_refine error_records=513
[ReasonBench] error example_id=eeec6c1afcb16c44895a770343d4c21c6eb88d2902ac8dc1568a6940d9502610 strategy=self_consistency error=ConnectionError(MaxRetryError('HTTPSConnectionPool(host=\'game.agaii.org\', port=443): Max retries exceeded with url: /mllm/v1/chat/completions (Caused by ReadTimeoutError("HTTPSConnectionPool(host=\'game.agaii.org\', port=443): Read timed out. (read timeout=180)"))'))
[ReasonBench] marked_unscorable example_id=eeec6c1afcb16c44895a770343d4c21c6eb88d2902ac8dc1568a6940d9502610 strategy=self_consistency error_records=514
[ReasonBench] error example_id=eeec6c1afcb16c44895a770343d4c21c6eb88d2902ac8dc1568a6940d9502610 strategy=selective_self_consistency error=ConnectionError(MaxRetryError('HTTPSConnectionPool(host=\'game.agaii.org\', port=443): Max retries exceeded with url: /mllm/v1/chat/completions (Caused by ReadTimeoutError("HTTPSConnectionPool(host=\'game.agaii.org\', port=443): Read timed out. (read timeout=180)"))'))
[ReasonBench] marked_unscorable example_id=eeec6c1afcb16c44895a770343d4c21c6eb88d2902ac8dc1568a6940d9502610 strategy=selective_self_consistency error_records=515
[ReasonBench] error example_id=cb29bb1e6915d8366ff58783e47c9939d3d30712f2643cd23d6cbecc4210a2b2 strategy=concise_cot error=ConnectionError(MaxRetryError('HTTPSConnectionPool(host=\'game.agaii.org\', port=443): Max retries exceeded with url: /mllm/v1/chat/completions (Caused by ReadTimeoutError("HTTPSConnectionPool(host=\'game.agaii.org\', port=443): Read timed out. (read timeout=180)"))'))
[ReasonBench] marked_unscorable example_id=cb29bb1e6915d8366ff58783e47c9939d3d30712f2643cd23d6cbecc4210a2b2 strategy=concise_cot error_records=516
[ReasonBench] error example_id=cb29bb1e6915d8366ff58783e47c9939d3d30712f2643cd23d6cbecc4210a2b2 strategy=least_to_most error=ConnectionError(MaxRetryError('HTTPSConnectionPool(host=\'game.agaii.org\', port=443): Max retries exceeded with url: /mllm/v1/chat/completions (Caused by ReadTimeoutError("HTTPSConnectionPool(host=\'game.agaii.org\', port=443): Read timed out. (read timeout=180)"))'))
[ReasonBench] marked_unscorable example_id=cb29bb1e6915d8366ff58783e47c9939d3d30712f2643cd23d6cbecc4210a2b2 strategy=least_to_most error_records=517
[ReasonBench] error example_id=cb29bb1e6915d8366ff58783e47c9939d3d30712f2643cd23d6cbecc4210a2b2 strategy=constraint_decompose error=ConnectionError(MaxRetryError('HTTPSConnectionPool(host=\'game.agaii.org\', port=443): Max retries exceeded with url: /mllm/v1/chat/completions (Caused by ReadTimeoutError("HTTPSConnectionPool(host=\'game.agaii.org\', port=443): Read timed out. (read timeout=180)"))'))
[ReasonBench] marked_unscorable example_id=cb29bb1e6915d8366ff58783e47c9939d3d30712f2643cd23d6cbecc4210a2b2 strategy=constraint_decompose error_records=518
[ReasonBench] error example_id=cb29bb1e6915d8366ff58783e47c9939d3d30712f2643cd23d6cbecc4210a2b2 strategy=self_verify error=ConnectionError(MaxRetryError('HTTPSConnectionPool(host=\'game.agaii.org\', port=443): Max retries exceeded with url: /mllm/v1/chat/completions (Caused by ReadTimeoutError("HTTPSConnectionPool(host=\'game.agaii.org\', port=443): Read timed out. (read timeout=180)"))'))
[ReasonBench] marked_unscorable example_id=cb29bb1e6915d8366ff58783e47c9939d3d30712f2643cd23d6cbecc4210a2b2 strategy=self_verify error_records=519
[ReasonBench] error example_id=cb29bb1e6915d8366ff58783e47c9939d3d30712f2643cd23d6cbecc4210a2b2 strategy=critique_refine error=ConnectionError(MaxRetryError('HTTPSConnectionPool(host=\'game.agaii.org\', port=443): Max retries exceeded with url: /mllm/v1/chat/completions (Caused by ReadTimeoutError("HTTPSConnectionPool(host=\'game.agaii.org\', port=443): Read timed out. (read timeout=180)"))'))
[ReasonBench] marked_unscorable example_id=cb29bb1e6915d8366ff58783e47c9939d3d30712f2643cd23d6cbecc4210a2b2 strategy=critique_refine error_records=520
[ReasonBench] error example_id=cb29bb1e6915d8366ff58783e47c9939d3d30712f2643cd23d6cbecc4210a2b2 strategy=self_consistency error=ConnectionError(MaxRetryError('HTTPSConnectionPool(host=\'game.agaii.org\', port=443): Max retries exceeded with url: /mllm/v1/chat/completions (Caused by ReadTimeoutError("HTTPSConnectionPool(host=\'game.agaii.org\', port=443): Read timed out. (read timeout=180)"))'))
[ReasonBench] marked_unscorable example_id=cb29bb1e6915d8366ff58783e47c9939d3d30712f2643cd23d6cbecc4210a2b2 strategy=self_consistency error_records=521
[ReasonBench] error example_id=cb29bb1e6915d8366ff58783e47c9939d3d30712f2643cd23d6cbecc4210a2b2 strategy=selective_self_consistency error=ConnectionError(MaxRetryError('HTTPSConnectionPool(host=\'game.agaii.org\', port=443): Max retries exceeded with url: /mllm/v1/chat/completions (Caused by ReadTimeoutError("HTTPSConnectionPool(host=\'game.agaii.org\', port=443): Read timed out. (read timeout=180)"))'))
[ReasonBench] marked_unscorable example_id=cb29bb1e6915d8366ff58783e47c9939d3d30712f2643cd23d6cbecc4210a2b2 strategy=selective_self_consistency error_records=522
[ReasonBench] error example_id=cb29bb1e6915d8366ff58783e47c9939d3d30712f2643cd23d6cbecc4210a2b2 strategy=budgeted_cascade error=ConnectionError(MaxRetryError('HTTPSConnectionPool(host=\'game.agaii.org\', port=443): Max retries exceeded with url: /mllm/v1/chat/completions (Caused by ReadTimeoutError("HTTPSConnectionPool(host=\'game.agaii.org\', port=443): Read timed out. (read timeout=180)"))'))
[ReasonBench] marked_unscorable example_id=cb29bb1e6915d8366ff58783e47c9939d3d30712f2643cd23d6cbecc4210a2b2 strategy=budgeted_cascade error_records=523
[ReasonBench] error example_id=cb29bb1e6915d8366ff58783e47c9939d3d30712f2643cd23d6cbecc4210a2b2 strategy=few_shot_exemplar error=ConnectionError(MaxRetryError('HTTPSConnectionPool(host=\'game.agaii.org\', port=443): Max retries exceeded with url: /mllm/v1/chat/completions (Caused by ReadTimeoutError("HTTPSConnectionPool(host=\'game.agaii.org\', port=443): Read timed out. (read timeout=180)"))'))
[ReasonBench] marked_unscorable example_id=cb29bb1e6915d8366ff58783e47c9939d3d30712f2643cd23d6cbecc4210a2b2 strategy=few_shot_exemplar error_records=524
[ReasonBench] error example_id=2e645a9a481f16ce14b5d069b62520852babd3b55383e00a75f675707088fddc strategy=direct error=ConnectionError(MaxRetryError('HTTPSConnectionPool(host=\'game.agaii.org\', port=443): Max retries exceeded with url: /mllm/v1/chat/completions (Caused by ReadTimeoutError("HTTPSConnectionPool(host=\'game.agaii.org\', port=443): Read timed out. (read timeout=180)"))'))
[ReasonBench] marked_unscorable example_id=2e645a9a481f16ce14b5d069b62520852babd3b55383e00a75f675707088fddc strategy=direct error_records=525
[ReasonBench] error example_id=2e645a9a481f16ce14b5d069b62520852babd3b55383e00a75f675707088fddc strategy=concise_cot error=ConnectionError(MaxRetryError('HTTPSConnectionPool(host=\'game.agaii.org\', port=443): Max retries exceeded with url: /mllm/v1/chat/completions (Caused by ReadTimeoutError("HTTPSConnectionPool(host=\'game.agaii.org\', port=443): Read timed out. (read timeout=180)"))'))
[ReasonBench] marked_unscorable example_id=2e645a9a481f16ce14b5d069b62520852babd3b55383e00a75f675707088fddc strategy=concise_cot error_records=526
[ReasonBench] error example_id=2e645a9a481f16ce14b5d069b62520852babd3b55383e00a75f675707088fddc strategy=least_to_most error=ConnectionError(MaxRetryError('HTTPSConnectionPool(host=\'game.agaii.org\', port=443): Max retries exceeded with url: /mllm/v1/chat/completions (Caused by ReadTimeoutError("HTTPSConnectionPool(host=\'game.agaii.org\', port=443): Read timed out. (read timeout=180)"))'))
[ReasonBench] marked_unscorable example_id=2e645a9a481f16ce14b5d069b62520852babd3b55383e00a75f675707088fddc strategy=least_to_most error_records=527
[ReasonBench] error example_id=2e645a9a481f16ce14b5d069b62520852babd3b55383e00a75f675707088fddc strategy=constraint_decompose error=ConnectionError(MaxRetryError('HTTPSConnectionPool(host=\'game.agaii.org\', port=443): Max retries exceeded with url: /mllm/v1/chat/completions (Caused by ReadTimeoutError("HTTPSConnectionPool(host=\'game.agaii.org\', port=443): Read timed out. (read timeout=180)"))'))
[ReasonBench] marked_unscorable example_id=2e645a9a481f16ce14b5d069b62520852babd3b55383e00a75f675707088fddc strategy=constraint_decompose error_records=528
[ReasonBench] error example_id=2e645a9a481f16ce14b5d069b62520852babd3b55383e00a75f675707088fddc strategy=self_verify error=ConnectionError(MaxRetryError('HTTPSConnectionPool(host=\'game.agaii.org\', port=443): Max retries exceeded with url: /mllm/v1/chat/completions (Caused by ReadTimeoutError("HTTPSConnectionPool(host=\'game.agaii.org\', port=443): Read timed out. (read timeout=180)"))'))
[ReasonBench] marked_unscorable example_id=2e645a9a481f16ce14b5d069b62520852babd3b55383e00a75f675707088fddc strategy=self_verify error_records=529
[ReasonBench] error example_id=2e645a9a481f16ce14b5d069b62520852babd3b55383e00a75f675707088fddc strategy=critique_refine error=ConnectionError(MaxRetryError('HTTPSConnectionPool(host=\'game.agaii.org\', port=443): Max retries exceeded with url: /mllm/v1/chat/completions (Caused by ReadTimeoutError("HTTPSConnectionPool(host=\'game.agaii.org\', port=443): Read timed out. (read timeout=180)"))'))
[ReasonBench] marked_unscorable example_id=2e645a9a481f16ce14b5d069b62520852babd3b55383e00a75f675707088fddc strategy=critique_refine error_records=530
[ReasonBench] error example_id=2e645a9a481f16ce14b5d069b62520852babd3b55383e00a75f675707088fddc strategy=self_consistency error=ConnectionError(MaxRetryError('HTTPSConnectionPool(host=\'game.agaii.org\', port=443): Max retries exceeded with url: /mllm/v1/chat/completions (Caused by ReadTimeoutError("HTTPSConnectionPool(host=\'game.agaii.org\', port=443): Read timed out. (read timeout=180)"))'))
[ReasonBench] marked_unscorable example_id=2e645a9a481f16ce14b5d069b62520852babd3b55383e00a75f675707088fddc strategy=self_consistency error_records=531
[ReasonBench] error example_id=2e645a9a481f16ce14b5d069b62520852babd3b55383e00a75f675707088fddc strategy=selective_self_consistency error=ConnectionError(MaxRetryError('HTTPSConnectionPool(host=\'game.agaii.org\', port=443): Max retries exceeded with url: /mllm/v1/chat/completions (Caused by ReadTimeoutError("HTTPSConnectionPool(host=\'game.agaii.org\', port=443): Read timed out. (read timeout=180)"))'))
[ReasonBench] marked_unscorable example_id=2e645a9a481f16ce14b5d069b62520852babd3b55383e00a75f675707088fddc strategy=selective_self_consistency error_records=532
[ReasonBench] error example_id=2e645a9a481f16ce14b5d069b62520852babd3b55383e00a75f675707088fddc strategy=few_shot_exemplar error=ConnectionError(MaxRetryError('HTTPSConnectionPool(host=\'game.agaii.org\', port=443): Max retries exceeded with url: /mllm/v1/chat/completions (Caused by ReadTimeoutError("HTTPSConnectionPool(host=\'game.agaii.org\', port=443): Read timed out. (read timeout=180)"))'))
[ReasonBench] marked_unscorable example_id=2e645a9a481f16ce14b5d069b62520852babd3b55383e00a75f675707088fddc strategy=few_shot_exemplar error_records=533
[ReasonBench] error example_id=539fd06729e1f852302dd51aab15ffa115225362425ef04808cdef88d000d300 strategy=direct error=ConnectionError(MaxRetryError('HTTPSConnectionPool(host=\'game.agaii.org\', port=443): Max retries exceeded with url: /mllm/v1/chat/completions (Caused by ReadTimeoutError("HTTPSConnectionPool(host=\'game.agaii.org\', port=443): Read timed out. (read timeout=180)"))'))
[ReasonBench] marked_unscorable example_id=539fd06729e1f852302dd51aab15ffa115225362425ef04808cdef88d000d300 strategy=direct error_records=534
[ReasonBench] error example_id=539fd06729e1f852302dd51aab15ffa115225362425ef04808cdef88d000d300 strategy=concise_cot error=ConnectionError(MaxRetryError('HTTPSConnectionPool(host=\'game.agaii.org\', port=443): Max retries exceeded with url: /mllm/v1/chat/completions (Caused by ReadTimeoutError("HTTPSConnectionPool(host=\'game.agaii.org\', port=443): Read timed out. (read timeout=180)"))'))
[ReasonBench] marked_unscorable example_id=539fd06729e1f852302dd51aab15ffa115225362425ef04808cdef88d000d300 strategy=concise_cot error_records=535
[ReasonBench] progress total=2132/14360 (14.85%) new=2130/14358 elapsed_s=161999.8
[ReasonBench] error example_id=539fd06729e1f852302dd51aab15ffa115225362425ef04808cdef88d000d300 strategy=least_to_most error=ConnectionError(MaxRetryError('HTTPSConnectionPool(host=\'game.agaii.org\', port=443): Max retries exceeded with url: /mllm/v1/chat/completions (Caused by ReadTimeoutError("HTTPSConnectionPool(host=\'game.agaii.org\', port=443): Read timed out. (read timeout=180)"))'))
[ReasonBench] marked_unscorable example_id=539fd06729e1f852302dd51aab15ffa115225362425ef04808cdef88d000d300 strategy=least_to_most error_records=536
[ReasonBench] error example_id=539fd06729e1f852302dd51aab15ffa115225362425ef04808cdef88d000d300 strategy=constraint_decompose error=ConnectionError(MaxRetryError('HTTPSConnectionPool(host=\'game.agaii.org\', port=443): Max retries exceeded with url: /mllm/v1/chat/completions (Caused by ReadTimeoutError("HTTPSConnectionPool(host=\'game.agaii.org\', port=443): Read timed out. (read timeout=180)"))'))
[ReasonBench] marked_unscorable example_id=539fd06729e1f852302dd51aab15ffa115225362425ef04808cdef88d000d300 strategy=constraint_decompose error_records=537
[ReasonBench] error example_id=539fd06729e1f852302dd51aab15ffa115225362425ef04808cdef88d000d300 strategy=self_verify error=ConnectionError(MaxRetryError('HTTPSConnectionPool(host=\'game.agaii.org\', port=443): Max retries exceeded with url: /mllm/v1/chat/completions (Caused by ReadTimeoutError("HTTPSConnectionPool(host=\'game.agaii.org\', port=443): Read timed out. (read timeout=180)"))'))
[ReasonBench] marked_unscorable example_id=539fd06729e1f852302dd51aab15ffa115225362425ef04808cdef88d000d300 strategy=self_verify error_records=538
[ReasonBench] error example_id=539fd06729e1f852302dd51aab15ffa115225362425ef04808cdef88d000d300 strategy=critique_refine error=ConnectionError(MaxRetryError('HTTPSConnectionPool(host=\'game.agaii.org\', port=443): Max retries exceeded with url: /mllm/v1/chat/completions (Caused by ReadTimeoutError("HTTPSConnectionPool(host=\'game.agaii.org\', port=443): Read timed out. (read timeout=180)"))'))
[ReasonBench] marked_unscorable example_id=539fd06729e1f852302dd51aab15ffa115225362425ef04808cdef88d000d300 strategy=critique_refine error_records=539
[ReasonBench] error example_id=539fd06729e1f852302dd51aab15ffa115225362425ef04808cdef88d000d300 strategy=self_consistency error=ConnectionError(MaxRetryError('HTTPSConnectionPool(host=\'game.agaii.org\', port=443): Max retries exceeded with url: /mllm/v1/chat/completions (Caused by ReadTimeoutError("HTTPSConnectionPool(host=\'game.agaii.org\', port=443): Read timed out. (read timeout=180)"))'))
[ReasonBench] marked_unscorable example_id=539fd06729e1f852302dd51aab15ffa115225362425ef04808cdef88d000d300 strategy=self_consistency error_records=540
[ReasonBench] error example_id=539fd06729e1f852302dd51aab15ffa115225362425ef04808cdef88d000d300 strategy=selective_self_consistency error=ConnectionError(MaxRetryError('HTTPSConnectionPool(host=\'game.agaii.org\', port=443): Max retries exceeded with url: /mllm/v1/chat/completions (Caused by ReadTimeoutError("HTTPSConnectionPool(host=\'game.agaii.org\', port=443): Read timed out. (read timeout=180)"))'))
[ReasonBench] marked_unscorable example_id=539fd06729e1f852302dd51aab15ffa115225362425ef04808cdef88d000d300 strategy=selective_self_consistency error_records=541
[ReasonBench] error example_id=539fd06729e1f852302dd51aab15ffa115225362425ef04808cdef88d000d300 strategy=budgeted_cascade error=ConnectionError(MaxRetryError('HTTPSConnectionPool(host=\'game.agaii.org\', port=443): Max retries exceeded with url: /mllm/v1/chat/completions (Caused by ReadTimeoutError("HTTPSConnectionPool(host=\'game.agaii.org\', port=443): Read timed out. (read timeout=180)"))'))
[ReasonBench] marked_unscorable example_id=539fd06729e1f852302dd51aab15ffa115225362425ef04808cdef88d000d300 strategy=budgeted_cascade error_records=542
[ReasonBench] error example_id=539fd06729e1f852302dd51aab15ffa115225362425ef04808cdef88d000d300 strategy=few_shot_exemplar error=ConnectionError(MaxRetryError('HTTPSConnectionPool(host=\'game.agaii.org\', port=443): Max retries exceeded with url: /mllm/v1/chat/completions (Caused by ReadTimeoutError("HTTPSConnectionPool(host=\'game.agaii.org\', port=443): Read timed out. (read timeout=180)"))'))
[ReasonBench] marked_unscorable example_id=539fd06729e1f852302dd51aab15ffa115225362425ef04808cdef88d000d300 strategy=few_shot_exemplar error_records=543
[ReasonBench] error example_id=a50e16a7dec04c766f864754305d6b28a99fe54602c7c913c525c067c405d279 strategy=direct error=ConnectionError(MaxRetryError('HTTPSConnectionPool(host=\'game.agaii.org\', port=443): Max retries exceeded with url: /mllm/v1/chat/completions (Caused by ReadTimeoutError("HTTPSConnectionPool(host=\'game.agaii.org\', port=443): Read timed out. (read timeout=180)"))'))
[ReasonBench] marked_unscorable example_id=a50e16a7dec04c766f864754305d6b28a99fe54602c7c913c525c067c405d279 strategy=direct error_records=544
[ReasonBench] error example_id=a50e16a7dec04c766f864754305d6b28a99fe54602c7c913c525c067c405d279 strategy=concise_cot error=ConnectionError(MaxRetryError('HTTPSConnectionPool(host=\'game.agaii.org\', port=443): Max retries exceeded with url: /mllm/v1/chat/completions (Caused by ReadTimeoutError("HTTPSConnectionPool(host=\'game.agaii.org\', port=443): Read timed out. (read timeout=180)"))'))
[ReasonBench] marked_unscorable example_id=a50e16a7dec04c766f864754305d6b28a99fe54602c7c913c525c067c405d279 strategy=concise_cot error_records=545
[ReasonBench] error example_id=a50e16a7dec04c766f864754305d6b28a99fe54602c7c913c525c067c405d279 strategy=least_to_most error=ConnectionError(MaxRetryError('HTTPSConnectionPool(host=\'game.agaii.org\', port=443): Max retries exceeded with url: /mllm/v1/chat/completions (Caused by ReadTimeoutError("HTTPSConnectionPool(host=\'game.agaii.org\', port=443): Read timed out. (read timeout=180)"))'))
[ReasonBench] marked_unscorable example_id=a50e16a7dec04c766f864754305d6b28a99fe54602c7c913c525c067c405d279 strategy=least_to_most error_records=546
[ReasonBench] error example_id=a50e16a7dec04c766f864754305d6b28a99fe54602c7c913c525c067c405d279 strategy=constraint_decompose error=ConnectionError(MaxRetryError('HTTPSConnectionPool(host=\'game.agaii.org\', port=443): Max retries exceeded with url: /mllm/v1/chat/completions (Caused by ReadTimeoutError("HTTPSConnectionPool(host=\'game.agaii.org\', port=443): Read timed out. (read timeout=180)"))'))
[ReasonBench] marked_unscorable example_id=a50e16a7dec04c766f864754305d6b28a99fe54602c7c913c525c067c405d279 strategy=constraint_decompose error_records=547
[ReasonBench] error example_id=a50e16a7dec04c766f864754305d6b28a99fe54602c7c913c525c067c405d279 strategy=self_verify error=ConnectionError(MaxRetryError('HTTPSConnectionPool(host=\'game.agaii.org\', port=443): Max retries exceeded with url: /mllm/v1/chat/completions (Caused by ReadTimeoutError("HTTPSConnectionPool(host=\'game.agaii.org\', port=443): Read timed out. (read timeout=180)"))'))
[ReasonBench] marked_unscorable example_id=a50e16a7dec04c766f864754305d6b28a99fe54602c7c913c525c067c405d279 strategy=self_verify error_records=548
[ReasonBench] error example_id=a50e16a7dec04c766f864754305d6b28a99fe54602c7c913c525c067c405d279 strategy=critique_refine error=ConnectionError(MaxRetryError('HTTPSConnectionPool(host=\'game.agaii.org\', port=443): Max retries exceeded with url: /mllm/v1/chat/completions (Caused by ReadTimeoutError("HTTPSConnectionPool(host=\'game.agaii.org\', port=443): Read timed out. (read timeout=180)"))'))
[ReasonBench] marked_unscorable example_id=a50e16a7dec04c766f864754305d6b28a99fe54602c7c913c525c067c405d279 strategy=critique_refine error_records=549
[ReasonBench] error example_id=a50e16a7dec04c766f864754305d6b28a99fe54602c7c913c525c067c405d279 strategy=self_consistency error=ConnectionError(MaxRetryError('HTTPSConnectionPool(host=\'game.agaii.org\', port=443): Max retries exceeded with url: /mllm/v1/chat/completions (Caused by ReadTimeoutError("HTTPSConnectionPool(host=\'game.agaii.org\', port=443): Read timed out. (read timeout=180)"))'))
[ReasonBench] marked_unscorable example_id=a50e16a7dec04c766f864754305d6b28a99fe54602c7c913c525c067c405d279 strategy=self_consistency error_records=550
[ReasonBench] error example_id=a50e16a7dec04c766f864754305d6b28a99fe54602c7c913c525c067c405d279 strategy=selective_self_consistency error=ConnectionError(MaxRetryError('HTTPSConnectionPool(host=\'game.agaii.org\', port=443): Max retries exceeded with url: /mllm/v1/chat/completions (Caused by ReadTimeoutError("HTTPSConnectionPool(host=\'game.agaii.org\', port=443): Read timed out. (read timeout=180)"))'))
[ReasonBench] marked_unscorable example_id=a50e16a7dec04c766f864754305d6b28a99fe54602c7c913c525c067c405d279 strategy=selective_self_consistency error_records=551
[ReasonBench] error example_id=a50e16a7dec04c766f864754305d6b28a99fe54602c7c913c525c067c405d279 strategy=budgeted_cascade error=ConnectionError(MaxRetryError('HTTPSConnectionPool(host=\'game.agaii.org\', port=443): Max retries exceeded with url: /mllm/v1/chat/completions (Caused by ReadTimeoutError("HTTPSConnectionPool(host=\'game.agaii.org\', port=443): Read timed out. (read timeout=180)"))'))
[ReasonBench] marked_unscorable example_id=a50e16a7dec04c766f864754305d6b28a99fe54602c7c913c525c067c405d279 strategy=budgeted_cascade error_records=552
[ReasonBench] error example_id=a50e16a7dec04c766f864754305d6b28a99fe54602c7c913c525c067c405d279 strategy=few_shot_exemplar error=ConnectionError(MaxRetryError('HTTPSConnectionPool(host=\'game.agaii.org\', port=443): Max retries exceeded with url: /mllm/v1/chat/completions (Caused by ReadTimeoutError("HTTPSConnectionPool(host=\'game.agaii.org\', port=443): Read timed out. (read timeout=180)"))'))
[ReasonBench] marked_unscorable example_id=a50e16a7dec04c766f864754305d6b28a99fe54602c7c913c525c067c405d279 strategy=few_shot_exemplar error_records=553
[ReasonBench] error example_id=75fca1a433c6e663241c1941e6034cd7625cd4b5981159c7f4ad74703df98b53 strategy=direct error=ConnectionError(MaxRetryError('HTTPSConnectionPool(host=\'game.agaii.org\', port=443): Max retries exceeded with url: /mllm/v1/chat/completions (Caused by ReadTimeoutError("HTTPSConnectionPool(host=\'game.agaii.org\', port=443): Read timed out. (read timeout=180)"))'))
[ReasonBench] marked_unscorable example_id=75fca1a433c6e663241c1941e6034cd7625cd4b5981159c7f4ad74703df98b53 strategy=direct error_records=554
[ReasonBench] error example_id=75fca1a433c6e663241c1941e6034cd7625cd4b5981159c7f4ad74703df98b53 strategy=concise_cot error=ConnectionError(MaxRetryError('HTTPSConnectionPool(host=\'game.agaii.org\', port=443): Max retries exceeded with url: /mllm/v1/chat/completions (Caused by ReadTimeoutError("HTTPSConnectionPool(host=\'game.agaii.org\', port=443): Read timed out. (read timeout=180)"))'))
[ReasonBench] marked_unscorable example_id=75fca1a433c6e663241c1941e6034cd7625cd4b5981159c7f4ad74703df98b53 strategy=concise_cot error_records=555
[ReasonBench] error example_id=75fca1a433c6e663241c1941e6034cd7625cd4b5981159c7f4ad74703df98b53 strategy=least_to_most error=ConnectionError(MaxRetryError('HTTPSConnectionPool(host=\'game.agaii.org\', port=443): Max retries exceeded with url: /mllm/v1/chat/completions (Caused by ReadTimeoutError("HTTPSConnectionPool(host=\'game.agaii.org\', port=443): Read timed out. (read timeout=180)"))'))
[ReasonBench] marked_unscorable example_id=75fca1a433c6e663241c1941e6034cd7625cd4b5981159c7f4ad74703df98b53 strategy=least_to_most error_records=556
[ReasonBench] error example_id=75fca1a433c6e663241c1941e6034cd7625cd4b5981159c7f4ad74703df98b53 strategy=constraint_decompose error=ConnectionError(MaxRetryError('HTTPSConnectionPool(host=\'game.agaii.org\', port=443): Max retries exceeded with url: /mllm/v1/chat/completions (Caused by ReadTimeoutError("HTTPSConnectionPool(host=\'game.agaii.org\', port=443): Read timed out. (read timeout=180)"))'))
[ReasonBench] marked_unscorable example_id=75fca1a433c6e663241c1941e6034cd7625cd4b5981159c7f4ad74703df98b53 strategy=constraint_decompose error_records=557
[ReasonBench] error example_id=75fca1a433c6e663241c1941e6034cd7625cd4b5981159c7f4ad74703df98b53 strategy=self_verify error=ConnectionError(MaxRetryError('HTTPSConnectionPool(host=\'game.agaii.org\', port=443): Max retries exceeded with url: /mllm/v1/chat/completions (Caused by ReadTimeoutError("HTTPSConnectionPool(host=\'game.agaii.org\', port=443): Read timed out. (read timeout=180)"))'))
[ReasonBench] marked_unscorable example_id=75fca1a433c6e663241c1941e6034cd7625cd4b5981159c7f4ad74703df98b53 strategy=self_verify error_records=558
[ReasonBench] error example_id=75fca1a433c6e663241c1941e6034cd7625cd4b5981159c7f4ad74703df98b53 strategy=critique_refine error=ConnectionError(MaxRetryError('HTTPSConnectionPool(host=\'game.agaii.org\', port=443): Max retries exceeded with url: /mllm/v1/chat/completions (Caused by ReadTimeoutError("HTTPSConnectionPool(host=\'game.agaii.org\', port=443): Read timed out. (read timeout=180)"))'))
[ReasonBench] marked_unscorable example_id=75fca1a433c6e663241c1941e6034cd7625cd4b5981159c7f4ad74703df98b53 strategy=critique_refine error_records=559
[ReasonBench] error example_id=75fca1a433c6e663241c1941e6034cd7625cd4b5981159c7f4ad74703df98b53 strategy=self_consistency error=ConnectionError(MaxRetryError('HTTPSConnectionPool(host=\'game.agaii.org\', port=443): Max retries exceeded with url: /mllm/v1/chat/completions (Caused by ReadTimeoutError("HTTPSConnectionPool(host=\'game.agaii.org\', port=443): Read timed out. (read timeout=180)"))'))
[ReasonBench] marked_unscorable example_id=75fca1a433c6e663241c1941e6034cd7625cd4b5981159c7f4ad74703df98b53 strategy=self_consistency error_records=560
[ReasonBench] error example_id=75fca1a433c6e663241c1941e6034cd7625cd4b5981159c7f4ad74703df98b53 strategy=selective_self_consistency error=ConnectionError(MaxRetryError('HTTPSConnectionPool(host=\'game.agaii.org\', port=443): Max retries exceeded with url: /mllm/v1/chat/completions (Caused by ReadTimeoutError("HTTPSConnectionPool(host=\'game.agaii.org\', port=443): Read timed out. (read timeout=180)"))'))
[ReasonBench] marked_unscorable example_id=75fca1a433c6e663241c1941e6034cd7625cd4b5981159c7f4ad74703df98b53 strategy=selective_self_consistency error_records=561
[ReasonBench] error example_id=75fca1a433c6e663241c1941e6034cd7625cd4b5981159c7f4ad74703df98b53 strategy=budgeted_cascade error=ConnectionError(MaxRetryError('HTTPSConnectionPool(host=\'game.agaii.org\', port=443): Max retries exceeded with url: /mllm/v1/chat/completions (Caused by ReadTimeoutError("HTTPSConnectionPool(host=\'game.agaii.org\', port=443): Read timed out. (read timeout=180)"))'))
[ReasonBench] marked_unscorable example_id=75fca1a433c6e663241c1941e6034cd7625cd4b5981159c7f4ad74703df98b53 strategy=budgeted_cascade error_records=562
[ReasonBench] error example_id=75fca1a433c6e663241c1941e6034cd7625cd4b5981159c7f4ad74703df98b53 strategy=few_shot_exemplar error=ConnectionError(MaxRetryError('HTTPSConnectionPool(host=\'game.agaii.org\', port=443): Max retries exceeded with url: /mllm/v1/chat/completions (Caused by ReadTimeoutError("HTTPSConnectionPool(host=\'game.agaii.org\', port=443): Read timed out. (read timeout=180)"))'))
[ReasonBench] marked_unscorable example_id=75fca1a433c6e663241c1941e6034cd7625cd4b5981159c7f4ad74703df98b53 strategy=few_shot_exemplar error_records=563
[ReasonBench] error example_id=140b7ab87b7be33e80fff3cfc052077d34cc51b5038c1c390cfb9780ad948c04 strategy=direct error=ConnectionError(MaxRetryError('HTTPSConnectionPool(host=\'game.agaii.org\', port=443): Max retries exceeded with url: /mllm/v1/chat/completions (Caused by ReadTimeoutError("HTTPSConnectionPool(host=\'game.agaii.org\', port=443): Read timed out. (read timeout=180)"))'))
[ReasonBench] marked_unscorable example_id=140b7ab87b7be33e80fff3cfc052077d34cc51b5038c1c390cfb9780ad948c04 strategy=direct error_records=564
[ReasonBench] error example_id=140b7ab87b7be33e80fff3cfc052077d34cc51b5038c1c390cfb9780ad948c04 strategy=concise_cot error=ConnectionError(MaxRetryError('HTTPSConnectionPool(host=\'game.agaii.org\', port=443): Max retries exceeded with url: /mllm/v1/chat/completions (Caused by ReadTimeoutError("HTTPSConnectionPool(host=\'game.agaii.org\', port=443): Read timed out. (read timeout=180)"))'))
[ReasonBench] marked_unscorable example_id=140b7ab87b7be33e80fff3cfc052077d34cc51b5038c1c390cfb9780ad948c04 strategy=concise_cot error_records=565
[ReasonBench] error example_id=140b7ab87b7be33e80fff3cfc052077d34cc51b5038c1c390cfb9780ad948c04 strategy=least_to_most error=ConnectionError(MaxRetryError('HTTPSConnectionPool(host=\'game.agaii.org\', port=443): Max retries exceeded with url: /mllm/v1/chat/completions (Caused by ReadTimeoutError("HTTPSConnectionPool(host=\'game.agaii.org\', port=443): Read timed out. (read timeout=180)"))'))
[ReasonBench] marked_unscorable example_id=140b7ab87b7be33e80fff3cfc052077d34cc51b5038c1c390cfb9780ad948c04 strategy=least_to_most error_records=566
[ReasonBench] error example_id=140b7ab87b7be33e80fff3cfc052077d34cc51b5038c1c390cfb9780ad948c04 strategy=constraint_decompose error=ConnectionError(MaxRetryError('HTTPSConnectionPool(host=\'game.agaii.org\', port=443): Max retries exceeded with url: /mllm/v1/chat/completions (Caused by ReadTimeoutError("HTTPSConnectionPool(host=\'game.agaii.org\', port=443): Read timed out. (read timeout=180)"))'))
[ReasonBench] marked_unscorable example_id=140b7ab87b7be33e80fff3cfc052077d34cc51b5038c1c390cfb9780ad948c04 strategy=constraint_decompose error_records=567
[ReasonBench] error example_id=140b7ab87b7be33e80fff3cfc052077d34cc51b5038c1c390cfb9780ad948c04 strategy=self_verify error=ConnectionError(MaxRetryError('HTTPSConnectionPool(host=\'game.agaii.org\', port=443): Max retries exceeded with url: /mllm/v1/chat/completions (Caused by ReadTimeoutError("HTTPSConnectionPool(host=\'game.agaii.org\', port=443): Read timed out. (read timeout=180)"))'))
[ReasonBench] marked_unscorable example_id=140b7ab87b7be33e80fff3cfc052077d34cc51b5038c1c390cfb9780ad948c04 strategy=self_verify error_records=568
[ReasonBench] error example_id=140b7ab87b7be33e80fff3cfc052077d34cc51b5038c1c390cfb9780ad948c04 strategy=critique_refine error=ConnectionError(MaxRetryError('HTTPSConnectionPool(host=\'game.agaii.org\', port=443): Max retries exceeded with url: /mllm/v1/chat/completions (Caused by ReadTimeoutError("HTTPSConnectionPool(host=\'game.agaii.org\', port=443): Read timed out. (read timeout=180)"))'))
[ReasonBench] marked_unscorable example_id=140b7ab87b7be33e80fff3cfc052077d34cc51b5038c1c390cfb9780ad948c04 strategy=critique_refine error_records=569
[ReasonBench] error example_id=140b7ab87b7be33e80fff3cfc052077d34cc51b5038c1c390cfb9780ad948c04 strategy=self_consistency error=ConnectionError(MaxRetryError('HTTPSConnectionPool(host=\'game.agaii.org\', port=443): Max retries exceeded with url: /mllm/v1/chat/completions (Caused by ReadTimeoutError("HTTPSConnectionPool(host=\'game.agaii.org\', port=443): Read timed out. (read timeout=180)"))'))
[ReasonBench] marked_unscorable example_id=140b7ab87b7be33e80fff3cfc052077d34cc51b5038c1c390cfb9780ad948c04 strategy=self_consistency error_records=570
[ReasonBench] error example_id=140b7ab87b7be33e80fff3cfc052077d34cc51b5038c1c390cfb9780ad948c04 strategy=selective_self_consistency error=ConnectionError(MaxRetryError('HTTPSConnectionPool(host=\'game.agaii.org\', port=443): Max retries exceeded with url: /mllm/v1/chat/completions (Caused by ReadTimeoutError("HTTPSConnectionPool(host=\'game.agaii.org\', port=443): Read timed out. (read timeout=180)"))'))
[ReasonBench] marked_unscorable example_id=140b7ab87b7be33e80fff3cfc052077d34cc51b5038c1c390cfb9780ad948c04 strategy=selective_self_consistency error_records=571
[ReasonBench] error example_id=140b7ab87b7be33e80fff3cfc052077d34cc51b5038c1c390cfb9780ad948c04 strategy=budgeted_cascade error=ConnectionError(MaxRetryError('HTTPSConnectionPool(host=\'game.agaii.org\', port=443): Max retries exceeded with url: /mllm/v1/chat/completions (Caused by ReadTimeoutError("HTTPSConnectionPool(host=\'game.agaii.org\', port=443): Read timed out. (read timeout=180)"))'))
[ReasonBench] marked_unscorable example_id=140b7ab87b7be33e80fff3cfc052077d34cc51b5038c1c390cfb9780ad948c04 strategy=budgeted_cascade error_records=572
[ReasonBench] error example_id=140b7ab87b7be33e80fff3cfc052077d34cc51b5038c1c390cfb9780ad948c04 strategy=few_shot_exemplar error=ConnectionError(MaxRetryError('HTTPSConnectionPool(host=\'game.agaii.org\', port=443): Max retries exceeded with url: /mllm/v1/chat/completions (Caused by ReadTimeoutError("HTTPSConnectionPool(host=\'game.agaii.org\', port=443): Read timed out. (read timeout=180)"))'))
[ReasonBench] marked_unscorable example_id=140b7ab87b7be33e80fff3cfc052077d34cc51b5038c1c390cfb9780ad948c04 strategy=few_shot_exemplar error_records=573
[ReasonBench] error example_id=5063b77b06647a10818a76a2feda884741860ca4ef5816ae4580babafea11fb0 strategy=direct error=ConnectionError(MaxRetryError('HTTPSConnectionPool(host=\'game.agaii.org\', port=443): Max retries exceeded with url: /mllm/v1/chat/completions (Caused by ReadTimeoutError("HTTPSConnectionPool(host=\'game.agaii.org\', port=443): Read timed out. (read timeout=180)"))'))
[ReasonBench] marked_unscorable example_id=5063b77b06647a10818a76a2feda884741860ca4ef5816ae4580babafea11fb0 strategy=direct error_records=574
[ReasonBench] error example_id=5063b77b06647a10818a76a2feda884741860ca4ef5816ae4580babafea11fb0 strategy=concise_cot error=ConnectTimeout(MaxRetryError("HTTPSConnectionPool(host='game.agaii.org', port=443): Max retries exceeded with url: /mllm/v1/chat/completions (Caused by ConnectTimeoutError(<urllib3.connection.HTTPSConnection object at 0x709929e223c0>, 'Connection to game.agaii.org timed out. (connect timeout=180)'))"))
[ReasonBench] marked_unscorable example_id=5063b77b06647a10818a76a2feda884741860ca4ef5816ae4580babafea11fb0 strategy=concise_cot error_records=575
[ReasonBench] error example_id=5063b77b06647a10818a76a2feda884741860ca4ef5816ae4580babafea11fb0 strategy=constraint_decompose error=ConnectionError(MaxRetryError("HTTPSConnectionPool(host='game.agaii.org', port=443): Max retries exceeded with url: /mllm/v1/chat/completions (Caused by NewConnectionError('<urllib3.connection.HTTPSConnection object at 0x709929e23380>: Failed to establish a new connection: [Errno 113] No route to host'))"))
[ReasonBench] marked_unscorable example_id=5063b77b06647a10818a76a2feda884741860ca4ef5816ae4580babafea11fb0 strategy=constraint_decompose error_records=576
[ReasonBench] error example_id=5063b77b06647a10818a76a2feda884741860ca4ef5816ae4580babafea11fb0 strategy=least_to_most error=ConnectTimeout(MaxRetryError("HTTPSConnectionPool(host='game.agaii.org', port=443): Max retries exceeded with url: /mllm/v1/chat/completions (Caused by ConnectTimeoutError(<urllib3.connection.HTTPSConnection object at 0x709929e227e0>, 'Connection to game.agaii.org timed out. (connect timeout=180)'))"))
[ReasonBench] marked_unscorable example_id=5063b77b06647a10818a76a2feda884741860ca4ef5816ae4580babafea11fb0 strategy=least_to_most error_records=577
[ReasonBench] error example_id=5063b77b06647a10818a76a2feda884741860ca4ef5816ae4580babafea11fb0 strategy=critique_refine error=ConnectionError(MaxRetryError("HTTPSConnectionPool(host='game.agaii.org', port=443): Max retries exceeded with url: /mllm/v1/chat/completions (Caused by NewConnectionError('<urllib3.connection.HTTPSConnection object at 0x709929e605c0>: Failed to establish a new connection: [Errno 113] No route to host'))"))
[ReasonBench] marked_unscorable example_id=5063b77b06647a10818a76a2feda884741860ca4ef5816ae4580babafea11fb0 strategy=critique_refine error_records=578
[ReasonBench] error example_id=5063b77b06647a10818a76a2feda884741860ca4ef5816ae4580babafea11fb0 strategy=selective_self_consistency error=ConnectionError(MaxRetryError("HTTPSConnectionPool(host='game.agaii.org', port=443): Max retries exceeded with url: /mllm/v1/chat/completions (Caused by NewConnectionError('<urllib3.connection.HTTPSConnection object at 0x709929e613d0>: Failed to establish a new connection: [Errno 113] No route to host'))"))
[ReasonBench] marked_unscorable example_id=5063b77b06647a10818a76a2feda884741860ca4ef5816ae4580babafea11fb0 strategy=selective_self_consistency error_records=579
[ReasonBench] error example_id=5063b77b06647a10818a76a2feda884741860ca4ef5816ae4580babafea11fb0 strategy=self_verify error=ConnectionError(MaxRetryError("HTTPSConnectionPool(host='game.agaii.org', port=443): Max retries exceeded with url: /mllm/v1/chat/completions (Caused by NewConnectionError('<urllib3.connection.HTTPSConnection object at 0x709929e61cd0>: Failed to establish a new connection: [Errno 113] No route to host'))"))
[ReasonBench] marked_unscorable example_id=5063b77b06647a10818a76a2feda884741860ca4ef5816ae4580babafea11fb0 strategy=self_verify error_records=580
[ReasonBench] error example_id=5063b77b06647a10818a76a2feda884741860ca4ef5816ae4580babafea11fb0 strategy=few_shot_exemplar error=ConnectionError(MaxRetryError("HTTPSConnectionPool(host='game.agaii.org', port=443): Max retries exceeded with url: /mllm/v1/chat/completions (Caused by NewConnectionError('<urllib3.connection.HTTPSConnection object at 0x709929e62a80>: Failed to establish a new connection: [Errno 113] No route to host'))"))
[ReasonBench] marked_unscorable example_id=5063b77b06647a10818a76a2feda884741860ca4ef5816ae4580babafea11fb0 strategy=few_shot_exemplar error_records=581
[ReasonBench] error example_id=5063b77b06647a10818a76a2feda884741860ca4ef5816ae4580babafea11fb0 strategy=self_consistency error=ConnectionError(MaxRetryError("HTTPSConnectionPool(host='game.agaii.org', port=443): Max retries exceeded with url: /mllm/v1/chat/completions (Caused by NewConnectionError('<urllib3.connection.HTTPSConnection object at 0x709929e63410>: Failed to establish a new connection: [Errno 113] No route to host'))"))
[ReasonBench] marked_unscorable example_id=5063b77b06647a10818a76a2feda884741860ca4ef5816ae4580babafea11fb0 strategy=self_consistency error_records=582
[ReasonBench] error example_id=5063b77b06647a10818a76a2feda884741860ca4ef5816ae4580babafea11fb0 strategy=budgeted_cascade error=ConnectionError(MaxRetryError("HTTPSConnectionPool(host='game.agaii.org', port=443): Max retries exceeded with url: /mllm/v1/chat/completions (Caused by NewConnectionError('<urllib3.connection.HTTPSConnection object at 0x709929e9c2f0>: Failed to establish a new connection: [Errno 113] No route to host'))"))
[ReasonBench] marked_unscorable example_id=5063b77b06647a10818a76a2feda884741860ca4ef5816ae4580babafea11fb0 strategy=budgeted_cascade error_records=583
[ReasonBench] error example_id=ac146c48d703160bded02521568583372fc6b10bdbd98f36f57fcff7d0790d10 strategy=direct error=ConnectionError(MaxRetryError("HTTPSConnectionPool(host='game.agaii.org', port=443): Max retries exceeded with url: /mllm/v1/chat/completions (Caused by NewConnectionError('<urllib3.connection.HTTPSConnection object at 0x709929e9cd10>: Failed to establish a new connection: [Errno 113] No route to host'))"))
[ReasonBench] marked_unscorable example_id=ac146c48d703160bded02521568583372fc6b10bdbd98f36f57fcff7d0790d10 strategy=direct error_records=584
[ReasonBench] error example_id=ac146c48d703160bded02521568583372fc6b10bdbd98f36f57fcff7d0790d10 strategy=concise_cot error=ConnectTimeout(MaxRetryError("HTTPSConnectionPool(host='game.agaii.org', port=443): Max retries exceeded with url: /mllm/v1/chat/completions (Caused by ConnectTimeoutError(<urllib3.connection.HTTPSConnection object at 0x709929e63f20>, 'Connection to game.agaii.org timed out. (connect timeout=180)'))"))
[ReasonBench] marked_unscorable example_id=ac146c48d703160bded02521568583372fc6b10bdbd98f36f57fcff7d0790d10 strategy=concise_cot error_records=585
[ReasonBench] error example_id=ac146c48d703160bded02521568583372fc6b10bdbd98f36f57fcff7d0790d10 strategy=self_verify error=ConnectionError(MaxRetryError("HTTPSConnectionPool(host='game.agaii.org', port=443): Max retries exceeded with url: /mllm/v1/chat/completions (Caused by NewConnectionError('<urllib3.connection.HTTPSConnection object at 0x709929e9e5a0>: Failed to establish a new connection: [Errno 113] No route to host'))"))
[ReasonBench] marked_unscorable example_id=ac146c48d703160bded02521568583372fc6b10bdbd98f36f57fcff7d0790d10 strategy=self_verify error_records=586
[ReasonBench] error example_id=ac146c48d703160bded02521568583372fc6b10bdbd98f36f57fcff7d0790d10 strategy=least_to_most error=ConnectTimeout(MaxRetryError("HTTPSConnectionPool(host='game.agaii.org', port=443): Max retries exceeded with url: /mllm/v1/chat/completions (Caused by ConnectTimeoutError(<urllib3.connection.HTTPSConnection object at 0x709929e9cef0>, 'Connection to game.agaii.org timed out. (connect timeout=180)'))"))
[ReasonBench] marked_unscorable example_id=ac146c48d703160bded02521568583372fc6b10bdbd98f36f57fcff7d0790d10 strategy=least_to_most error_records=587
[ReasonBench] error example_id=ac146c48d703160bded02521568583372fc6b10bdbd98f36f57fcff7d0790d10 strategy=critique_refine error=ConnectionError(MaxRetryError("HTTPSConnectionPool(host='game.agaii.org', port=443): Max retries exceeded with url: /mllm/v1/chat/completions (Caused by NewConnectionError('<urllib3.connection.HTTPSConnection object at 0x709929e9f7a0>: Failed to establish a new connection: [Errno 113] No route to host'))"))
[ReasonBench] marked_unscorable example_id=ac146c48d703160bded02521568583372fc6b10bdbd98f36f57fcff7d0790d10 strategy=critique_refine error_records=588
[ReasonBench] error example_id=ac146c48d703160bded02521568583372fc6b10bdbd98f36f57fcff7d0790d10 strategy=constraint_decompose error=ConnectTimeout(MaxRetryError("HTTPSConnectionPool(host='game.agaii.org', port=443): Max retries exceeded with url: /mllm/v1/chat/completions (Caused by ConnectTimeoutError(<urllib3.connection.HTTPSConnection object at 0x709929e9e3c0>, 'Connection to game.agaii.org timed out. (connect timeout=180)'))"))
[ReasonBench] marked_unscorable example_id=ac146c48d703160bded02521568583372fc6b10bdbd98f36f57fcff7d0790d10 strategy=constraint_decompose error_records=589
[ReasonBench] error example_id=ac146c48d703160bded02521568583372fc6b10bdbd98f36f57fcff7d0790d10 strategy=self_consistency error=ConnectionError(MaxRetryError("HTTPSConnectionPool(host='game.agaii.org', port=443): Max retries exceeded with url: /mllm/v1/chat/completions (Caused by NewConnectionError('<urllib3.connection.HTTPSConnection object at 0x709929ee1040>: Failed to establish a new connection: [Errno 113] No route to host'))"))
[ReasonBench] marked_unscorable example_id=ac146c48d703160bded02521568583372fc6b10bdbd98f36f57fcff7d0790d10 strategy=self_consistency error_records=590
[ReasonBench] error example_id=ac146c48d703160bded02521568583372fc6b10bdbd98f36f57fcff7d0790d10 strategy=few_shot_exemplar error=ConnectionError(MaxRetryError("HTTPSConnectionPool(host='game.agaii.org', port=443): Max retries exceeded with url: /mllm/v1/chat/completions (Caused by NewConnectionError('<urllib3.connection.HTTPSConnection object at 0x709929ee1bb0>: Failed to establish a new connection: [Errno 113] No route to host'))"))
[ReasonBench] marked_unscorable example_id=ac146c48d703160bded02521568583372fc6b10bdbd98f36f57fcff7d0790d10 strategy=few_shot_exemplar error_records=591
[ReasonBench] error example_id=ac146c48d703160bded02521568583372fc6b10bdbd98f36f57fcff7d0790d10 strategy=selective_self_consistency error=ConnectTimeout(MaxRetryError("HTTPSConnectionPool(host='game.agaii.org', port=443): Max retries exceeded with url: /mllm/v1/chat/completions (Caused by ConnectTimeoutError(<urllib3.connection.HTTPSConnection object at 0x709929ee0350>, 'Connection to game.agaii.org timed out. (connect timeout=180)'))"))
[ReasonBench] marked_unscorable example_id=ac146c48d703160bded02521568583372fc6b10bdbd98f36f57fcff7d0790d10 strategy=selective_self_consistency error_records=592
[ReasonBench] error example_id=10047d040ef1e563f1db3278979d56d1182617b3484c63ed53a388a0d006a7e4 strategy=direct error=ConnectionError(MaxRetryError("HTTPSConnectionPool(host='game.agaii.org', port=443): Max retries exceeded with url: /mllm/v1/chat/completions (Caused by NewConnectionError('<urllib3.connection.HTTPSConnection object at 0x709929ee2600>: Failed to establish a new connection: [Errno 113] No route to host'))"))
[ReasonBench] marked_unscorable example_id=10047d040ef1e563f1db3278979d56d1182617b3484c63ed53a388a0d006a7e4 strategy=direct error_records=593
[ReasonBench] error example_id=10047d040ef1e563f1db3278979d56d1182617b3484c63ed53a388a0d006a7e4 strategy=concise_cot error=ConnectionError(MaxRetryError("HTTPSConnectionPool(host='game.agaii.org', port=443): Max retries exceeded with url: /mllm/v1/chat/completions (Caused by NewConnectionError('<urllib3.connection.HTTPSConnection object at 0x709929ee3b60>: Failed to establish a new connection: [Errno 113] No route to host'))"))
[ReasonBench] marked_unscorable example_id=10047d040ef1e563f1db3278979d56d1182617b3484c63ed53a388a0d006a7e4 strategy=concise_cot error_records=594
[ReasonBench] error example_id=ac146c48d703160bded02521568583372fc6b10bdbd98f36f57fcff7d0790d10 strategy=budgeted_cascade error=ConnectTimeout(MaxRetryError("HTTPSConnectionPool(host='game.agaii.org', port=443): Max retries exceeded with url: /mllm/v1/chat/completions (Caused by ConnectTimeoutError(<urllib3.connection.HTTPSConnection object at 0x709929ee0ce0>, 'Connection to game.agaii.org timed out. (connect timeout=180)'))"))
[ReasonBench] marked_unscorable example_id=ac146c48d703160bded02521568583372fc6b10bdbd98f36f57fcff7d0790d10 strategy=budgeted_cascade error_records=595
[ReasonBench] error example_id=10047d040ef1e563f1db3278979d56d1182617b3484c63ed53a388a0d006a7e4 strategy=constraint_decompose error=ConnectionError(MaxRetryError("HTTPSConnectionPool(host='game.agaii.org', port=443): Max retries exceeded with url: /mllm/v1/chat/completions (Caused by NewConnectionError('<urllib3.connection.HTTPSConnection object at 0x709929d0ccb0>: Failed to establish a new connection: [Errno 113] No route to host'))"))
[ReasonBench] marked_unscorable example_id=10047d040ef1e563f1db3278979d56d1182617b3484c63ed53a388a0d006a7e4 strategy=constraint_decompose error_records=596
[ReasonBench] error example_id=10047d040ef1e563f1db3278979d56d1182617b3484c63ed53a388a0d006a7e4 strategy=critique_refine error=ConnectionError(MaxRetryError("HTTPSConnectionPool(host='game.agaii.org', port=443): Max retries exceeded with url: /mllm/v1/chat/completions (Caused by NewConnectionError('<urllib3.connection.HTTPSConnection object at 0x709929d0d820>: Failed to establish a new connection: [Errno 113] No route to host'))"))
[ReasonBench] marked_unscorable example_id=10047d040ef1e563f1db3278979d56d1182617b3484c63ed53a388a0d006a7e4 strategy=critique_refine error_records=597
[ReasonBench] error example_id=10047d040ef1e563f1db3278979d56d1182617b3484c63ed53a388a0d006a7e4 strategy=least_to_most error=ConnectTimeout(MaxRetryError("HTTPSConnectionPool(host='game.agaii.org', port=443): Max retries exceeded with url: /mllm/v1/chat/completions (Caused by ConnectTimeoutError(<urllib3.connection.HTTPSConnection object at 0x709929ee3ad0>, 'Connection to game.agaii.org timed out. (connect timeout=180)'))"))
[ReasonBench] marked_unscorable example_id=10047d040ef1e563f1db3278979d56d1182617b3484c63ed53a388a0d006a7e4 strategy=least_to_most error_records=598
[ReasonBench] error example_id=10047d040ef1e563f1db3278979d56d1182617b3484c63ed53a388a0d006a7e4 strategy=self_consistency error=ConnectionError(MaxRetryError("HTTPSConnectionPool(host='game.agaii.org', port=443): Max retries exceeded with url: /mllm/v1/chat/completions (Caused by NewConnectionError('<urllib3.connection.HTTPSConnection object at 0x709929d0e9f0>: Failed to establish a new connection: [Errno 113] No route to host'))"))
[ReasonBench] marked_unscorable example_id=10047d040ef1e563f1db3278979d56d1182617b3484c63ed53a388a0d006a7e4 strategy=self_consistency error_records=599
[ReasonBench] error example_id=10047d040ef1e563f1db3278979d56d1182617b3484c63ed53a388a0d006a7e4 strategy=selective_self_consistency error=ConnectionError(MaxRetryError("HTTPSConnectionPool(host='game.agaii.org', port=443): Max retries exceeded with url: /mllm/v1/chat/completions (Caused by NewConnectionError('<urllib3.connection.HTTPSConnection object at 0x709929d0f2c0>: Failed to establish a new connection: [Errno 113] No route to host'))"))
[ReasonBench] marked_unscorable example_id=10047d040ef1e563f1db3278979d56d1182617b3484c63ed53a388a0d006a7e4 strategy=selective_self_consistency error_records=600
[ReasonBench] error example_id=10047d040ef1e563f1db3278979d56d1182617b3484c63ed53a388a0d006a7e4 strategy=few_shot_exemplar error=ConnectionError(MaxRetryError("HTTPSConnectionPool(host='game.agaii.org', port=443): Max retries exceeded with url: /mllm/v1/chat/completions (Caused by NewConnectionError('<urllib3.connection.HTTPSConnection object at 0x709929d4c2c0>: Failed to establish a new connection: [Errno 113] No route to host'))"))
[ReasonBench] marked_unscorable example_id=10047d040ef1e563f1db3278979d56d1182617b3484c63ed53a388a0d006a7e4 strategy=few_shot_exemplar error_records=601
[ReasonBench] error example_id=10047d040ef1e563f1db3278979d56d1182617b3484c63ed53a388a0d006a7e4 strategy=self_verify error=ConnectionError(MaxRetryError("HTTPSConnectionPool(host='game.agaii.org', port=443): Max retries exceeded with url: /mllm/v1/chat/completions (Caused by NewConnectionError('<urllib3.connection.HTTPSConnection object at 0x709929d4ce30>: Failed to establish a new connection: [Errno 113] No route to host'))"))
[ReasonBench] marked_unscorable example_id=10047d040ef1e563f1db3278979d56d1182617b3484c63ed53a388a0d006a7e4 strategy=self_verify error_records=602
[ReasonBench] error example_id=a8995a220d4b23e751dded30067eb09897b7269b0ec3632762c9e97d41b80c95 strategy=concise_cot error=ConnectionError(MaxRetryError("HTTPSConnectionPool(host='game.agaii.org', port=443): Max retries exceeded with url: /mllm/v1/chat/completions (Caused by NewConnectionError('<urllib3.connection.HTTPSConnection object at 0x709929d4d880>: Failed to establish a new connection: [Errno 113] No route to host'))"))
[ReasonBench] marked_unscorable example_id=a8995a220d4b23e751dded30067eb09897b7269b0ec3632762c9e97d41b80c95 strategy=concise_cot error_records=603
[ReasonBench] error example_id=10047d040ef1e563f1db3278979d56d1182617b3484c63ed53a388a0d006a7e4 strategy=budgeted_cascade error=ConnectionError(MaxRetryError("HTTPSConnectionPool(host='game.agaii.org', port=443): Max retries exceeded with url: /mllm/v1/chat/completions (Caused by NewConnectionError('<urllib3.connection.HTTPSConnection object at 0x709929d4e360>: Failed to establish a new connection: [Errno 113] No route to host'))"))
[ReasonBench] marked_unscorable example_id=10047d040ef1e563f1db3278979d56d1182617b3484c63ed53a388a0d006a7e4 strategy=budgeted_cascade error_records=604
[ReasonBench] error example_id=a8995a220d4b23e751dded30067eb09897b7269b0ec3632762c9e97d41b80c95 strategy=least_to_most error=ConnectionError(MaxRetryError("HTTPSConnectionPool(host='game.agaii.org', port=443): Max retries exceeded with url: /mllm/v1/chat/completions (Caused by NewConnectionError('<urllib3.connection.HTTPSConnection object at 0x709929d4ed50>: Failed to establish a new connection: [Errno 113] No route to host'))"))
[ReasonBench] marked_unscorable example_id=a8995a220d4b23e751dded30067eb09897b7269b0ec3632762c9e97d41b80c95 strategy=least_to_most error_records=605
[ReasonBench] error example_id=a8995a220d4b23e751dded30067eb09897b7269b0ec3632762c9e97d41b80c95 strategy=direct error=ConnectTimeout(MaxRetryError("HTTPSConnectionPool(host='game.agaii.org', port=443): Max retries exceeded with url: /mllm/v1/chat/completions (Caused by ConnectTimeoutError(<urllib3.connection.HTTPSConnection object at 0x709929d4e1e0>, 'Connection to game.agaii.org timed out. (connect timeout=180)'))"))
[ReasonBench] marked_unscorable example_id=a8995a220d4b23e751dded30067eb09897b7269b0ec3632762c9e97d41b80c95 strategy=direct error_records=606
[ReasonBench] progress total=2203/14360 (15.34%) new=2201/14358 elapsed_s=172733.4
[ReasonBench] error example_id=a8995a220d4b23e751dded30067eb09897b7269b0ec3632762c9e97d41b80c95 strategy=self_verify error=ConnectionError(MaxRetryError("HTTPSConnectionPool(host='game.agaii.org', port=443): Max retries exceeded with url: /mllm/v1/chat/completions (Caused by NewConnectionError('<urllib3.connection.HTTPSConnection object at 0x709929d78260>: Failed to establish a new connection: [Errno 113] No route to host'))"))
[ReasonBench] marked_unscorable example_id=a8995a220d4b23e751dded30067eb09897b7269b0ec3632762c9e97d41b80c95 strategy=self_verify error_records=607
[ReasonBench] error example_id=a8995a220d4b23e751dded30067eb09897b7269b0ec3632762c9e97d41b80c95 strategy=constraint_decompose error=ConnectionError(MaxRetryError("HTTPSConnectionPool(host='game.agaii.org', port=443): Max retries exceeded with url: /mllm/v1/chat/completions (Caused by NewConnectionError('<urllib3.connection.HTTPSConnection object at 0x709929d78c50>: Failed to establish a new connection: [Errno 113] No route to host'))"))
[ReasonBench] marked_unscorable example_id=a8995a220d4b23e751dded30067eb09897b7269b0ec3632762c9e97d41b80c95 strategy=constraint_decompose error_records=608
[ReasonBench] error example_id=a8995a220d4b23e751dded30067eb09897b7269b0ec3632762c9e97d41b80c95 strategy=critique_refine error=ConnectionError(MaxRetryError("HTTPSConnectionPool(host='game.agaii.org', port=443): Max retries exceeded with url: /mllm/v1/chat/completions (Caused by NewConnectionError('<urllib3.connection.HTTPSConnection object at 0x709929d78dd0>: Failed to establish a new connection: [Errno 113] No route to host'))"))
[ReasonBench] marked_unscorable example_id=a8995a220d4b23e751dded30067eb09897b7269b0ec3632762c9e97d41b80c95 strategy=critique_refine error_records=609
[ReasonBench] error example_id=a8995a220d4b23e751dded30067eb09897b7269b0ec3632762c9e97d41b80c95 strategy=self_consistency error=ConnectionError(MaxRetryError("HTTPSConnectionPool(host='game.agaii.org', port=443): Max retries exceeded with url: /mllm/v1/chat/completions (Caused by NewConnectionError('<urllib3.connection.HTTPSConnection object at 0x709929d7a0c0>: Failed to establish a new connection: [Errno 113] No route to host'))"))
[ReasonBench] marked_unscorable example_id=a8995a220d4b23e751dded30067eb09897b7269b0ec3632762c9e97d41b80c95 strategy=self_consistency error_records=610
[ReasonBench] error example_id=a8995a220d4b23e751dded30067eb09897b7269b0ec3632762c9e97d41b80c95 strategy=selective_self_consistency error=ConnectionError(MaxRetryError("HTTPSConnectionPool(host='game.agaii.org', port=443): Max retries exceeded with url: /mllm/v1/chat/completions (Caused by NewConnectionError('<urllib3.connection.HTTPSConnection object at 0x709929d7ac30>: Failed to establish a new connection: [Errno 113] No route to host'))"))
[ReasonBench] marked_unscorable example_id=a8995a220d4b23e751dded30067eb09897b7269b0ec3632762c9e97d41b80c95 strategy=selective_self_consistency error_records=611
[ReasonBench] error example_id=a8995a220d4b23e751dded30067eb09897b7269b0ec3632762c9e97d41b80c95 strategy=few_shot_exemplar error=RetryError(MaxRetryError("HTTPSConnectionPool(host='game.agaii.org', port=443): Max retries exceeded with url: /mllm/v1/chat/completions (Caused by ResponseError('too many 502 error responses'))"))
[ReasonBench] marked_unscorable example_id=a8995a220d4b23e751dded30067eb09897b7269b0ec3632762c9e97d41b80c95 strategy=few_shot_exemplar error_records=612
[ReasonBench] error example_id=8b842182b7cbb2b961d8cdc64a1b4b28aff1f8ed4f4dd3fb58e3533baa754043 strategy=concise_cot error=RetryError(MaxRetryError("HTTPSConnectionPool(host='game.agaii.org', port=443): Max retries exceeded with url: /mllm/v1/chat/completions (Caused by ResponseError('too many 502 error responses'))"))
[ReasonBench] marked_unscorable example_id=8b842182b7cbb2b961d8cdc64a1b4b28aff1f8ed4f4dd3fb58e3533baa754043 strategy=concise_cot error_records=613
[ReasonBench] error example_id=8b842182b7cbb2b961d8cdc64a1b4b28aff1f8ed4f4dd3fb58e3533baa754043 strategy=least_to_most error=RetryError(MaxRetryError("HTTPSConnectionPool(host='game.agaii.org', port=443): Max retries exceeded with url: /mllm/v1/chat/completions (Caused by ResponseError('too many 502 error responses'))"))
[ReasonBench] marked_unscorable example_id=8b842182b7cbb2b961d8cdc64a1b4b28aff1f8ed4f4dd3fb58e3533baa754043 strategy=least_to_most error_records=614
[ReasonBench] error example_id=a8995a220d4b23e751dded30067eb09897b7269b0ec3632762c9e97d41b80c95 strategy=budgeted_cascade error=RetryError(MaxRetryError("HTTPSConnectionPool(host='game.agaii.org', port=443): Max retries exceeded with url: /mllm/v1/chat/completions (Caused by ResponseError('too many 502 error responses'))"))
[ReasonBench] marked_unscorable example_id=a8995a220d4b23e751dded30067eb09897b7269b0ec3632762c9e97d41b80c95 strategy=budgeted_cascade error_records=615
[ReasonBench] error example_id=8b842182b7cbb2b961d8cdc64a1b4b28aff1f8ed4f4dd3fb58e3533baa754043 strategy=constraint_decompose error=RetryError(MaxRetryError("HTTPSConnectionPool(host='game.agaii.org', port=443): Max retries exceeded with url: /mllm/v1/chat/completions (Caused by ResponseError('too many 502 error responses'))"))
[ReasonBench] marked_unscorable example_id=8b842182b7cbb2b961d8cdc64a1b4b28aff1f8ed4f4dd3fb58e3533baa754043 strategy=constraint_decompose error_records=616
[ReasonBench] error example_id=8b842182b7cbb2b961d8cdc64a1b4b28aff1f8ed4f4dd3fb58e3533baa754043 strategy=self_verify error=RetryError(MaxRetryError("HTTPSConnectionPool(host='game.agaii.org', port=443): Max retries exceeded with url: /mllm/v1/chat/completions (Caused by ResponseError('too many 502 error responses'))"))
[ReasonBench] marked_unscorable example_id=8b842182b7cbb2b961d8cdc64a1b4b28aff1f8ed4f4dd3fb58e3533baa754043 strategy=self_verify error_records=617
[ReasonBench] error example_id=8b842182b7cbb2b961d8cdc64a1b4b28aff1f8ed4f4dd3fb58e3533baa754043 strategy=critique_refine error=RetryError(MaxRetryError("HTTPSConnectionPool(host='game.agaii.org', port=443): Max retries exceeded with url: /mllm/v1/chat/completions (Caused by ResponseError('too many 502 error responses'))"))
[ReasonBench] marked_unscorable example_id=8b842182b7cbb2b961d8cdc64a1b4b28aff1f8ed4f4dd3fb58e3533baa754043 strategy=critique_refine error_records=618
[ReasonBench] error example_id=8b842182b7cbb2b961d8cdc64a1b4b28aff1f8ed4f4dd3fb58e3533baa754043 strategy=direct error=RetryError(MaxRetryError("HTTPSConnectionPool(host='game.agaii.org', port=443): Max retries exceeded with url: /mllm/v1/chat/completions (Caused by ResponseError('too many 502 error responses'))"))
[ReasonBench] marked_unscorable example_id=8b842182b7cbb2b961d8cdc64a1b4b28aff1f8ed4f4dd3fb58e3533baa754043 strategy=direct error_records=619
[ReasonBench] error example_id=8b842182b7cbb2b961d8cdc64a1b4b28aff1f8ed4f4dd3fb58e3533baa754043 strategy=self_consistency error=RetryError(MaxRetryError("HTTPSConnectionPool(host='game.agaii.org', port=443): Max retries exceeded with url: /mllm/v1/chat/completions (Caused by ResponseError('too many 502 error responses'))"))
[ReasonBench] marked_unscorable example_id=8b842182b7cbb2b961d8cdc64a1b4b28aff1f8ed4f4dd3fb58e3533baa754043 strategy=self_consistency error_records=620
[ReasonBench] error example_id=8b842182b7cbb2b961d8cdc64a1b4b28aff1f8ed4f4dd3fb58e3533baa754043 strategy=selective_self_consistency error=RetryError(MaxRetryError("HTTPSConnectionPool(host='game.agaii.org', port=443): Max retries exceeded with url: /mllm/v1/chat/completions (Caused by ResponseError('too many 502 error responses'))"))
[ReasonBench] marked_unscorable example_id=8b842182b7cbb2b961d8cdc64a1b4b28aff1f8ed4f4dd3fb58e3533baa754043 strategy=selective_self_consistency error_records=621
[ReasonBench] error example_id=8b842182b7cbb2b961d8cdc64a1b4b28aff1f8ed4f4dd3fb58e3533baa754043 strategy=budgeted_cascade error=RetryError(MaxRetryError("HTTPSConnectionPool(host='game.agaii.org', port=443): Max retries exceeded with url: /mllm/v1/chat/completions (Caused by ResponseError('too many 502 error responses'))"))
[ReasonBench] marked_unscorable example_id=8b842182b7cbb2b961d8cdc64a1b4b28aff1f8ed4f4dd3fb58e3533baa754043 strategy=budgeted_cascade error_records=622
[ReasonBench] error example_id=8b842182b7cbb2b961d8cdc64a1b4b28aff1f8ed4f4dd3fb58e3533baa754043 strategy=few_shot_exemplar error=RetryError(MaxRetryError("HTTPSConnectionPool(host='game.agaii.org', port=443): Max retries exceeded with url: /mllm/v1/chat/completions (Caused by ResponseError('too many 502 error responses'))"))
[ReasonBench] marked_unscorable example_id=8b842182b7cbb2b961d8cdc64a1b4b28aff1f8ed4f4dd3fb58e3533baa754043 strategy=few_shot_exemplar error_records=623
[ReasonBench] error example_id=dc753a46614f7f4d1c839d06ec864324f8b6142e30bf804dae6aae8b6eb91941 strategy=direct error=RetryError(MaxRetryError("HTTPSConnectionPool(host='game.agaii.org', port=443): Max retries exceeded with url: /mllm/v1/chat/completions (Caused by ResponseError('too many 502 error responses'))"))
[ReasonBench] marked_unscorable example_id=dc753a46614f7f4d1c839d06ec864324f8b6142e30bf804dae6aae8b6eb91941 strategy=direct error_records=624
[ReasonBench] error example_id=dc753a46614f7f4d1c839d06ec864324f8b6142e30bf804dae6aae8b6eb91941 strategy=concise_cot error=RetryError(MaxRetryError("HTTPSConnectionPool(host='game.agaii.org', port=443): Max retries exceeded with url: /mllm/v1/chat/completions (Caused by ResponseError('too many 502 error responses'))"))
[ReasonBench] marked_unscorable example_id=dc753a46614f7f4d1c839d06ec864324f8b6142e30bf804dae6aae8b6eb91941 strategy=concise_cot error_records=625
[ReasonBench] error example_id=dc753a46614f7f4d1c839d06ec864324f8b6142e30bf804dae6aae8b6eb91941 strategy=least_to_most error=RetryError(MaxRetryError("HTTPSConnectionPool(host='game.agaii.org', port=443): Max retries exceeded with url: /mllm/v1/chat/completions (Caused by ResponseError('too many 502 error responses'))"))
[ReasonBench] marked_unscorable example_id=dc753a46614f7f4d1c839d06ec864324f8b6142e30bf804dae6aae8b6eb91941 strategy=least_to_most error_records=626
[ReasonBench] error example_id=dc753a46614f7f4d1c839d06ec864324f8b6142e30bf804dae6aae8b6eb91941 strategy=constraint_decompose error=RetryError(MaxRetryError("HTTPSConnectionPool(host='game.agaii.org', port=443): Max retries exceeded with url: /mllm/v1/chat/completions (Caused by ResponseError('too many 502 error responses'))"))
[ReasonBench] marked_unscorable example_id=dc753a46614f7f4d1c839d06ec864324f8b6142e30bf804dae6aae8b6eb91941 strategy=constraint_decompose error_records=627
[ReasonBench] error example_id=dc753a46614f7f4d1c839d06ec864324f8b6142e30bf804dae6aae8b6eb91941 strategy=self_verify error=RetryError(MaxRetryError("HTTPSConnectionPool(host='game.agaii.org', port=443): Max retries exceeded with url: /mllm/v1/chat/completions (Caused by ResponseError('too many 502 error responses'))"))
[ReasonBench] marked_unscorable example_id=dc753a46614f7f4d1c839d06ec864324f8b6142e30bf804dae6aae8b6eb91941 strategy=self_verify error_records=628
[ReasonBench] error example_id=dc753a46614f7f4d1c839d06ec864324f8b6142e30bf804dae6aae8b6eb91941 strategy=critique_refine error=RetryError(MaxRetryError("HTTPSConnectionPool(host='game.agaii.org', port=443): Max retries exceeded with url: /mllm/v1/chat/completions (Caused by ResponseError('too many 502 error responses'))"))
[ReasonBench] marked_unscorable example_id=dc753a46614f7f4d1c839d06ec864324f8b6142e30bf804dae6aae8b6eb91941 strategy=critique_refine error_records=629
[ReasonBench] error example_id=dc753a46614f7f4d1c839d06ec864324f8b6142e30bf804dae6aae8b6eb91941 strategy=self_consistency error=RetryError(MaxRetryError("HTTPSConnectionPool(host='game.agaii.org', port=443): Max retries exceeded with url: /mllm/v1/chat/completions (Caused by ResponseError('too many 502 error responses'))"))
[ReasonBench] marked_unscorable example_id=dc753a46614f7f4d1c839d06ec864324f8b6142e30bf804dae6aae8b6eb91941 strategy=self_consistency error_records=630
[ReasonBench] error example_id=dc753a46614f7f4d1c839d06ec864324f8b6142e30bf804dae6aae8b6eb91941 strategy=selective_self_consistency error=RetryError(MaxRetryError("HTTPSConnectionPool(host='game.agaii.org', port=443): Max retries exceeded with url: /mllm/v1/chat/completions (Caused by ResponseError('too many 502 error responses'))"))
[ReasonBench] marked_unscorable example_id=dc753a46614f7f4d1c839d06ec864324f8b6142e30bf804dae6aae8b6eb91941 strategy=selective_self_consistency error_records=631
[ReasonBench] error example_id=dc753a46614f7f4d1c839d06ec864324f8b6142e30bf804dae6aae8b6eb91941 strategy=budgeted_cascade error=RetryError(MaxRetryError("HTTPSConnectionPool(host='game.agaii.org', port=443): Max retries exceeded with url: /mllm/v1/chat/completions (Caused by ResponseError('too many 502 error responses'))"))
[ReasonBench] marked_unscorable example_id=dc753a46614f7f4d1c839d06ec864324f8b6142e30bf804dae6aae8b6eb91941 strategy=budgeted_cascade error_records=632
[ReasonBench] error example_id=dc753a46614f7f4d1c839d06ec864324f8b6142e30bf804dae6aae8b6eb91941 strategy=few_shot_exemplar error=RetryError(MaxRetryError("HTTPSConnectionPool(host='game.agaii.org', port=443): Max retries exceeded with url: /mllm/v1/chat/completions (Caused by ResponseError('too many 502 error responses'))"))
[ReasonBench] marked_unscorable example_id=dc753a46614f7f4d1c839d06ec864324f8b6142e30bf804dae6aae8b6eb91941 strategy=few_shot_exemplar error_records=633
[ReasonBench] error example_id=4840c0c5075383274db75d8610087c3a725f4be885832e5fa97a46933e7485ae strategy=direct error=RetryError(MaxRetryError("HTTPSConnectionPool(host='game.agaii.org', port=443): Max retries exceeded with url: /mllm/v1/chat/completions (Caused by ResponseError('too many 502 error responses'))"))
[ReasonBench] marked_unscorable example_id=4840c0c5075383274db75d8610087c3a725f4be885832e5fa97a46933e7485ae strategy=direct error_records=634
[ReasonBench] error example_id=4840c0c5075383274db75d8610087c3a725f4be885832e5fa97a46933e7485ae strategy=self_verify error=ConnectionError(MaxRetryError('HTTPSConnectionPool(host=\'game.agaii.org\', port=443): Max retries exceeded with url: /mllm/v1/chat/completions (Caused by ReadTimeoutError("HTTPSConnectionPool(host=\'game.agaii.org\', port=443): Read timed out. (read timeout=180)"))'))
[ReasonBench] marked_unscorable example_id=4840c0c5075383274db75d8610087c3a725f4be885832e5fa97a46933e7485ae strategy=self_verify error_records=635
[ReasonBench] error example_id=4840c0c5075383274db75d8610087c3a725f4be885832e5fa97a46933e7485ae strategy=critique_refine error=ConnectionError(MaxRetryError('HTTPSConnectionPool(host=\'game.agaii.org\', port=443): Max retries exceeded with url: /mllm/v1/chat/completions (Caused by ReadTimeoutError("HTTPSConnectionPool(host=\'game.agaii.org\', port=443): Read timed out. (read timeout=180)"))'))
[ReasonBench] marked_unscorable example_id=4840c0c5075383274db75d8610087c3a725f4be885832e5fa97a46933e7485ae strategy=critique_refine error_records=636
[ReasonBench] error example_id=4840c0c5075383274db75d8610087c3a725f4be885832e5fa97a46933e7485ae strategy=self_consistency error=ConnectionError(MaxRetryError('HTTPSConnectionPool(host=\'game.agaii.org\', port=443): Max retries exceeded with url: /mllm/v1/chat/completions (Caused by ReadTimeoutError("HTTPSConnectionPool(host=\'game.agaii.org\', port=443): Read timed out. (read timeout=180)"))'))
[ReasonBench] marked_unscorable example_id=4840c0c5075383274db75d8610087c3a725f4be885832e5fa97a46933e7485ae strategy=self_consistency error_records=637
[ReasonBench] error example_id=4840c0c5075383274db75d8610087c3a725f4be885832e5fa97a46933e7485ae strategy=selective_self_consistency error=ConnectionError(MaxRetryError('HTTPSConnectionPool(host=\'game.agaii.org\', port=443): Max retries exceeded with url: /mllm/v1/chat/completions (Caused by ReadTimeoutError("HTTPSConnectionPool(host=\'game.agaii.org\', port=443): Read timed out. (read timeout=180)"))'))
[ReasonBench] marked_unscorable example_id=4840c0c5075383274db75d8610087c3a725f4be885832e5fa97a46933e7485ae strategy=selective_self_consistency error_records=638
[ReasonBench] error example_id=4840c0c5075383274db75d8610087c3a725f4be885832e5fa97a46933e7485ae strategy=budgeted_cascade error=ConnectionError(MaxRetryError('HTTPSConnectionPool(host=\'game.agaii.org\', port=443): Max retries exceeded with url: /mllm/v1/chat/completions (Caused by ReadTimeoutError("HTTPSConnectionPool(host=\'game.agaii.org\', port=443): Read timed out. (read timeout=180)"))'))
[ReasonBench] marked_unscorable example_id=4840c0c5075383274db75d8610087c3a725f4be885832e5fa97a46933e7485ae strategy=budgeted_cascade error_records=639
[ReasonBench] error example_id=4840c0c5075383274db75d8610087c3a725f4be885832e5fa97a46933e7485ae strategy=few_shot_exemplar error=ConnectionError(MaxRetryError('HTTPSConnectionPool(host=\'game.agaii.org\', port=443): Max retries exceeded with url: /mllm/v1/chat/completions (Caused by ReadTimeoutError("HTTPSConnectionPool(host=\'game.agaii.org\', port=443): Read timed out. (read timeout=180)"))'))
[ReasonBench] marked_unscorable example_id=4840c0c5075383274db75d8610087c3a725f4be885832e5fa97a46933e7485ae strategy=few_shot_exemplar error_records=640
[ReasonBench] error example_id=da9f424fc770103fa6b2639920d84fd8be3c448031ed96d13b975289356f4a67 strategy=direct error=ConnectionError(MaxRetryError('HTTPSConnectionPool(host=\'game.agaii.org\', port=443): Max retries exceeded with url: /mllm/v1/chat/completions (Caused by ReadTimeoutError("HTTPSConnectionPool(host=\'game.agaii.org\', port=443): Read timed out. (read timeout=180)"))'))
[ReasonBench] marked_unscorable example_id=da9f424fc770103fa6b2639920d84fd8be3c448031ed96d13b975289356f4a67 strategy=direct error_records=641
[ReasonBench] error example_id=da9f424fc770103fa6b2639920d84fd8be3c448031ed96d13b975289356f4a67 strategy=concise_cot error=ConnectionError(MaxRetryError('HTTPSConnectionPool(host=\'game.agaii.org\', port=443): Max retries exceeded with url: /mllm/v1/chat/completions (Caused by ReadTimeoutError("HTTPSConnectionPool(host=\'game.agaii.org\', port=443): Read timed out. (read timeout=180)"))'))
[ReasonBench] marked_unscorable example_id=da9f424fc770103fa6b2639920d84fd8be3c448031ed96d13b975289356f4a67 strategy=concise_cot error_records=642
[ReasonBench] error example_id=da9f424fc770103fa6b2639920d84fd8be3c448031ed96d13b975289356f4a67 strategy=least_to_most error=ConnectionError(MaxRetryError('HTTPSConnectionPool(host=\'game.agaii.org\', port=443): Max retries exceeded with url: /mllm/v1/chat/completions (Caused by ReadTimeoutError("HTTPSConnectionPool(host=\'game.agaii.org\', port=443): Read timed out. (read timeout=180)"))'))
[ReasonBench] marked_unscorable example_id=da9f424fc770103fa6b2639920d84fd8be3c448031ed96d13b975289356f4a67 strategy=least_to_most error_records=643
[ReasonBench] error example_id=da9f424fc770103fa6b2639920d84fd8be3c448031ed96d13b975289356f4a67 strategy=constraint_decompose error=ConnectionError(MaxRetryError('HTTPSConnectionPool(host=\'game.agaii.org\', port=443): Max retries exceeded with url: /mllm/v1/chat/completions (Caused by ReadTimeoutError("HTTPSConnectionPool(host=\'game.agaii.org\', port=443): Read timed out. (read timeout=180)"))'))
[ReasonBench] marked_unscorable example_id=da9f424fc770103fa6b2639920d84fd8be3c448031ed96d13b975289356f4a67 strategy=constraint_decompose error_records=644
[ReasonBench] error example_id=da9f424fc770103fa6b2639920d84fd8be3c448031ed96d13b975289356f4a67 strategy=self_verify error=ConnectionError(MaxRetryError('HTTPSConnectionPool(host=\'game.agaii.org\', port=443): Max retries exceeded with url: /mllm/v1/chat/completions (Caused by ReadTimeoutError("HTTPSConnectionPool(host=\'game.agaii.org\', port=443): Read timed out. (read timeout=180)"))'))
[ReasonBench] marked_unscorable example_id=da9f424fc770103fa6b2639920d84fd8be3c448031ed96d13b975289356f4a67 strategy=self_verify error_records=645
[ReasonBench] error example_id=da9f424fc770103fa6b2639920d84fd8be3c448031ed96d13b975289356f4a67 strategy=critique_refine error=ConnectionError(MaxRetryError('HTTPSConnectionPool(host=\'game.agaii.org\', port=443): Max retries exceeded with url: /mllm/v1/chat/completions (Caused by ReadTimeoutError("HTTPSConnectionPool(host=\'game.agaii.org\', port=443): Read timed out. (read timeout=180)"))'))
[ReasonBench] marked_unscorable example_id=da9f424fc770103fa6b2639920d84fd8be3c448031ed96d13b975289356f4a67 strategy=critique_refine error_records=646
[ReasonBench] error example_id=da9f424fc770103fa6b2639920d84fd8be3c448031ed96d13b975289356f4a67 strategy=self_consistency error=ConnectionError(MaxRetryError('HTTPSConnectionPool(host=\'game.agaii.org\', port=443): Max retries exceeded with url: /mllm/v1/chat/completions (Caused by ReadTimeoutError("HTTPSConnectionPool(host=\'game.agaii.org\', port=443): Read timed out. (read timeout=180)"))'))
[ReasonBench] marked_unscorable example_id=da9f424fc770103fa6b2639920d84fd8be3c448031ed96d13b975289356f4a67 strategy=self_consistency error_records=647
[ReasonBench] error example_id=da9f424fc770103fa6b2639920d84fd8be3c448031ed96d13b975289356f4a67 strategy=selective_self_consistency error=ConnectionError(MaxRetryError('HTTPSConnectionPool(host=\'game.agaii.org\', port=443): Max retries exceeded with url: /mllm/v1/chat/completions (Caused by ReadTimeoutError("HTTPSConnectionPool(host=\'game.agaii.org\', port=443): Read timed out. (read timeout=180)"))'))
[ReasonBench] marked_unscorable example_id=da9f424fc770103fa6b2639920d84fd8be3c448031ed96d13b975289356f4a67 strategy=selective_self_consistency error_records=648
[ReasonBench] error example_id=da9f424fc770103fa6b2639920d84fd8be3c448031ed96d13b975289356f4a67 strategy=budgeted_cascade error=ConnectionError(MaxRetryError('HTTPSConnectionPool(host=\'game.agaii.org\', port=443): Max retries exceeded with url: /mllm/v1/chat/completions (Caused by ReadTimeoutError("HTTPSConnectionPool(host=\'game.agaii.org\', port=443): Read timed out. (read timeout=180)"))'))
[ReasonBench] marked_unscorable example_id=da9f424fc770103fa6b2639920d84fd8be3c448031ed96d13b975289356f4a67 strategy=budgeted_cascade error_records=649
[ReasonBench] error example_id=da9f424fc770103fa6b2639920d84fd8be3c448031ed96d13b975289356f4a67 strategy=few_shot_exemplar error=ConnectionError(MaxRetryError('HTTPSConnectionPool(host=\'game.agaii.org\', port=443): Max retries exceeded with url: /mllm/v1/chat/completions (Caused by ReadTimeoutError("HTTPSConnectionPool(host=\'game.agaii.org\', port=443): Read timed out. (read timeout=180)"))'))
[ReasonBench] marked_unscorable example_id=da9f424fc770103fa6b2639920d84fd8be3c448031ed96d13b975289356f4a67 strategy=few_shot_exemplar error_records=650
[ReasonBench] error example_id=ae4654298c694908b994dd999e784904f1c22e2978e6e958d71cf0e5d5ab5975 strategy=direct error=ConnectionError(MaxRetryError('HTTPSConnectionPool(host=\'game.agaii.org\', port=443): Max retries exceeded with url: /mllm/v1/chat/completions (Caused by ReadTimeoutError("HTTPSConnectionPool(host=\'game.agaii.org\', port=443): Read timed out. (read timeout=180)"))'))
[ReasonBench] marked_unscorable example_id=ae4654298c694908b994dd999e784904f1c22e2978e6e958d71cf0e5d5ab5975 strategy=direct error_records=651
[ReasonBench] error example_id=ae4654298c694908b994dd999e784904f1c22e2978e6e958d71cf0e5d5ab5975 strategy=concise_cot error=ConnectionError(MaxRetryError('HTTPSConnectionPool(host=\'game.agaii.org\', port=443): Max retries exceeded with url: /mllm/v1/chat/completions (Caused by ReadTimeoutError("HTTPSConnectionPool(host=\'game.agaii.org\', port=443): Read timed out. (read timeout=180)"))'))
[ReasonBench] marked_unscorable example_id=ae4654298c694908b994dd999e784904f1c22e2978e6e958d71cf0e5d5ab5975 strategy=concise_cot error_records=652
[ReasonBench] error example_id=ae4654298c694908b994dd999e784904f1c22e2978e6e958d71cf0e5d5ab5975 strategy=least_to_most error=ConnectionError(MaxRetryError('HTTPSConnectionPool(host=\'game.agaii.org\', port=443): Max retries exceeded with url: /mllm/v1/chat/completions (Caused by ReadTimeoutError("HTTPSConnectionPool(host=\'game.agaii.org\', port=443): Read timed out. (read timeout=180)"))'))
[ReasonBench] marked_unscorable example_id=ae4654298c694908b994dd999e784904f1c22e2978e6e958d71cf0e5d5ab5975 strategy=least_to_most error_records=653
[ReasonBench] error example_id=ae4654298c694908b994dd999e784904f1c22e2978e6e958d71cf0e5d5ab5975 strategy=constraint_decompose error=ConnectionError(MaxRetryError('HTTPSConnectionPool(host=\'game.agaii.org\', port=443): Max retries exceeded with url: /mllm/v1/chat/completions (Caused by ReadTimeoutError("HTTPSConnectionPool(host=\'game.agaii.org\', port=443): Read timed out. (read timeout=180)"))'))
[ReasonBench] marked_unscorable example_id=ae4654298c694908b994dd999e784904f1c22e2978e6e958d71cf0e5d5ab5975 strategy=constraint_decompose error_records=654
[ReasonBench] error example_id=ae4654298c694908b994dd999e784904f1c22e2978e6e958d71cf0e5d5ab5975 strategy=self_verify error=ConnectionError(MaxRetryError('HTTPSConnectionPool(host=\'game.agaii.org\', port=443): Max retries exceeded with url: /mllm/v1/chat/completions (Caused by ReadTimeoutError("HTTPSConnectionPool(host=\'game.agaii.org\', port=443): Read timed out. (read timeout=180)"))'))
[ReasonBench] marked_unscorable example_id=ae4654298c694908b994dd999e784904f1c22e2978e6e958d71cf0e5d5ab5975 strategy=self_verify error_records=655
[ReasonBench] error example_id=ae4654298c694908b994dd999e784904f1c22e2978e6e958d71cf0e5d5ab5975 strategy=critique_refine error=ConnectionError(MaxRetryError('HTTPSConnectionPool(host=\'game.agaii.org\', port=443): Max retries exceeded with url: /mllm/v1/chat/completions (Caused by ReadTimeoutError("HTTPSConnectionPool(host=\'game.agaii.org\', port=443): Read timed out. (read timeout=180)"))'))
[ReasonBench] marked_unscorable example_id=ae4654298c694908b994dd999e784904f1c22e2978e6e958d71cf0e5d5ab5975 strategy=critique_refine error_records=656
[ReasonBench] error example_id=ae4654298c694908b994dd999e784904f1c22e2978e6e958d71cf0e5d5ab5975 strategy=self_consistency error=ConnectionError(MaxRetryError('HTTPSConnectionPool(host=\'game.agaii.org\', port=443): Max retries exceeded with url: /mllm/v1/chat/completions (Caused by ReadTimeoutError("HTTPSConnectionPool(host=\'game.agaii.org\', port=443): Read timed out. (read timeout=180)"))'))
[ReasonBench] marked_unscorable example_id=ae4654298c694908b994dd999e784904f1c22e2978e6e958d71cf0e5d5ab5975 strategy=self_consistency error_records=657
[ReasonBench] error example_id=ae4654298c694908b994dd999e784904f1c22e2978e6e958d71cf0e5d5ab5975 strategy=selective_self_consistency error=ConnectionError(MaxRetryError('HTTPSConnectionPool(host=\'game.agaii.org\', port=443): Max retries exceeded with url: /mllm/v1/chat/completions (Caused by ReadTimeoutError("HTTPSConnectionPool(host=\'game.agaii.org\', port=443): Read timed out. (read timeout=180)"))'))
[ReasonBench] marked_unscorable example_id=ae4654298c694908b994dd999e784904f1c22e2978e6e958d71cf0e5d5ab5975 strategy=selective_self_consistency error_records=658
[ReasonBench] error example_id=ae4654298c694908b994dd999e784904f1c22e2978e6e958d71cf0e5d5ab5975 strategy=budgeted_cascade error=ConnectionError(MaxRetryError('HTTPSConnectionPool(host=\'game.agaii.org\', port=443): Max retries exceeded with url: /mllm/v1/chat/completions (Caused by ReadTimeoutError("HTTPSConnectionPool(host=\'game.agaii.org\', port=443): Read timed out. (read timeout=180)"))'))
[ReasonBench] marked_unscorable example_id=ae4654298c694908b994dd999e784904f1c22e2978e6e958d71cf0e5d5ab5975 strategy=budgeted_cascade error_records=659
[ReasonBench] error example_id=ae4654298c694908b994dd999e784904f1c22e2978e6e958d71cf0e5d5ab5975 strategy=few_shot_exemplar error=ConnectionError(MaxRetryError('HTTPSConnectionPool(host=\'game.agaii.org\', port=443): Max retries exceeded with url: /mllm/v1/chat/completions (Caused by ReadTimeoutError("HTTPSConnectionPool(host=\'game.agaii.org\', port=443): Read timed out. (read timeout=180)"))'))
[ReasonBench] marked_unscorable example_id=ae4654298c694908b994dd999e784904f1c22e2978e6e958d71cf0e5d5ab5975 strategy=few_shot_exemplar error_records=660
[ReasonBench] error example_id=587e13e04d18246f787cc8d41da67701eb1343795150a63b1996c5ec8270b20e strategy=direct error=ConnectionError(MaxRetryError('HTTPSConnectionPool(host=\'game.agaii.org\', port=443): Max retries exceeded with url: /mllm/v1/chat/completions (Caused by ReadTimeoutError("HTTPSConnectionPool(host=\'game.agaii.org\', port=443): Read timed out. (read timeout=180)"))'))
[ReasonBench] marked_unscorable example_id=587e13e04d18246f787cc8d41da67701eb1343795150a63b1996c5ec8270b20e strategy=direct error_records=661
[ReasonBench] error example_id=587e13e04d18246f787cc8d41da67701eb1343795150a63b1996c5ec8270b20e strategy=concise_cot error=ConnectionError(MaxRetryError('HTTPSConnectionPool(host=\'game.agaii.org\', port=443): Max retries exceeded with url: /mllm/v1/chat/completions (Caused by ReadTimeoutError("HTTPSConnectionPool(host=\'game.agaii.org\', port=443): Read timed out. (read timeout=180)"))'))
[ReasonBench] marked_unscorable example_id=587e13e04d18246f787cc8d41da67701eb1343795150a63b1996c5ec8270b20e strategy=concise_cot error_records=662
[ReasonBench] error example_id=587e13e04d18246f787cc8d41da67701eb1343795150a63b1996c5ec8270b20e strategy=least_to_most error=ConnectionError(MaxRetryError('HTTPSConnectionPool(host=\'game.agaii.org\', port=443): Max retries exceeded with url: /mllm/v1/chat/completions (Caused by ReadTimeoutError("HTTPSConnectionPool(host=\'game.agaii.org\', port=443): Read timed out. (read timeout=180)"))'))
[ReasonBench] marked_unscorable example_id=587e13e04d18246f787cc8d41da67701eb1343795150a63b1996c5ec8270b20e strategy=least_to_most error_records=663
[ReasonBench] error example_id=587e13e04d18246f787cc8d41da67701eb1343795150a63b1996c5ec8270b20e strategy=constraint_decompose error=ConnectionError(MaxRetryError('HTTPSConnectionPool(host=\'game.agaii.org\', port=443): Max retries exceeded with url: /mllm/v1/chat/completions (Caused by ReadTimeoutError("HTTPSConnectionPool(host=\'game.agaii.org\', port=443): Read timed out. (read timeout=180)"))'))
[ReasonBench] marked_unscorable example_id=587e13e04d18246f787cc8d41da67701eb1343795150a63b1996c5ec8270b20e strategy=constraint_decompose error_records=664
[ReasonBench] error example_id=587e13e04d18246f787cc8d41da67701eb1343795150a63b1996c5ec8270b20e strategy=self_verify error=ConnectionError(MaxRetryError('HTTPSConnectionPool(host=\'game.agaii.org\', port=443): Max retries exceeded with url: /mllm/v1/chat/completions (Caused by ReadTimeoutError("HTTPSConnectionPool(host=\'game.agaii.org\', port=443): Read timed out. (read timeout=180)"))'))
[ReasonBench] marked_unscorable example_id=587e13e04d18246f787cc8d41da67701eb1343795150a63b1996c5ec8270b20e strategy=self_verify error_records=665
[ReasonBench] error example_id=587e13e04d18246f787cc8d41da67701eb1343795150a63b1996c5ec8270b20e strategy=critique_refine error=ConnectionError(MaxRetryError('HTTPSConnectionPool(host=\'game.agaii.org\', port=443): Max retries exceeded with url: /mllm/v1/chat/completions (Caused by ReadTimeoutError("HTTPSConnectionPool(host=\'game.agaii.org\', port=443): Read timed out. (read timeout=180)"))'))
[ReasonBench] marked_unscorable example_id=587e13e04d18246f787cc8d41da67701eb1343795150a63b1996c5ec8270b20e strategy=critique_refine error_records=666
[ReasonBench] error example_id=587e13e04d18246f787cc8d41da67701eb1343795150a63b1996c5ec8270b20e strategy=self_consistency error=ConnectionError(MaxRetryError('HTTPSConnectionPool(host=\'game.agaii.org\', port=443): Max retries exceeded with url: /mllm/v1/chat/completions (Caused by ReadTimeoutError("HTTPSConnectionPool(host=\'game.agaii.org\', port=443): Read timed out. (read timeout=180)"))'))
[ReasonBench] marked_unscorable example_id=587e13e04d18246f787cc8d41da67701eb1343795150a63b1996c5ec8270b20e strategy=self_consistency error_records=667
[ReasonBench] error example_id=587e13e04d18246f787cc8d41da67701eb1343795150a63b1996c5ec8270b20e strategy=selective_self_consistency error=ConnectionError(MaxRetryError('HTTPSConnectionPool(host=\'game.agaii.org\', port=443): Max retries exceeded with url: /mllm/v1/chat/completions (Caused by ReadTimeoutError("HTTPSConnectionPool(host=\'game.agaii.org\', port=443): Read timed out. (read timeout=180)"))'))
[ReasonBench] marked_unscorable example_id=587e13e04d18246f787cc8d41da67701eb1343795150a63b1996c5ec8270b20e strategy=selective_self_consistency error_records=668
[ReasonBench] error example_id=587e13e04d18246f787cc8d41da67701eb1343795150a63b1996c5ec8270b20e strategy=budgeted_cascade error=ConnectionError(MaxRetryError('HTTPSConnectionPool(host=\'game.agaii.org\', port=443): Max retries exceeded with url: /mllm/v1/chat/completions (Caused by ReadTimeoutError("HTTPSConnectionPool(host=\'game.agaii.org\', port=443): Read timed out. (read timeout=180)"))'))
[ReasonBench] marked_unscorable example_id=587e13e04d18246f787cc8d41da67701eb1343795150a63b1996c5ec8270b20e strategy=budgeted_cascade error_records=669
[ReasonBench] error example_id=587e13e04d18246f787cc8d41da67701eb1343795150a63b1996c5ec8270b20e strategy=few_shot_exemplar error=ConnectionError(MaxRetryError('HTTPSConnectionPool(host=\'game.agaii.org\', port=443): Max retries exceeded with url: /mllm/v1/chat/completions (Caused by ReadTimeoutError("HTTPSConnectionPool(host=\'game.agaii.org\', port=443): Read timed out. (read timeout=180)"))'))
[ReasonBench] marked_unscorable example_id=587e13e04d18246f787cc8d41da67701eb1343795150a63b1996c5ec8270b20e strategy=few_shot_exemplar error_records=670
[ReasonBench] error example_id=bd4b2031ad50538f365ac3312534d813fb7326fd90cf5056ac80b31d189cbb15 strategy=direct error=ConnectionError(MaxRetryError('HTTPSConnectionPool(host=\'game.agaii.org\', port=443): Max retries exceeded with url: /mllm/v1/chat/completions (Caused by ReadTimeoutError("HTTPSConnectionPool(host=\'game.agaii.org\', port=443): Read timed out. (read timeout=180)"))'))
[ReasonBench] marked_unscorable example_id=bd4b2031ad50538f365ac3312534d813fb7326fd90cf5056ac80b31d189cbb15 strategy=direct error_records=671
[ReasonBench] error example_id=bd4b2031ad50538f365ac3312534d813fb7326fd90cf5056ac80b31d189cbb15 strategy=concise_cot error=ConnectionError(MaxRetryError('HTTPSConnectionPool(host=\'game.agaii.org\', port=443): Max retries exceeded with url: /mllm/v1/chat/completions (Caused by ReadTimeoutError("HTTPSConnectionPool(host=\'game.agaii.org\', port=443): Read timed out. (read timeout=180)"))'))
[ReasonBench] marked_unscorable example_id=bd4b2031ad50538f365ac3312534d813fb7326fd90cf5056ac80b31d189cbb15 strategy=concise_cot error_records=672
[ReasonBench] error example_id=bd4b2031ad50538f365ac3312534d813fb7326fd90cf5056ac80b31d189cbb15 strategy=least_to_most error=ConnectionError(MaxRetryError('HTTPSConnectionPool(host=\'game.agaii.org\', port=443): Max retries exceeded with url: /mllm/v1/chat/completions (Caused by ReadTimeoutError("HTTPSConnectionPool(host=\'game.agaii.org\', port=443): Read timed out. (read timeout=180)"))'))
[ReasonBench] marked_unscorable example_id=bd4b2031ad50538f365ac3312534d813fb7326fd90cf5056ac80b31d189cbb15 strategy=least_to_most error_records=673
[ReasonBench] progress total=2274/14360 (15.84%) new=2272/14358 elapsed_s=183369.8
[ReasonBench] error example_id=bd4b2031ad50538f365ac3312534d813fb7326fd90cf5056ac80b31d189cbb15 strategy=self_verify error=ConnectionError(MaxRetryError('HTTPSConnectionPool(host=\'game.agaii.org\', port=443): Max retries exceeded with url: /mllm/v1/chat/completions (Caused by ReadTimeoutError("HTTPSConnectionPool(host=\'game.agaii.org\', port=443): Read timed out. (read timeout=180)"))'))
[ReasonBench] marked_unscorable example_id=bd4b2031ad50538f365ac3312534d813fb7326fd90cf5056ac80b31d189cbb15 strategy=self_verify error_records=674
[ReasonBench] error example_id=bd4b2031ad50538f365ac3312534d813fb7326fd90cf5056ac80b31d189cbb15 strategy=critique_refine error=ConnectionError(MaxRetryError('HTTPSConnectionPool(host=\'game.agaii.org\', port=443): Max retries exceeded with url: /mllm/v1/chat/completions (Caused by ReadTimeoutError("HTTPSConnectionPool(host=\'game.agaii.org\', port=443): Read timed out. (read timeout=180)"))'))
[ReasonBench] marked_unscorable example_id=bd4b2031ad50538f365ac3312534d813fb7326fd90cf5056ac80b31d189cbb15 strategy=critique_refine error_records=675
[ReasonBench] error example_id=bd4b2031ad50538f365ac3312534d813fb7326fd90cf5056ac80b31d189cbb15 strategy=self_consistency error=ConnectionError(MaxRetryError('HTTPSConnectionPool(host=\'game.agaii.org\', port=443): Max retries exceeded with url: /mllm/v1/chat/completions (Caused by ReadTimeoutError("HTTPSConnectionPool(host=\'game.agaii.org\', port=443): Read timed out. (read timeout=180)"))'))
[ReasonBench] marked_unscorable example_id=bd4b2031ad50538f365ac3312534d813fb7326fd90cf5056ac80b31d189cbb15 strategy=self_consistency error_records=676
[ReasonBench] error example_id=bd4b2031ad50538f365ac3312534d813fb7326fd90cf5056ac80b31d189cbb15 strategy=selective_self_consistency error=ConnectionError(MaxRetryError('HTTPSConnectionPool(host=\'game.agaii.org\', port=443): Max retries exceeded with url: /mllm/v1/chat/completions (Caused by ReadTimeoutError("HTTPSConnectionPool(host=\'game.agaii.org\', port=443): Read timed out. (read timeout=180)"))'))
[ReasonBench] marked_unscorable example_id=bd4b2031ad50538f365ac3312534d813fb7326fd90cf5056ac80b31d189cbb15 strategy=selective_self_consistency error_records=677
[ReasonBench] error example_id=bd4b2031ad50538f365ac3312534d813fb7326fd90cf5056ac80b31d189cbb15 strategy=budgeted_cascade error=ConnectionError(MaxRetryError('HTTPSConnectionPool(host=\'game.agaii.org\', port=443): Max retries exceeded with url: /mllm/v1/chat/completions (Caused by ReadTimeoutError("HTTPSConnectionPool(host=\'game.agaii.org\', port=443): Read timed out. (read timeout=180)"))'))
[ReasonBench] marked_unscorable example_id=bd4b2031ad50538f365ac3312534d813fb7326fd90cf5056ac80b31d189cbb15 strategy=budgeted_cascade error_records=678
[ReasonBench] error example_id=bd4b2031ad50538f365ac3312534d813fb7326fd90cf5056ac80b31d189cbb15 strategy=few_shot_exemplar error=ConnectionError(MaxRetryError('HTTPSConnectionPool(host=\'game.agaii.org\', port=443): Max retries exceeded with url: /mllm/v1/chat/completions (Caused by ReadTimeoutError("HTTPSConnectionPool(host=\'game.agaii.org\', port=443): Read timed out. (read timeout=180)"))'))
[ReasonBench] marked_unscorable example_id=bd4b2031ad50538f365ac3312534d813fb7326fd90cf5056ac80b31d189cbb15 strategy=few_shot_exemplar error_records=679
[ReasonBench] error example_id=e114ea800daa6938bd7bbc29c6fde32844324662764b5cb63d7e4e78c3b66c65 strategy=direct error=ConnectionError(MaxRetryError('HTTPSConnectionPool(host=\'game.agaii.org\', port=443): Max retries exceeded with url: /mllm/v1/chat/completions (Caused by ReadTimeoutError("HTTPSConnectionPool(host=\'game.agaii.org\', port=443): Read timed out. (read timeout=180)"))'))
[ReasonBench] marked_unscorable example_id=e114ea800daa6938bd7bbc29c6fde32844324662764b5cb63d7e4e78c3b66c65 strategy=direct error_records=680
[ReasonBench] error example_id=e114ea800daa6938bd7bbc29c6fde32844324662764b5cb63d7e4e78c3b66c65 strategy=concise_cot error=ConnectionError(MaxRetryError('HTTPSConnectionPool(host=\'game.agaii.org\', port=443): Max retries exceeded with url: /mllm/v1/chat/completions (Caused by ReadTimeoutError("HTTPSConnectionPool(host=\'game.agaii.org\', port=443): Read timed out. (read timeout=180)"))'))
[ReasonBench] marked_unscorable example_id=e114ea800daa6938bd7bbc29c6fde32844324662764b5cb63d7e4e78c3b66c65 strategy=concise_cot error_records=681
[ReasonBench] error example_id=e114ea800daa6938bd7bbc29c6fde32844324662764b5cb63d7e4e78c3b66c65 strategy=least_to_most error=ConnectionError(MaxRetryError('HTTPSConnectionPool(host=\'game.agaii.org\', port=443): Max retries exceeded with url: /mllm/v1/chat/completions (Caused by ReadTimeoutError("HTTPSConnectionPool(host=\'game.agaii.org\', port=443): Read timed out. (read timeout=180)"))'))
[ReasonBench] marked_unscorable example_id=e114ea800daa6938bd7bbc29c6fde32844324662764b5cb63d7e4e78c3b66c65 strategy=least_to_most error_records=682
[ReasonBench] error example_id=e114ea800daa6938bd7bbc29c6fde32844324662764b5cb63d7e4e78c3b66c65 strategy=constraint_decompose error=ConnectionError(MaxRetryError('HTTPSConnectionPool(host=\'game.agaii.org\', port=443): Max retries exceeded with url: /mllm/v1/chat/completions (Caused by ReadTimeoutError("HTTPSConnectionPool(host=\'game.agaii.org\', port=443): Read timed out. (read timeout=180)"))'))
[ReasonBench] marked_unscorable example_id=e114ea800daa6938bd7bbc29c6fde32844324662764b5cb63d7e4e78c3b66c65 strategy=constraint_decompose error_records=683
[ReasonBench] error example_id=e114ea800daa6938bd7bbc29c6fde32844324662764b5cb63d7e4e78c3b66c65 strategy=self_verify error=ConnectionError(MaxRetryError('HTTPSConnectionPool(host=\'game.agaii.org\', port=443): Max retries exceeded with url: /mllm/v1/chat/completions (Caused by ReadTimeoutError("HTTPSConnectionPool(host=\'game.agaii.org\', port=443): Read timed out. (read timeout=180)"))'))
[ReasonBench] marked_unscorable example_id=e114ea800daa6938bd7bbc29c6fde32844324662764b5cb63d7e4e78c3b66c65 strategy=self_verify error_records=684
[ReasonBench] error example_id=e114ea800daa6938bd7bbc29c6fde32844324662764b5cb63d7e4e78c3b66c65 strategy=critique_refine error=ConnectionError(MaxRetryError('HTTPSConnectionPool(host=\'game.agaii.org\', port=443): Max retries exceeded with url: /mllm/v1/chat/completions (Caused by ReadTimeoutError("HTTPSConnectionPool(host=\'game.agaii.org\', port=443): Read timed out. (read timeout=180)"))'))
[ReasonBench] marked_unscorable example_id=e114ea800daa6938bd7bbc29c6fde32844324662764b5cb63d7e4e78c3b66c65 strategy=critique_refine error_records=685
[ReasonBench] error example_id=e114ea800daa6938bd7bbc29c6fde32844324662764b5cb63d7e4e78c3b66c65 strategy=self_consistency error=ConnectionError(MaxRetryError('HTTPSConnectionPool(host=\'game.agaii.org\', port=443): Max retries exceeded with url: /mllm/v1/chat/completions (Caused by ReadTimeoutError("HTTPSConnectionPool(host=\'game.agaii.org\', port=443): Read timed out. (read timeout=180)"))'))
[ReasonBench] marked_unscorable example_id=e114ea800daa6938bd7bbc29c6fde32844324662764b5cb63d7e4e78c3b66c65 strategy=self_consistency error_records=686
[ReasonBench] error example_id=e114ea800daa6938bd7bbc29c6fde32844324662764b5cb63d7e4e78c3b66c65 strategy=selective_self_consistency error=ConnectionError(MaxRetryError('HTTPSConnectionPool(host=\'game.agaii.org\', port=443): Max retries exceeded with url: /mllm/v1/chat/completions (Caused by ReadTimeoutError("HTTPSConnectionPool(host=\'game.agaii.org\', port=443): Read timed out. (read timeout=180)"))'))
[ReasonBench] marked_unscorable example_id=e114ea800daa6938bd7bbc29c6fde32844324662764b5cb63d7e4e78c3b66c65 strategy=selective_self_consistency error_records=687
[ReasonBench] error example_id=e114ea800daa6938bd7bbc29c6fde32844324662764b5cb63d7e4e78c3b66c65 strategy=budgeted_cascade error=ConnectionError(MaxRetryError('HTTPSConnectionPool(host=\'game.agaii.org\', port=443): Max retries exceeded with url: /mllm/v1/chat/completions (Caused by ReadTimeoutError("HTTPSConnectionPool(host=\'game.agaii.org\', port=443): Read timed out. (read timeout=180)"))'))
[ReasonBench] marked_unscorable example_id=e114ea800daa6938bd7bbc29c6fde32844324662764b5cb63d7e4e78c3b66c65 strategy=budgeted_cascade error_records=688
[ReasonBench] error example_id=e114ea800daa6938bd7bbc29c6fde32844324662764b5cb63d7e4e78c3b66c65 strategy=few_shot_exemplar error=ConnectionError(MaxRetryError('HTTPSConnectionPool(host=\'game.agaii.org\', port=443): Max retries exceeded with url: /mllm/v1/chat/completions (Caused by ReadTimeoutError("HTTPSConnectionPool(host=\'game.agaii.org\', port=443): Read timed out. (read timeout=180)"))'))
[ReasonBench] marked_unscorable example_id=e114ea800daa6938bd7bbc29c6fde32844324662764b5cb63d7e4e78c3b66c65 strategy=few_shot_exemplar error_records=689
[ReasonBench] error example_id=09752b3d3e355017282301de1735bd903221368e1fadf3e64aa9594ef7730e62 strategy=direct error=ConnectionError(MaxRetryError('HTTPSConnectionPool(host=\'game.agaii.org\', port=443): Max retries exceeded with url: /mllm/v1/chat/completions (Caused by ReadTimeoutError("HTTPSConnectionPool(host=\'game.agaii.org\', port=443): Read timed out. (read timeout=180)"))'))
[ReasonBench] marked_unscorable example_id=09752b3d3e355017282301de1735bd903221368e1fadf3e64aa9594ef7730e62 strategy=direct error_records=690
[ReasonBench] error example_id=09752b3d3e355017282301de1735bd903221368e1fadf3e64aa9594ef7730e62 strategy=concise_cot error=ConnectionError(MaxRetryError('HTTPSConnectionPool(host=\'game.agaii.org\', port=443): Max retries exceeded with url: /mllm/v1/chat/completions (Caused by ReadTimeoutError("HTTPSConnectionPool(host=\'game.agaii.org\', port=443): Read timed out. (read timeout=180)"))'))
[ReasonBench] marked_unscorable example_id=09752b3d3e355017282301de1735bd903221368e1fadf3e64aa9594ef7730e62 strategy=concise_cot error_records=691
[ReasonBench] error example_id=09752b3d3e355017282301de1735bd903221368e1fadf3e64aa9594ef7730e62 strategy=least_to_most error=ConnectionError(MaxRetryError('HTTPSConnectionPool(host=\'game.agaii.org\', port=443): Max retries exceeded with url: /mllm/v1/chat/completions (Caused by ReadTimeoutError("HTTPSConnectionPool(host=\'game.agaii.org\', port=443): Read timed out. (read timeout=180)"))'))
[ReasonBench] marked_unscorable example_id=09752b3d3e355017282301de1735bd903221368e1fadf3e64aa9594ef7730e62 strategy=least_to_most error_records=692
[ReasonBench] error example_id=09752b3d3e355017282301de1735bd903221368e1fadf3e64aa9594ef7730e62 strategy=constraint_decompose error=ConnectionError(MaxRetryError('HTTPSConnectionPool(host=\'game.agaii.org\', port=443): Max retries exceeded with url: /mllm/v1/chat/completions (Caused by ReadTimeoutError("HTTPSConnectionPool(host=\'game.agaii.org\', port=443): Read timed out. (read timeout=180)"))'))
[ReasonBench] marked_unscorable example_id=09752b3d3e355017282301de1735bd903221368e1fadf3e64aa9594ef7730e62 strategy=constraint_decompose error_records=693
[ReasonBench] error example_id=09752b3d3e355017282301de1735bd903221368e1fadf3e64aa9594ef7730e62 strategy=self_verify error=ConnectionError(MaxRetryError('HTTPSConnectionPool(host=\'game.agaii.org\', port=443): Max retries exceeded with url: /mllm/v1/chat/completions (Caused by ReadTimeoutError("HTTPSConnectionPool(host=\'game.agaii.org\', port=443): Read timed out. (read timeout=180)"))'))
[ReasonBench] marked_unscorable example_id=09752b3d3e355017282301de1735bd903221368e1fadf3e64aa9594ef7730e62 strategy=self_verify error_records=694
[ReasonBench] error example_id=09752b3d3e355017282301de1735bd903221368e1fadf3e64aa9594ef7730e62 strategy=critique_refine error=ConnectionError(MaxRetryError('HTTPSConnectionPool(host=\'game.agaii.org\', port=443): Max retries exceeded with url: /mllm/v1/chat/completions (Caused by ReadTimeoutError("HTTPSConnectionPool(host=\'game.agaii.org\', port=443): Read timed out. (read timeout=180)"))'))
[ReasonBench] marked_unscorable example_id=09752b3d3e355017282301de1735bd903221368e1fadf3e64aa9594ef7730e62 strategy=critique_refine error_records=695
[ReasonBench] error example_id=09752b3d3e355017282301de1735bd903221368e1fadf3e64aa9594ef7730e62 strategy=self_consistency error=ConnectionError(MaxRetryError('HTTPSConnectionPool(host=\'game.agaii.org\', port=443): Max retries exceeded with url: /mllm/v1/chat/completions (Caused by ReadTimeoutError("HTTPSConnectionPool(host=\'game.agaii.org\', port=443): Read timed out. (read timeout=180)"))'))
[ReasonBench] marked_unscorable example_id=09752b3d3e355017282301de1735bd903221368e1fadf3e64aa9594ef7730e62 strategy=self_consistency error_records=696
[ReasonBench] error example_id=09752b3d3e355017282301de1735bd903221368e1fadf3e64aa9594ef7730e62 strategy=selective_self_consistency error=ConnectionError(MaxRetryError('HTTPSConnectionPool(host=\'game.agaii.org\', port=443): Max retries exceeded with url: /mllm/v1/chat/completions (Caused by ReadTimeoutError("HTTPSConnectionPool(host=\'game.agaii.org\', port=443): Read timed out. (read timeout=180)"))'))
[ReasonBench] marked_unscorable example_id=09752b3d3e355017282301de1735bd903221368e1fadf3e64aa9594ef7730e62 strategy=selective_self_consistency error_records=697
[ReasonBench] error example_id=09752b3d3e355017282301de1735bd903221368e1fadf3e64aa9594ef7730e62 strategy=few_shot_exemplar error=ConnectionError(MaxRetryError('HTTPSConnectionPool(host=\'game.agaii.org\', port=443): Max retries exceeded with url: /mllm/v1/chat/completions (Caused by ReadTimeoutError("HTTPSConnectionPool(host=\'game.agaii.org\', port=443): Read timed out. (read timeout=180)"))'))
[ReasonBench] marked_unscorable example_id=09752b3d3e355017282301de1735bd903221368e1fadf3e64aa9594ef7730e62 strategy=few_shot_exemplar error_records=698
[ReasonBench] error example_id=eb8aebddc3e1eff35a92de9e8306dfcfebd25201eefda2921b830226b5347dc5 strategy=direct error=ConnectionError(MaxRetryError('HTTPSConnectionPool(host=\'game.agaii.org\', port=443): Max retries exceeded with url: /mllm/v1/chat/completions (Caused by ReadTimeoutError("HTTPSConnectionPool(host=\'game.agaii.org\', port=443): Read timed out. (read timeout=180)"))'))
[ReasonBench] marked_unscorable example_id=eb8aebddc3e1eff35a92de9e8306dfcfebd25201eefda2921b830226b5347dc5 strategy=direct error_records=699
[ReasonBench] error example_id=eb8aebddc3e1eff35a92de9e8306dfcfebd25201eefda2921b830226b5347dc5 strategy=concise_cot error=ConnectionError(MaxRetryError('HTTPSConnectionPool(host=\'game.agaii.org\', port=443): Max retries exceeded with url: /mllm/v1/chat/completions (Caused by ReadTimeoutError("HTTPSConnectionPool(host=\'game.agaii.org\', port=443): Read timed out. (read timeout=180)"))'))
[ReasonBench] marked_unscorable example_id=eb8aebddc3e1eff35a92de9e8306dfcfebd25201eefda2921b830226b5347dc5 strategy=concise_cot error_records=700
[ReasonBench] error example_id=eb8aebddc3e1eff35a92de9e8306dfcfebd25201eefda2921b830226b5347dc5 strategy=least_to_most error=ConnectionError(MaxRetryError('HTTPSConnectionPool(host=\'game.agaii.org\', port=443): Max retries exceeded with url: /mllm/v1/chat/completions (Caused by ReadTimeoutError("HTTPSConnectionPool(host=\'game.agaii.org\', port=443): Read timed out. (read timeout=180)"))'))
[ReasonBench] marked_unscorable example_id=eb8aebddc3e1eff35a92de9e8306dfcfebd25201eefda2921b830226b5347dc5 strategy=least_to_most error_records=701
[ReasonBench] error example_id=eb8aebddc3e1eff35a92de9e8306dfcfebd25201eefda2921b830226b5347dc5 strategy=constraint_decompose error=ConnectionError(MaxRetryError('HTTPSConnectionPool(host=\'game.agaii.org\', port=443): Max retries exceeded with url: /mllm/v1/chat/completions (Caused by ReadTimeoutError("HTTPSConnectionPool(host=\'game.agaii.org\', port=443): Read timed out. (read timeout=180)"))'))
[ReasonBench] marked_unscorable example_id=eb8aebddc3e1eff35a92de9e8306dfcfebd25201eefda2921b830226b5347dc5 strategy=constraint_decompose error_records=702
[ReasonBench] error example_id=eb8aebddc3e1eff35a92de9e8306dfcfebd25201eefda2921b830226b5347dc5 strategy=self_verify error=ConnectionError(MaxRetryError('HTTPSConnectionPool(host=\'game.agaii.org\', port=443): Max retries exceeded with url: /mllm/v1/chat/completions (Caused by ReadTimeoutError("HTTPSConnectionPool(host=\'game.agaii.org\', port=443): Read timed out. (read timeout=180)"))'))
[ReasonBench] marked_unscorable example_id=eb8aebddc3e1eff35a92de9e8306dfcfebd25201eefda2921b830226b5347dc5 strategy=self_verify error_records=703
[ReasonBench] error example_id=eb8aebddc3e1eff35a92de9e8306dfcfebd25201eefda2921b830226b5347dc5 strategy=critique_refine error=ConnectionError(MaxRetryError('HTTPSConnectionPool(host=\'game.agaii.org\', port=443): Max retries exceeded with url: /mllm/v1/chat/completions (Caused by ReadTimeoutError("HTTPSConnectionPool(host=\'game.agaii.org\', port=443): Read timed out. (read timeout=180)"))'))
[ReasonBench] marked_unscorable example_id=eb8aebddc3e1eff35a92de9e8306dfcfebd25201eefda2921b830226b5347dc5 strategy=critique_refine error_records=704
[ReasonBench] error example_id=eb8aebddc3e1eff35a92de9e8306dfcfebd25201eefda2921b830226b5347dc5 strategy=self_consistency error=ConnectionError(MaxRetryError('HTTPSConnectionPool(host=\'game.agaii.org\', port=443): Max retries exceeded with url: /mllm/v1/chat/completions (Caused by ReadTimeoutError("HTTPSConnectionPool(host=\'game.agaii.org\', port=443): Read timed out. (read timeout=180)"))'))
[ReasonBench] marked_unscorable example_id=eb8aebddc3e1eff35a92de9e8306dfcfebd25201eefda2921b830226b5347dc5 strategy=self_consistency error_records=705
[ReasonBench] error example_id=eb8aebddc3e1eff35a92de9e8306dfcfebd25201eefda2921b830226b5347dc5 strategy=selective_self_consistency error=ConnectionError(MaxRetryError('HTTPSConnectionPool(host=\'game.agaii.org\', port=443): Max retries exceeded with url: /mllm/v1/chat/completions (Caused by ReadTimeoutError("HTTPSConnectionPool(host=\'game.agaii.org\', port=443): Read timed out. (read timeout=180)"))'))
[ReasonBench] marked_unscorable example_id=eb8aebddc3e1eff35a92de9e8306dfcfebd25201eefda2921b830226b5347dc5 strategy=selective_self_consistency error_records=706
[ReasonBench] error example_id=eb8aebddc3e1eff35a92de9e8306dfcfebd25201eefda2921b830226b5347dc5 strategy=budgeted_cascade error=ConnectionError(MaxRetryError('HTTPSConnectionPool(host=\'game.agaii.org\', port=443): Max retries exceeded with url: /mllm/v1/chat/completions (Caused by ReadTimeoutError("HTTPSConnectionPool(host=\'game.agaii.org\', port=443): Read timed out. (read timeout=180)"))'))
[ReasonBench] marked_unscorable example_id=eb8aebddc3e1eff35a92de9e8306dfcfebd25201eefda2921b830226b5347dc5 strategy=budgeted_cascade error_records=707
[ReasonBench] error example_id=eb8aebddc3e1eff35a92de9e8306dfcfebd25201eefda2921b830226b5347dc5 strategy=few_shot_exemplar error=ConnectionError(MaxRetryError('HTTPSConnectionPool(host=\'game.agaii.org\', port=443): Max retries exceeded with url: /mllm/v1/chat/completions (Caused by ReadTimeoutError("HTTPSConnectionPool(host=\'game.agaii.org\', port=443): Read timed out. (read timeout=180)"))'))
[ReasonBench] marked_unscorable example_id=eb8aebddc3e1eff35a92de9e8306dfcfebd25201eefda2921b830226b5347dc5 strategy=few_shot_exemplar error_records=708
[ReasonBench] error example_id=57772b38ab8d4f9f2e30d5e0cca6e007f228786523ed027bdbf37b59fe20e3b1 strategy=direct error=ConnectionError(MaxRetryError('HTTPSConnectionPool(host=\'game.agaii.org\', port=443): Max retries exceeded with url: /mllm/v1/chat/completions (Caused by ReadTimeoutError("HTTPSConnectionPool(host=\'game.agaii.org\', port=443): Read timed out. (read timeout=180)"))'))
[ReasonBench] marked_unscorable example_id=57772b38ab8d4f9f2e30d5e0cca6e007f228786523ed027bdbf37b59fe20e3b1 strategy=direct error_records=709
[ReasonBench] error example_id=57772b38ab8d4f9f2e30d5e0cca6e007f228786523ed027bdbf37b59fe20e3b1 strategy=concise_cot error=ConnectionError(MaxRetryError('HTTPSConnectionPool(host=\'game.agaii.org\', port=443): Max retries exceeded with url: /mllm/v1/chat/completions (Caused by ReadTimeoutError("HTTPSConnectionPool(host=\'game.agaii.org\', port=443): Read timed out. (read timeout=180)"))'))
[ReasonBench] marked_unscorable example_id=57772b38ab8d4f9f2e30d5e0cca6e007f228786523ed027bdbf37b59fe20e3b1 strategy=concise_cot error_records=710
[ReasonBench] error example_id=57772b38ab8d4f9f2e30d5e0cca6e007f228786523ed027bdbf37b59fe20e3b1 strategy=least_to_most error=ConnectionError(MaxRetryError('HTTPSConnectionPool(host=\'game.agaii.org\', port=443): Max retries exceeded with url: /mllm/v1/chat/completions (Caused by ReadTimeoutError("HTTPSConnectionPool(host=\'game.agaii.org\', port=443): Read timed out. (read timeout=180)"))'))
[ReasonBench] marked_unscorable example_id=57772b38ab8d4f9f2e30d5e0cca6e007f228786523ed027bdbf37b59fe20e3b1 strategy=least_to_most error_records=711
[ReasonBench] error example_id=57772b38ab8d4f9f2e30d5e0cca6e007f228786523ed027bdbf37b59fe20e3b1 strategy=constraint_decompose error=ConnectionError(MaxRetryError('HTTPSConnectionPool(host=\'game.agaii.org\', port=443): Max retries exceeded with url: /mllm/v1/chat/completions (Caused by ReadTimeoutError("HTTPSConnectionPool(host=\'game.agaii.org\', port=443): Read timed out. (read timeout=180)"))'))
[ReasonBench] marked_unscorable example_id=57772b38ab8d4f9f2e30d5e0cca6e007f228786523ed027bdbf37b59fe20e3b1 strategy=constraint_decompose error_records=712
[ReasonBench] error example_id=57772b38ab8d4f9f2e30d5e0cca6e007f228786523ed027bdbf37b59fe20e3b1 strategy=self_verify error=ConnectionError(MaxRetryError('HTTPSConnectionPool(host=\'game.agaii.org\', port=443): Max retries exceeded with url: /mllm/v1/chat/completions (Caused by ReadTimeoutError("HTTPSConnectionPool(host=\'game.agaii.org\', port=443): Read timed out. (read timeout=180)"))'))
[ReasonBench] marked_unscorable example_id=57772b38ab8d4f9f2e30d5e0cca6e007f228786523ed027bdbf37b59fe20e3b1 strategy=self_verify error_records=713
[ReasonBench] error example_id=57772b38ab8d4f9f2e30d5e0cca6e007f228786523ed027bdbf37b59fe20e3b1 strategy=critique_refine error=ConnectionError(MaxRetryError('HTTPSConnectionPool(host=\'game.agaii.org\', port=443): Max retries exceeded with url: /mllm/v1/chat/completions (Caused by ReadTimeoutError("HTTPSConnectionPool(host=\'game.agaii.org\', port=443): Read timed out. (read timeout=180)"))'))
[ReasonBench] marked_unscorable example_id=57772b38ab8d4f9f2e30d5e0cca6e007f228786523ed027bdbf37b59fe20e3b1 strategy=critique_refine error_records=714
[ReasonBench] error example_id=57772b38ab8d4f9f2e30d5e0cca6e007f228786523ed027bdbf37b59fe20e3b1 strategy=self_consistency error=ConnectionError(MaxRetryError('HTTPSConnectionPool(host=\'game.agaii.org\', port=443): Max retries exceeded with url: /mllm/v1/chat/completions (Caused by ReadTimeoutError("HTTPSConnectionPool(host=\'game.agaii.org\', port=443): Read timed out. (read timeout=180)"))'))
[ReasonBench] marked_unscorable example_id=57772b38ab8d4f9f2e30d5e0cca6e007f228786523ed027bdbf37b59fe20e3b1 strategy=self_consistency error_records=715
[ReasonBench] error example_id=57772b38ab8d4f9f2e30d5e0cca6e007f228786523ed027bdbf37b59fe20e3b1 strategy=selective_self_consistency error=ConnectionError(MaxRetryError('HTTPSConnectionPool(host=\'game.agaii.org\', port=443): Max retries exceeded with url: /mllm/v1/chat/completions (Caused by ReadTimeoutError("HTTPSConnectionPool(host=\'game.agaii.org\', port=443): Read timed out. (read timeout=180)"))'))
[ReasonBench] marked_unscorable example_id=57772b38ab8d4f9f2e30d5e0cca6e007f228786523ed027bdbf37b59fe20e3b1 strategy=selective_self_consistency error_records=716
[ReasonBench] error example_id=57772b38ab8d4f9f2e30d5e0cca6e007f228786523ed027bdbf37b59fe20e3b1 strategy=budgeted_cascade error=ConnectionError(MaxRetryError('HTTPSConnectionPool(host=\'game.agaii.org\', port=443): Max retries exceeded with url: /mllm/v1/chat/completions (Caused by ReadTimeoutError("HTTPSConnectionPool(host=\'game.agaii.org\', port=443): Read timed out. (read timeout=180)"))'))
[ReasonBench] marked_unscorable example_id=57772b38ab8d4f9f2e30d5e0cca6e007f228786523ed027bdbf37b59fe20e3b1 strategy=budgeted_cascade error_records=717
[ReasonBench] error example_id=57772b38ab8d4f9f2e30d5e0cca6e007f228786523ed027bdbf37b59fe20e3b1 strategy=few_shot_exemplar error=ConnectionError(MaxRetryError('HTTPSConnectionPool(host=\'game.agaii.org\', port=443): Max retries exceeded with url: /mllm/v1/chat/completions (Caused by ReadTimeoutError("HTTPSConnectionPool(host=\'game.agaii.org\', port=443): Read timed out. (read timeout=180)"))'))
[ReasonBench] marked_unscorable example_id=57772b38ab8d4f9f2e30d5e0cca6e007f228786523ed027bdbf37b59fe20e3b1 strategy=few_shot_exemplar error_records=718
[ReasonBench] error example_id=8b25c07592f100c7c61af45d3de6eec07f4996d0a211f613cc1e224db02bba4c strategy=direct error=ConnectionError(MaxRetryError('HTTPSConnectionPool(host=\'game.agaii.org\', port=443): Max retries exceeded with url: /mllm/v1/chat/completions (Caused by ReadTimeoutError("HTTPSConnectionPool(host=\'game.agaii.org\', port=443): Read timed out. (read timeout=180)"))'))
[ReasonBench] marked_unscorable example_id=8b25c07592f100c7c61af45d3de6eec07f4996d0a211f613cc1e224db02bba4c strategy=direct error_records=719
[ReasonBench] error example_id=8b25c07592f100c7c61af45d3de6eec07f4996d0a211f613cc1e224db02bba4c strategy=concise_cot error=ConnectionError(MaxRetryError('HTTPSConnectionPool(host=\'game.agaii.org\', port=443): Max retries exceeded with url: /mllm/v1/chat/completions (Caused by ReadTimeoutError("HTTPSConnectionPool(host=\'game.agaii.org\', port=443): Read timed out. (read timeout=180)"))'))
[ReasonBench] marked_unscorable example_id=8b25c07592f100c7c61af45d3de6eec07f4996d0a211f613cc1e224db02bba4c strategy=concise_cot error_records=720
[ReasonBench] error example_id=8b25c07592f100c7c61af45d3de6eec07f4996d0a211f613cc1e224db02bba4c strategy=least_to_most error=ConnectionError(MaxRetryError('HTTPSConnectionPool(host=\'game.agaii.org\', port=443): Max retries exceeded with url: /mllm/v1/chat/completions (Caused by ReadTimeoutError("HTTPSConnectionPool(host=\'game.agaii.org\', port=443): Read timed out. (read timeout=180)"))'))
[ReasonBench] marked_unscorable example_id=8b25c07592f100c7c61af45d3de6eec07f4996d0a211f613cc1e224db02bba4c strategy=least_to_most error_records=721
[ReasonBench] error example_id=8b25c07592f100c7c61af45d3de6eec07f4996d0a211f613cc1e224db02bba4c strategy=constraint_decompose error=ConnectionError(MaxRetryError('HTTPSConnectionPool(host=\'game.agaii.org\', port=443): Max retries exceeded with url: /mllm/v1/chat/completions (Caused by ReadTimeoutError("HTTPSConnectionPool(host=\'game.agaii.org\', port=443): Read timed out. (read timeout=180)"))'))
[ReasonBench] marked_unscorable example_id=8b25c07592f100c7c61af45d3de6eec07f4996d0a211f613cc1e224db02bba4c strategy=constraint_decompose error_records=722
[ReasonBench] error example_id=8b25c07592f100c7c61af45d3de6eec07f4996d0a211f613cc1e224db02bba4c strategy=self_verify error=ConnectionError(MaxRetryError('HTTPSConnectionPool(host=\'game.agaii.org\', port=443): Max retries exceeded with url: /mllm/v1/chat/completions (Caused by ReadTimeoutError("HTTPSConnectionPool(host=\'game.agaii.org\', port=443): Read timed out. (read timeout=180)"))'))
[ReasonBench] marked_unscorable example_id=8b25c07592f100c7c61af45d3de6eec07f4996d0a211f613cc1e224db02bba4c strategy=self_verify error_records=723
[ReasonBench] error example_id=8b25c07592f100c7c61af45d3de6eec07f4996d0a211f613cc1e224db02bba4c strategy=critique_refine error=ConnectionError(MaxRetryError('HTTPSConnectionPool(host=\'game.agaii.org\', port=443): Max retries exceeded with url: /mllm/v1/chat/completions (Caused by ReadTimeoutError("HTTPSConnectionPool(host=\'game.agaii.org\', port=443): Read timed out. (read timeout=180)"))'))
[ReasonBench] marked_unscorable example_id=8b25c07592f100c7c61af45d3de6eec07f4996d0a211f613cc1e224db02bba4c strategy=critique_refine error_records=724
[ReasonBench] error example_id=8b25c07592f100c7c61af45d3de6eec07f4996d0a211f613cc1e224db02bba4c strategy=self_consistency error=ConnectionError(MaxRetryError('HTTPSConnectionPool(host=\'game.agaii.org\', port=443): Max retries exceeded with url: /mllm/v1/chat/completions (Caused by ReadTimeoutError("HTTPSConnectionPool(host=\'game.agaii.org\', port=443): Read timed out. (read timeout=180)"))'))
[ReasonBench] marked_unscorable example_id=8b25c07592f100c7c61af45d3de6eec07f4996d0a211f613cc1e224db02bba4c strategy=self_consistency error_records=725
[ReasonBench] error example_id=8b25c07592f100c7c61af45d3de6eec07f4996d0a211f613cc1e224db02bba4c strategy=selective_self_consistency error=ConnectionError(MaxRetryError('HTTPSConnectionPool(host=\'game.agaii.org\', port=443): Max retries exceeded with url: /mllm/v1/chat/completions (Caused by ReadTimeoutError("HTTPSConnectionPool(host=\'game.agaii.org\', port=443): Read timed out. (read timeout=180)"))'))
[ReasonBench] marked_unscorable example_id=8b25c07592f100c7c61af45d3de6eec07f4996d0a211f613cc1e224db02bba4c strategy=selective_self_consistency error_records=726
[ReasonBench] error example_id=8b25c07592f100c7c61af45d3de6eec07f4996d0a211f613cc1e224db02bba4c strategy=budgeted_cascade error=ConnectionError(MaxRetryError('HTTPSConnectionPool(host=\'game.agaii.org\', port=443): Max retries exceeded with url: /mllm/v1/chat/completions (Caused by ReadTimeoutError("HTTPSConnectionPool(host=\'game.agaii.org\', port=443): Read timed out. (read timeout=180)"))'))
[ReasonBench] marked_unscorable example_id=8b25c07592f100c7c61af45d3de6eec07f4996d0a211f613cc1e224db02bba4c strategy=budgeted_cascade error_records=727
[ReasonBench] error example_id=8b25c07592f100c7c61af45d3de6eec07f4996d0a211f613cc1e224db02bba4c strategy=few_shot_exemplar error=ConnectionError(MaxRetryError('HTTPSConnectionPool(host=\'game.agaii.org\', port=443): Max retries exceeded with url: /mllm/v1/chat/completions (Caused by ReadTimeoutError("HTTPSConnectionPool(host=\'game.agaii.org\', port=443): Read timed out. (read timeout=180)"))'))
[ReasonBench] marked_unscorable example_id=8b25c07592f100c7c61af45d3de6eec07f4996d0a211f613cc1e224db02bba4c strategy=few_shot_exemplar error_records=728
[ReasonBench] error example_id=ce1fa8f673c3d33b3986e4f4f148ab1a11e42cd2b7f15390f0f4f2acb530a6e3 strategy=direct error=ConnectionError(MaxRetryError('HTTPSConnectionPool(host=\'game.agaii.org\', port=443): Max retries exceeded with url: /mllm/v1/chat/completions (Caused by ReadTimeoutError("HTTPSConnectionPool(host=\'game.agaii.org\', port=443): Read timed out. (read timeout=180)"))'))
[ReasonBench] marked_unscorable example_id=ce1fa8f673c3d33b3986e4f4f148ab1a11e42cd2b7f15390f0f4f2acb530a6e3 strategy=direct error_records=729
[ReasonBench] error example_id=ce1fa8f673c3d33b3986e4f4f148ab1a11e42cd2b7f15390f0f4f2acb530a6e3 strategy=concise_cot error=ConnectionError(MaxRetryError('HTTPSConnectionPool(host=\'game.agaii.org\', port=443): Max retries exceeded with url: /mllm/v1/chat/completions (Caused by ReadTimeoutError("HTTPSConnectionPool(host=\'game.agaii.org\', port=443): Read timed out. (read timeout=180)"))'))
[ReasonBench] marked_unscorable example_id=ce1fa8f673c3d33b3986e4f4f148ab1a11e42cd2b7f15390f0f4f2acb530a6e3 strategy=concise_cot error_records=730
[ReasonBench] error example_id=ce1fa8f673c3d33b3986e4f4f148ab1a11e42cd2b7f15390f0f4f2acb530a6e3 strategy=least_to_most error=ConnectionError(MaxRetryError('HTTPSConnectionPool(host=\'game.agaii.org\', port=443): Max retries exceeded with url: /mllm/v1/chat/completions (Caused by ReadTimeoutError("HTTPSConnectionPool(host=\'game.agaii.org\', port=443): Read timed out. (read timeout=180)"))'))
[ReasonBench] marked_unscorable example_id=ce1fa8f673c3d33b3986e4f4f148ab1a11e42cd2b7f15390f0f4f2acb530a6e3 strategy=least_to_most error_records=731
[ReasonBench] error example_id=ce1fa8f673c3d33b3986e4f4f148ab1a11e42cd2b7f15390f0f4f2acb530a6e3 strategy=constraint_decompose error=ConnectionError(MaxRetryError('HTTPSConnectionPool(host=\'game.agaii.org\', port=443): Max retries exceeded with url: /mllm/v1/chat/completions (Caused by ReadTimeoutError("HTTPSConnectionPool(host=\'game.agaii.org\', port=443): Read timed out. (read timeout=180)"))'))
[ReasonBench] marked_unscorable example_id=ce1fa8f673c3d33b3986e4f4f148ab1a11e42cd2b7f15390f0f4f2acb530a6e3 strategy=constraint_decompose error_records=732
[ReasonBench] error example_id=ce1fa8f673c3d33b3986e4f4f148ab1a11e42cd2b7f15390f0f4f2acb530a6e3 strategy=self_verify error=ConnectionError(MaxRetryError('HTTPSConnectionPool(host=\'game.agaii.org\', port=443): Max retries exceeded with url: /mllm/v1/chat/completions (Caused by ReadTimeoutError("HTTPSConnectionPool(host=\'game.agaii.org\', port=443): Read timed out. (read timeout=180)"))'))
[ReasonBench] marked_unscorable example_id=ce1fa8f673c3d33b3986e4f4f148ab1a11e42cd2b7f15390f0f4f2acb530a6e3 strategy=self_verify error_records=733
[ReasonBench] error example_id=ce1fa8f673c3d33b3986e4f4f148ab1a11e42cd2b7f15390f0f4f2acb530a6e3 strategy=critique_refine error=ConnectionError(MaxRetryError('HTTPSConnectionPool(host=\'game.agaii.org\', port=443): Max retries exceeded with url: /mllm/v1/chat/completions (Caused by ReadTimeoutError("HTTPSConnectionPool(host=\'game.agaii.org\', port=443): Read timed out. (read timeout=180)"))'))
[ReasonBench] marked_unscorable example_id=ce1fa8f673c3d33b3986e4f4f148ab1a11e42cd2b7f15390f0f4f2acb530a6e3 strategy=critique_refine error_records=734
[ReasonBench] error example_id=ce1fa8f673c3d33b3986e4f4f148ab1a11e42cd2b7f15390f0f4f2acb530a6e3 strategy=self_consistency error=ConnectionError(MaxRetryError('HTTPSConnectionPool(host=\'game.agaii.org\', port=443): Max retries exceeded with url: /mllm/v1/chat/completions (Caused by ReadTimeoutError("HTTPSConnectionPool(host=\'game.agaii.org\', port=443): Read timed out. (read timeout=180)"))'))
[ReasonBench] marked_unscorable example_id=ce1fa8f673c3d33b3986e4f4f148ab1a11e42cd2b7f15390f0f4f2acb530a6e3 strategy=self_consistency error_records=735
[ReasonBench] error example_id=ce1fa8f673c3d33b3986e4f4f148ab1a11e42cd2b7f15390f0f4f2acb530a6e3 strategy=selective_self_consistency error=ConnectionError(MaxRetryError('HTTPSConnectionPool(host=\'game.agaii.org\', port=443): Max retries exceeded with url: /mllm/v1/chat/completions (Caused by ReadTimeoutError("HTTPSConnectionPool(host=\'game.agaii.org\', port=443): Read timed out. (read timeout=180)"))'))
[ReasonBench] marked_unscorable example_id=ce1fa8f673c3d33b3986e4f4f148ab1a11e42cd2b7f15390f0f4f2acb530a6e3 strategy=selective_self_consistency error_records=736
[ReasonBench] error example_id=ce1fa8f673c3d33b3986e4f4f148ab1a11e42cd2b7f15390f0f4f2acb530a6e3 strategy=budgeted_cascade error=ConnectionError(MaxRetryError('HTTPSConnectionPool(host=\'game.agaii.org\', port=443): Max retries exceeded with url: /mllm/v1/chat/completions (Caused by ReadTimeoutError("HTTPSConnectionPool(host=\'game.agaii.org\', port=443): Read timed out. (read timeout=180)"))'))
[ReasonBench] marked_unscorable example_id=ce1fa8f673c3d33b3986e4f4f148ab1a11e42cd2b7f15390f0f4f2acb530a6e3 strategy=budgeted_cascade error_records=737
[ReasonBench] error example_id=ce1fa8f673c3d33b3986e4f4f148ab1a11e42cd2b7f15390f0f4f2acb530a6e3 strategy=few_shot_exemplar error=ConnectionError(MaxRetryError('HTTPSConnectionPool(host=\'game.agaii.org\', port=443): Max retries exceeded with url: /mllm/v1/chat/completions (Caused by ReadTimeoutError("HTTPSConnectionPool(host=\'game.agaii.org\', port=443): Read timed out. (read timeout=180)"))'))
[ReasonBench] marked_unscorable example_id=ce1fa8f673c3d33b3986e4f4f148ab1a11e42cd2b7f15390f0f4f2acb530a6e3 strategy=few_shot_exemplar error_records=738
[ReasonBench] error example_id=56ace477670fa1527771dc1a4f2babac3b704f1c313b8981a53ce892f55b6c05 strategy=direct error=ConnectionError(MaxRetryError('HTTPSConnectionPool(host=\'game.agaii.org\', port=443): Max retries exceeded with url: /mllm/v1/chat/completions (Caused by ReadTimeoutError("HTTPSConnectionPool(host=\'game.agaii.org\', port=443): Read timed out. (read timeout=180)"))'))
[ReasonBench] marked_unscorable example_id=56ace477670fa1527771dc1a4f2babac3b704f1c313b8981a53ce892f55b6c05 strategy=direct error_records=739
[ReasonBench] error example_id=56ace477670fa1527771dc1a4f2babac3b704f1c313b8981a53ce892f55b6c05 strategy=concise_cot error=ConnectionError(MaxRetryError('HTTPSConnectionPool(host=\'game.agaii.org\', port=443): Max retries exceeded with url: /mllm/v1/chat/completions (Caused by ReadTimeoutError("HTTPSConnectionPool(host=\'game.agaii.org\', port=443): Read timed out. (read timeout=180)"))'))
[ReasonBench] marked_unscorable example_id=56ace477670fa1527771dc1a4f2babac3b704f1c313b8981a53ce892f55b6c05 strategy=concise_cot error_records=740
[ReasonBench] error example_id=56ace477670fa1527771dc1a4f2babac3b704f1c313b8981a53ce892f55b6c05 strategy=least_to_most error=ConnectionError(MaxRetryError('HTTPSConnectionPool(host=\'game.agaii.org\', port=443): Max retries exceeded with url: /mllm/v1/chat/completions (Caused by ReadTimeoutError("HTTPSConnectionPool(host=\'game.agaii.org\', port=443): Read timed out. (read timeout=180)"))'))
[ReasonBench] marked_unscorable example_id=56ace477670fa1527771dc1a4f2babac3b704f1c313b8981a53ce892f55b6c05 strategy=least_to_most error_records=741
[ReasonBench] error example_id=56ace477670fa1527771dc1a4f2babac3b704f1c313b8981a53ce892f55b6c05 strategy=constraint_decompose error=ConnectionError(MaxRetryError('HTTPSConnectionPool(host=\'game.agaii.org\', port=443): Max retries exceeded with url: /mllm/v1/chat/completions (Caused by ReadTimeoutError("HTTPSConnectionPool(host=\'game.agaii.org\', port=443): Read timed out. (read timeout=180)"))'))
[ReasonBench] marked_unscorable example_id=56ace477670fa1527771dc1a4f2babac3b704f1c313b8981a53ce892f55b6c05 strategy=constraint_decompose error_records=742
[ReasonBench] error example_id=56ace477670fa1527771dc1a4f2babac3b704f1c313b8981a53ce892f55b6c05 strategy=self_verify error=ConnectionError(MaxRetryError('HTTPSConnectionPool(host=\'game.agaii.org\', port=443): Max retries exceeded with url: /mllm/v1/chat/completions (Caused by ReadTimeoutError("HTTPSConnectionPool(host=\'game.agaii.org\', port=443): Read timed out. (read timeout=180)"))'))
[ReasonBench] marked_unscorable example_id=56ace477670fa1527771dc1a4f2babac3b704f1c313b8981a53ce892f55b6c05 strategy=self_verify error_records=743
[ReasonBench] progress total=2345/14360 (16.33%) new=2343/14358 elapsed_s=200128.8
[ReasonBench] error example_id=56ace477670fa1527771dc1a4f2babac3b704f1c313b8981a53ce892f55b6c05 strategy=critique_refine error=ConnectionError(MaxRetryError('HTTPSConnectionPool(host=\'game.agaii.org\', port=443): Max retries exceeded with url: /mllm/v1/chat/completions (Caused by ReadTimeoutError("HTTPSConnectionPool(host=\'game.agaii.org\', port=443): Read timed out. (read timeout=180)"))'))
[ReasonBench] marked_unscorable example_id=56ace477670fa1527771dc1a4f2babac3b704f1c313b8981a53ce892f55b6c05 strategy=critique_refine error_records=744
[ReasonBench] error example_id=56ace477670fa1527771dc1a4f2babac3b704f1c313b8981a53ce892f55b6c05 strategy=self_consistency error=ConnectionError(MaxRetryError('HTTPSConnectionPool(host=\'game.agaii.org\', port=443): Max retries exceeded with url: /mllm/v1/chat/completions (Caused by ReadTimeoutError("HTTPSConnectionPool(host=\'game.agaii.org\', port=443): Read timed out. (read timeout=180)"))'))
[ReasonBench] marked_unscorable example_id=56ace477670fa1527771dc1a4f2babac3b704f1c313b8981a53ce892f55b6c05 strategy=self_consistency error_records=745
[ReasonBench] error example_id=56ace477670fa1527771dc1a4f2babac3b704f1c313b8981a53ce892f55b6c05 strategy=selective_self_consistency error=ConnectionError(MaxRetryError('HTTPSConnectionPool(host=\'game.agaii.org\', port=443): Max retries exceeded with url: /mllm/v1/chat/completions (Caused by ReadTimeoutError("HTTPSConnectionPool(host=\'game.agaii.org\', port=443): Read timed out. (read timeout=180)"))'))
[ReasonBench] marked_unscorable example_id=56ace477670fa1527771dc1a4f2babac3b704f1c313b8981a53ce892f55b6c05 strategy=selective_self_consistency error_records=746
[ReasonBench] error example_id=56ace477670fa1527771dc1a4f2babac3b704f1c313b8981a53ce892f55b6c05 strategy=budgeted_cascade error=ConnectionError(MaxRetryError('HTTPSConnectionPool(host=\'game.agaii.org\', port=443): Max retries exceeded with url: /mllm/v1/chat/completions (Caused by ReadTimeoutError("HTTPSConnectionPool(host=\'game.agaii.org\', port=443): Read timed out. (read timeout=180)"))'))
[ReasonBench] marked_unscorable example_id=56ace477670fa1527771dc1a4f2babac3b704f1c313b8981a53ce892f55b6c05 strategy=budgeted_cascade error_records=747
[ReasonBench] error example_id=56ace477670fa1527771dc1a4f2babac3b704f1c313b8981a53ce892f55b6c05 strategy=few_shot_exemplar error=ConnectionError(MaxRetryError('HTTPSConnectionPool(host=\'game.agaii.org\', port=443): Max retries exceeded with url: /mllm/v1/chat/completions (Caused by ReadTimeoutError("HTTPSConnectionPool(host=\'game.agaii.org\', port=443): Read timed out. (read timeout=180)"))'))
[ReasonBench] marked_unscorable example_id=56ace477670fa1527771dc1a4f2babac3b704f1c313b8981a53ce892f55b6c05 strategy=few_shot_exemplar error_records=748
[ReasonBench] error example_id=3f9091ebb24ea69d1e9ad7a20e3a617f47548595e9b0b0a46a95061ec3e81740 strategy=direct error=ConnectionError(MaxRetryError('HTTPSConnectionPool(host=\'game.agaii.org\', port=443): Max retries exceeded with url: /mllm/v1/chat/completions (Caused by ReadTimeoutError("HTTPSConnectionPool(host=\'game.agaii.org\', port=443): Read timed out. (read timeout=180)"))'))
[ReasonBench] marked_unscorable example_id=3f9091ebb24ea69d1e9ad7a20e3a617f47548595e9b0b0a46a95061ec3e81740 strategy=direct error_records=749
[ReasonBench] error example_id=3f9091ebb24ea69d1e9ad7a20e3a617f47548595e9b0b0a46a95061ec3e81740 strategy=concise_cot error=ConnectionError(MaxRetryError('HTTPSConnectionPool(host=\'game.agaii.org\', port=443): Max retries exceeded with url: /mllm/v1/chat/completions (Caused by ReadTimeoutError("HTTPSConnectionPool(host=\'game.agaii.org\', port=443): Read timed out. (read timeout=180)"))'))
[ReasonBench] marked_unscorable example_id=3f9091ebb24ea69d1e9ad7a20e3a617f47548595e9b0b0a46a95061ec3e81740 strategy=concise_cot error_records=750
[ReasonBench] error example_id=3f9091ebb24ea69d1e9ad7a20e3a617f47548595e9b0b0a46a95061ec3e81740 strategy=least_to_most error=ConnectionError(MaxRetryError('HTTPSConnectionPool(host=\'game.agaii.org\', port=443): Max retries exceeded with url: /mllm/v1/chat/completions (Caused by ReadTimeoutError("HTTPSConnectionPool(host=\'game.agaii.org\', port=443): Read timed out. (read timeout=180)"))'))
[ReasonBench] marked_unscorable example_id=3f9091ebb24ea69d1e9ad7a20e3a617f47548595e9b0b0a46a95061ec3e81740 strategy=least_to_most error_records=751
[ReasonBench] error example_id=3f9091ebb24ea69d1e9ad7a20e3a617f47548595e9b0b0a46a95061ec3e81740 strategy=constraint_decompose error=ConnectionError(MaxRetryError('HTTPSConnectionPool(host=\'game.agaii.org\', port=443): Max retries exceeded with url: /mllm/v1/chat/completions (Caused by ReadTimeoutError("HTTPSConnectionPool(host=\'game.agaii.org\', port=443): Read timed out. (read timeout=180)"))'))
[ReasonBench] marked_unscorable example_id=3f9091ebb24ea69d1e9ad7a20e3a617f47548595e9b0b0a46a95061ec3e81740 strategy=constraint_decompose error_records=752
[ReasonBench] error example_id=3f9091ebb24ea69d1e9ad7a20e3a617f47548595e9b0b0a46a95061ec3e81740 strategy=self_verify error=ConnectionError(MaxRetryError('HTTPSConnectionPool(host=\'game.agaii.org\', port=443): Max retries exceeded with url: /mllm/v1/chat/completions (Caused by ReadTimeoutError("HTTPSConnectionPool(host=\'game.agaii.org\', port=443): Read timed out. (read timeout=180)"))'))
[ReasonBench] marked_unscorable example_id=3f9091ebb24ea69d1e9ad7a20e3a617f47548595e9b0b0a46a95061ec3e81740 strategy=self_verify error_records=753
[ReasonBench] error example_id=3f9091ebb24ea69d1e9ad7a20e3a617f47548595e9b0b0a46a95061ec3e81740 strategy=critique_refine error=ConnectionError(MaxRetryError('HTTPSConnectionPool(host=\'game.agaii.org\', port=443): Max retries exceeded with url: /mllm/v1/chat/completions (Caused by ReadTimeoutError("HTTPSConnectionPool(host=\'game.agaii.org\', port=443): Read timed out. (read timeout=180)"))'))
[ReasonBench] marked_unscorable example_id=3f9091ebb24ea69d1e9ad7a20e3a617f47548595e9b0b0a46a95061ec3e81740 strategy=critique_refine error_records=754
[ReasonBench] error example_id=3f9091ebb24ea69d1e9ad7a20e3a617f47548595e9b0b0a46a95061ec3e81740 strategy=self_consistency error=ConnectionError(MaxRetryError('HTTPSConnectionPool(host=\'game.agaii.org\', port=443): Max retries exceeded with url: /mllm/v1/chat/completions (Caused by ReadTimeoutError("HTTPSConnectionPool(host=\'game.agaii.org\', port=443): Read timed out. (read timeout=180)"))'))
[ReasonBench] marked_unscorable example_id=3f9091ebb24ea69d1e9ad7a20e3a617f47548595e9b0b0a46a95061ec3e81740 strategy=self_consistency error_records=755
[ReasonBench] error example_id=3f9091ebb24ea69d1e9ad7a20e3a617f47548595e9b0b0a46a95061ec3e81740 strategy=selective_self_consistency error=ConnectionError(MaxRetryError('HTTPSConnectionPool(host=\'game.agaii.org\', port=443): Max retries exceeded with url: /mllm/v1/chat/completions (Caused by ReadTimeoutError("HTTPSConnectionPool(host=\'game.agaii.org\', port=443): Read timed out. (read timeout=180)"))'))
[ReasonBench] marked_unscorable example_id=3f9091ebb24ea69d1e9ad7a20e3a617f47548595e9b0b0a46a95061ec3e81740 strategy=selective_self_consistency error_records=756
[ReasonBench] error example_id=3f9091ebb24ea69d1e9ad7a20e3a617f47548595e9b0b0a46a95061ec3e81740 strategy=budgeted_cascade error=ConnectionError(MaxRetryError('HTTPSConnectionPool(host=\'game.agaii.org\', port=443): Max retries exceeded with url: /mllm/v1/chat/completions (Caused by ReadTimeoutError("HTTPSConnectionPool(host=\'game.agaii.org\', port=443): Read timed out. (read timeout=180)"))'))
[ReasonBench] marked_unscorable example_id=3f9091ebb24ea69d1e9ad7a20e3a617f47548595e9b0b0a46a95061ec3e81740 strategy=budgeted_cascade error_records=757
[ReasonBench] error example_id=3f9091ebb24ea69d1e9ad7a20e3a617f47548595e9b0b0a46a95061ec3e81740 strategy=few_shot_exemplar error=ConnectionError(MaxRetryError('HTTPSConnectionPool(host=\'game.agaii.org\', port=443): Max retries exceeded with url: /mllm/v1/chat/completions (Caused by ReadTimeoutError("HTTPSConnectionPool(host=\'game.agaii.org\', port=443): Read timed out. (read timeout=180)"))'))
[ReasonBench] marked_unscorable example_id=3f9091ebb24ea69d1e9ad7a20e3a617f47548595e9b0b0a46a95061ec3e81740 strategy=few_shot_exemplar error_records=758
[ReasonBench] error example_id=35b3098f43e9129b80af5263066ffad973670da10a3bbc4d350fa88cea4d980f strategy=direct error=ConnectionError(MaxRetryError('HTTPSConnectionPool(host=\'game.agaii.org\', port=443): Max retries exceeded with url: /mllm/v1/chat/completions (Caused by ReadTimeoutError("HTTPSConnectionPool(host=\'game.agaii.org\', port=443): Read timed out. (read timeout=180)"))'))
[ReasonBench] marked_unscorable example_id=35b3098f43e9129b80af5263066ffad973670da10a3bbc4d350fa88cea4d980f strategy=direct error_records=759
[ReasonBench] error example_id=35b3098f43e9129b80af5263066ffad973670da10a3bbc4d350fa88cea4d980f strategy=concise_cot error=ConnectionError(MaxRetryError('HTTPSConnectionPool(host=\'game.agaii.org\', port=443): Max retries exceeded with url: /mllm/v1/chat/completions (Caused by ReadTimeoutError("HTTPSConnectionPool(host=\'game.agaii.org\', port=443): Read timed out. (read timeout=180)"))'))
[ReasonBench] marked_unscorable example_id=35b3098f43e9129b80af5263066ffad973670da10a3bbc4d350fa88cea4d980f strategy=concise_cot error_records=760
[ReasonBench] error example_id=35b3098f43e9129b80af5263066ffad973670da10a3bbc4d350fa88cea4d980f strategy=least_to_most error=ConnectionError(MaxRetryError('HTTPSConnectionPool(host=\'game.agaii.org\', port=443): Max retries exceeded with url: /mllm/v1/chat/completions (Caused by ReadTimeoutError("HTTPSConnectionPool(host=\'game.agaii.org\', port=443): Read timed out. (read timeout=180)"))'))
[ReasonBench] marked_unscorable example_id=35b3098f43e9129b80af5263066ffad973670da10a3bbc4d350fa88cea4d980f strategy=least_to_most error_records=761
[ReasonBench] error example_id=35b3098f43e9129b80af5263066ffad973670da10a3bbc4d350fa88cea4d980f strategy=constraint_decompose error=ConnectionError(MaxRetryError('HTTPSConnectionPool(host=\'game.agaii.org\', port=443): Max retries exceeded with url: /mllm/v1/chat/completions (Caused by ReadTimeoutError("HTTPSConnectionPool(host=\'game.agaii.org\', port=443): Read timed out. (read timeout=180)"))'))
[ReasonBench] marked_unscorable example_id=35b3098f43e9129b80af5263066ffad973670da10a3bbc4d350fa88cea4d980f strategy=constraint_decompose error_records=762
[ReasonBench] error example_id=35b3098f43e9129b80af5263066ffad973670da10a3bbc4d350fa88cea4d980f strategy=self_verify error=ConnectionError(MaxRetryError('HTTPSConnectionPool(host=\'game.agaii.org\', port=443): Max retries exceeded with url: /mllm/v1/chat/completions (Caused by ReadTimeoutError("HTTPSConnectionPool(host=\'game.agaii.org\', port=443): Read timed out. (read timeout=180)"))'))
[ReasonBench] marked_unscorable example_id=35b3098f43e9129b80af5263066ffad973670da10a3bbc4d350fa88cea4d980f strategy=self_verify error_records=763
[ReasonBench] error example_id=35b3098f43e9129b80af5263066ffad973670da10a3bbc4d350fa88cea4d980f strategy=critique_refine error=ConnectionError(MaxRetryError('HTTPSConnectionPool(host=\'game.agaii.org\', port=443): Max retries exceeded with url: /mllm/v1/chat/completions (Caused by ReadTimeoutError("HTTPSConnectionPool(host=\'game.agaii.org\', port=443): Read timed out. (read timeout=180)"))'))
[ReasonBench] marked_unscorable example_id=35b3098f43e9129b80af5263066ffad973670da10a3bbc4d350fa88cea4d980f strategy=critique_refine error_records=764
[ReasonBench] error example_id=35b3098f43e9129b80af5263066ffad973670da10a3bbc4d350fa88cea4d980f strategy=self_consistency error=ConnectionError(MaxRetryError('HTTPSConnectionPool(host=\'game.agaii.org\', port=443): Max retries exceeded with url: /mllm/v1/chat/completions (Caused by ReadTimeoutError("HTTPSConnectionPool(host=\'game.agaii.org\', port=443): Read timed out. (read timeout=180)"))'))
[ReasonBench] marked_unscorable example_id=35b3098f43e9129b80af5263066ffad973670da10a3bbc4d350fa88cea4d980f strategy=self_consistency error_records=765
[ReasonBench] error example_id=35b3098f43e9129b80af5263066ffad973670da10a3bbc4d350fa88cea4d980f strategy=selective_self_consistency error=ConnectionError(MaxRetryError('HTTPSConnectionPool(host=\'game.agaii.org\', port=443): Max retries exceeded with url: /mllm/v1/chat/completions (Caused by ReadTimeoutError("HTTPSConnectionPool(host=\'game.agaii.org\', port=443): Read timed out. (read timeout=180)"))'))
[ReasonBench] marked_unscorable example_id=35b3098f43e9129b80af5263066ffad973670da10a3bbc4d350fa88cea4d980f strategy=selective_self_consistency error_records=766
[ReasonBench] error example_id=35b3098f43e9129b80af5263066ffad973670da10a3bbc4d350fa88cea4d980f strategy=budgeted_cascade error=ConnectionError(MaxRetryError('HTTPSConnectionPool(host=\'game.agaii.org\', port=443): Max retries exceeded with url: /mllm/v1/chat/completions (Caused by ReadTimeoutError("HTTPSConnectionPool(host=\'game.agaii.org\', port=443): Read timed out. (read timeout=180)"))'))
[ReasonBench] marked_unscorable example_id=35b3098f43e9129b80af5263066ffad973670da10a3bbc4d350fa88cea4d980f strategy=budgeted_cascade error_records=767
[ReasonBench] error example_id=35b3098f43e9129b80af5263066ffad973670da10a3bbc4d350fa88cea4d980f strategy=few_shot_exemplar error=ConnectionError(MaxRetryError('HTTPSConnectionPool(host=\'game.agaii.org\', port=443): Max retries exceeded with url: /mllm/v1/chat/completions (Caused by ReadTimeoutError("HTTPSConnectionPool(host=\'game.agaii.org\', port=443): Read timed out. (read timeout=180)"))'))
[ReasonBench] marked_unscorable example_id=35b3098f43e9129b80af5263066ffad973670da10a3bbc4d350fa88cea4d980f strategy=few_shot_exemplar error_records=768
[ReasonBench] error example_id=0cbc79763d1930cd7c78821f52cbb8c368eacbee9ea3b9bb9ece1e79167deb4a strategy=direct error=ConnectionError(MaxRetryError('HTTPSConnectionPool(host=\'game.agaii.org\', port=443): Max retries exceeded with url: /mllm/v1/chat/completions (Caused by ReadTimeoutError("HTTPSConnectionPool(host=\'game.agaii.org\', port=443): Read timed out. (read timeout=180)"))'))
[ReasonBench] marked_unscorable example_id=0cbc79763d1930cd7c78821f52cbb8c368eacbee9ea3b9bb9ece1e79167deb4a strategy=direct error_records=769
[ReasonBench] error example_id=0cbc79763d1930cd7c78821f52cbb8c368eacbee9ea3b9bb9ece1e79167deb4a strategy=concise_cot error=ConnectionError(MaxRetryError('HTTPSConnectionPool(host=\'game.agaii.org\', port=443): Max retries exceeded with url: /mllm/v1/chat/completions (Caused by ReadTimeoutError("HTTPSConnectionPool(host=\'game.agaii.org\', port=443): Read timed out. (read timeout=180)"))'))
[ReasonBench] marked_unscorable example_id=0cbc79763d1930cd7c78821f52cbb8c368eacbee9ea3b9bb9ece1e79167deb4a strategy=concise_cot error_records=770
[ReasonBench] error example_id=0cbc79763d1930cd7c78821f52cbb8c368eacbee9ea3b9bb9ece1e79167deb4a strategy=least_to_most error=ConnectionError(MaxRetryError('HTTPSConnectionPool(host=\'game.agaii.org\', port=443): Max retries exceeded with url: /mllm/v1/chat/completions (Caused by ReadTimeoutError("HTTPSConnectionPool(host=\'game.agaii.org\', port=443): Read timed out. (read timeout=180)"))'))
[ReasonBench] marked_unscorable example_id=0cbc79763d1930cd7c78821f52cbb8c368eacbee9ea3b9bb9ece1e79167deb4a strategy=least_to_most error_records=771
[ReasonBench] error example_id=0cbc79763d1930cd7c78821f52cbb8c368eacbee9ea3b9bb9ece1e79167deb4a strategy=constraint_decompose error=ConnectionError(MaxRetryError('HTTPSConnectionPool(host=\'game.agaii.org\', port=443): Max retries exceeded with url: /mllm/v1/chat/completions (Caused by ReadTimeoutError("HTTPSConnectionPool(host=\'game.agaii.org\', port=443): Read timed out. (read timeout=180)"))'))
[ReasonBench] marked_unscorable example_id=0cbc79763d1930cd7c78821f52cbb8c368eacbee9ea3b9bb9ece1e79167deb4a strategy=constraint_decompose error_records=772
[ReasonBench] error example_id=0cbc79763d1930cd7c78821f52cbb8c368eacbee9ea3b9bb9ece1e79167deb4a strategy=self_verify error=ConnectionError(MaxRetryError('HTTPSConnectionPool(host=\'game.agaii.org\', port=443): Max retries exceeded with url: /mllm/v1/chat/completions (Caused by ReadTimeoutError("HTTPSConnectionPool(host=\'game.agaii.org\', port=443): Read timed out. (read timeout=180)"))'))
[ReasonBench] marked_unscorable example_id=0cbc79763d1930cd7c78821f52cbb8c368eacbee9ea3b9bb9ece1e79167deb4a strategy=self_verify error_records=773
[ReasonBench] error example_id=0cbc79763d1930cd7c78821f52cbb8c368eacbee9ea3b9bb9ece1e79167deb4a strategy=critique_refine error=ConnectionError(MaxRetryError('HTTPSConnectionPool(host=\'game.agaii.org\', port=443): Max retries exceeded with url: /mllm/v1/chat/completions (Caused by ReadTimeoutError("HTTPSConnectionPool(host=\'game.agaii.org\', port=443): Read timed out. (read timeout=180)"))'))
[ReasonBench] marked_unscorable example_id=0cbc79763d1930cd7c78821f52cbb8c368eacbee9ea3b9bb9ece1e79167deb4a strategy=critique_refine error_records=774
[ReasonBench] error example_id=0cbc79763d1930cd7c78821f52cbb8c368eacbee9ea3b9bb9ece1e79167deb4a strategy=self_consistency error=ConnectionError(MaxRetryError('HTTPSConnectionPool(host=\'game.agaii.org\', port=443): Max retries exceeded with url: /mllm/v1/chat/completions (Caused by ReadTimeoutError("HTTPSConnectionPool(host=\'game.agaii.org\', port=443): Read timed out. (read timeout=180)"))'))
[ReasonBench] marked_unscorable example_id=0cbc79763d1930cd7c78821f52cbb8c368eacbee9ea3b9bb9ece1e79167deb4a strategy=self_consistency error_records=775
[ReasonBench] error example_id=0cbc79763d1930cd7c78821f52cbb8c368eacbee9ea3b9bb9ece1e79167deb4a strategy=selective_self_consistency error=ConnectionError(MaxRetryError('HTTPSConnectionPool(host=\'game.agaii.org\', port=443): Max retries exceeded with url: /mllm/v1/chat/completions (Caused by ReadTimeoutError("HTTPSConnectionPool(host=\'game.agaii.org\', port=443): Read timed out. (read timeout=180)"))'))
[ReasonBench] marked_unscorable example_id=0cbc79763d1930cd7c78821f52cbb8c368eacbee9ea3b9bb9ece1e79167deb4a strategy=selective_self_consistency error_records=776
[ReasonBench] error example_id=0cbc79763d1930cd7c78821f52cbb8c368eacbee9ea3b9bb9ece1e79167deb4a strategy=budgeted_cascade error=ConnectionError(MaxRetryError('HTTPSConnectionPool(host=\'game.agaii.org\', port=443): Max retries exceeded with url: /mllm/v1/chat/completions (Caused by ReadTimeoutError("HTTPSConnectionPool(host=\'game.agaii.org\', port=443): Read timed out. (read timeout=180)"))'))
[ReasonBench] marked_unscorable example_id=0cbc79763d1930cd7c78821f52cbb8c368eacbee9ea3b9bb9ece1e79167deb4a strategy=budgeted_cascade error_records=777
[ReasonBench] error example_id=0cbc79763d1930cd7c78821f52cbb8c368eacbee9ea3b9bb9ece1e79167deb4a strategy=few_shot_exemplar error=ConnectionError(MaxRetryError('HTTPSConnectionPool(host=\'game.agaii.org\', port=443): Max retries exceeded with url: /mllm/v1/chat/completions (Caused by ReadTimeoutError("HTTPSConnectionPool(host=\'game.agaii.org\', port=443): Read timed out. (read timeout=180)"))'))
[ReasonBench] marked_unscorable example_id=0cbc79763d1930cd7c78821f52cbb8c368eacbee9ea3b9bb9ece1e79167deb4a strategy=few_shot_exemplar error_records=778
[ReasonBench] error example_id=2379e1e2586eacdf0c9ea0b9385f3c679ff72aa7e2a74fb741aa42018b4d78ea strategy=direct error=ConnectionError(MaxRetryError('HTTPSConnectionPool(host=\'game.agaii.org\', port=443): Max retries exceeded with url: /mllm/v1/chat/completions (Caused by ReadTimeoutError("HTTPSConnectionPool(host=\'game.agaii.org\', port=443): Read timed out. (read timeout=180)"))'))
[ReasonBench] marked_unscorable example_id=2379e1e2586eacdf0c9ea0b9385f3c679ff72aa7e2a74fb741aa42018b4d78ea strategy=direct error_records=779
[ReasonBench] error example_id=2379e1e2586eacdf0c9ea0b9385f3c679ff72aa7e2a74fb741aa42018b4d78ea strategy=concise_cot error=ConnectionError(MaxRetryError('HTTPSConnectionPool(host=\'game.agaii.org\', port=443): Max retries exceeded with url: /mllm/v1/chat/completions (Caused by ReadTimeoutError("HTTPSConnectionPool(host=\'game.agaii.org\', port=443): Read timed out. (read timeout=180)"))'))
[ReasonBench] marked_unscorable example_id=2379e1e2586eacdf0c9ea0b9385f3c679ff72aa7e2a74fb741aa42018b4d78ea strategy=concise_cot error_records=780
[ReasonBench] error example_id=2379e1e2586eacdf0c9ea0b9385f3c679ff72aa7e2a74fb741aa42018b4d78ea strategy=least_to_most error=ConnectionError(MaxRetryError('HTTPSConnectionPool(host=\'game.agaii.org\', port=443): Max retries exceeded with url: /mllm/v1/chat/completions (Caused by ReadTimeoutError("HTTPSConnectionPool(host=\'game.agaii.org\', port=443): Read timed out. (read timeout=180)"))'))
[ReasonBench] marked_unscorable example_id=2379e1e2586eacdf0c9ea0b9385f3c679ff72aa7e2a74fb741aa42018b4d78ea strategy=least_to_most error_records=781
[ReasonBench] error example_id=2379e1e2586eacdf0c9ea0b9385f3c679ff72aa7e2a74fb741aa42018b4d78ea strategy=constraint_decompose error=ConnectionError(MaxRetryError('HTTPSConnectionPool(host=\'game.agaii.org\', port=443): Max retries exceeded with url: /mllm/v1/chat/completions (Caused by ReadTimeoutError("HTTPSConnectionPool(host=\'game.agaii.org\', port=443): Read timed out. (read timeout=180)"))'))
[ReasonBench] marked_unscorable example_id=2379e1e2586eacdf0c9ea0b9385f3c679ff72aa7e2a74fb741aa42018b4d78ea strategy=constraint_decompose error_records=782
[ReasonBench] error example_id=2379e1e2586eacdf0c9ea0b9385f3c679ff72aa7e2a74fb741aa42018b4d78ea strategy=self_verify error=ConnectionError(MaxRetryError('HTTPSConnectionPool(host=\'game.agaii.org\', port=443): Max retries exceeded with url: /mllm/v1/chat/completions (Caused by ReadTimeoutError("HTTPSConnectionPool(host=\'game.agaii.org\', port=443): Read timed out. (read timeout=180)"))'))
[ReasonBench] marked_unscorable example_id=2379e1e2586eacdf0c9ea0b9385f3c679ff72aa7e2a74fb741aa42018b4d78ea strategy=self_verify error_records=783
[ReasonBench] error example_id=2379e1e2586eacdf0c9ea0b9385f3c679ff72aa7e2a74fb741aa42018b4d78ea strategy=critique_refine error=ConnectionError(MaxRetryError('HTTPSConnectionPool(host=\'game.agaii.org\', port=443): Max retries exceeded with url: /mllm/v1/chat/completions (Caused by ReadTimeoutError("HTTPSConnectionPool(host=\'game.agaii.org\', port=443): Read timed out. (read timeout=180)"))'))
[ReasonBench] marked_unscorable example_id=2379e1e2586eacdf0c9ea0b9385f3c679ff72aa7e2a74fb741aa42018b4d78ea strategy=critique_refine error_records=784
[ReasonBench] error example_id=2379e1e2586eacdf0c9ea0b9385f3c679ff72aa7e2a74fb741aa42018b4d78ea strategy=self_consistency error=ConnectionError(MaxRetryError('HTTPSConnectionPool(host=\'game.agaii.org\', port=443): Max retries exceeded with url: /mllm/v1/chat/completions (Caused by ReadTimeoutError("HTTPSConnectionPool(host=\'game.agaii.org\', port=443): Read timed out. (read timeout=180)"))'))
[ReasonBench] marked_unscorable example_id=2379e1e2586eacdf0c9ea0b9385f3c679ff72aa7e2a74fb741aa42018b4d78ea strategy=self_consistency error_records=785
[ReasonBench] error example_id=2379e1e2586eacdf0c9ea0b9385f3c679ff72aa7e2a74fb741aa42018b4d78ea strategy=selective_self_consistency error=ConnectionError(MaxRetryError('HTTPSConnectionPool(host=\'game.agaii.org\', port=443): Max retries exceeded with url: /mllm/v1/chat/completions (Caused by ReadTimeoutError("HTTPSConnectionPool(host=\'game.agaii.org\', port=443): Read timed out. (read timeout=180)"))'))
[ReasonBench] marked_unscorable example_id=2379e1e2586eacdf0c9ea0b9385f3c679ff72aa7e2a74fb741aa42018b4d78ea strategy=selective_self_consistency error_records=786
[ReasonBench] error example_id=2379e1e2586eacdf0c9ea0b9385f3c679ff72aa7e2a74fb741aa42018b4d78ea strategy=budgeted_cascade error=ConnectionError(MaxRetryError('HTTPSConnectionPool(host=\'game.agaii.org\', port=443): Max retries exceeded with url: /mllm/v1/chat/completions (Caused by ReadTimeoutError("HTTPSConnectionPool(host=\'game.agaii.org\', port=443): Read timed out. (read timeout=180)"))'))
[ReasonBench] marked_unscorable example_id=2379e1e2586eacdf0c9ea0b9385f3c679ff72aa7e2a74fb741aa42018b4d78ea strategy=budgeted_cascade error_records=787
[ReasonBench] error example_id=2379e1e2586eacdf0c9ea0b9385f3c679ff72aa7e2a74fb741aa42018b4d78ea strategy=few_shot_exemplar error=ConnectionError(MaxRetryError('HTTPSConnectionPool(host=\'game.agaii.org\', port=443): Max retries exceeded with url: /mllm/v1/chat/completions (Caused by ReadTimeoutError("HTTPSConnectionPool(host=\'game.agaii.org\', port=443): Read timed out. (read timeout=180)"))'))
[ReasonBench] marked_unscorable example_id=2379e1e2586eacdf0c9ea0b9385f3c679ff72aa7e2a74fb741aa42018b4d78ea strategy=few_shot_exemplar error_records=788
[ReasonBench] error example_id=23369207a1755bd3b7cea52155e7cbbd7ab1e2fa79015d1f8776111b8648f8ed strategy=direct error=ConnectionError(MaxRetryError('HTTPSConnectionPool(host=\'game.agaii.org\', port=443): Max retries exceeded with url: /mllm/v1/chat/completions (Caused by ReadTimeoutError("HTTPSConnectionPool(host=\'game.agaii.org\', port=443): Read timed out. (read timeout=180)"))'))
[ReasonBench] marked_unscorable example_id=23369207a1755bd3b7cea52155e7cbbd7ab1e2fa79015d1f8776111b8648f8ed strategy=direct error_records=789
[ReasonBench] error example_id=23369207a1755bd3b7cea52155e7cbbd7ab1e2fa79015d1f8776111b8648f8ed strategy=concise_cot error=ConnectionError(MaxRetryError('HTTPSConnectionPool(host=\'game.agaii.org\', port=443): Max retries exceeded with url: /mllm/v1/chat/completions (Caused by ReadTimeoutError("HTTPSConnectionPool(host=\'game.agaii.org\', port=443): Read timed out. (read timeout=180)"))'))
[ReasonBench] marked_unscorable example_id=23369207a1755bd3b7cea52155e7cbbd7ab1e2fa79015d1f8776111b8648f8ed strategy=concise_cot error_records=790
[ReasonBench] error example_id=23369207a1755bd3b7cea52155e7cbbd7ab1e2fa79015d1f8776111b8648f8ed strategy=least_to_most error=ConnectionError(MaxRetryError('HTTPSConnectionPool(host=\'game.agaii.org\', port=443): Max retries exceeded with url: /mllm/v1/chat/completions (Caused by ReadTimeoutError("HTTPSConnectionPool(host=\'game.agaii.org\', port=443): Read timed out. (read timeout=180)"))'))
[ReasonBench] marked_unscorable example_id=23369207a1755bd3b7cea52155e7cbbd7ab1e2fa79015d1f8776111b8648f8ed strategy=least_to_most error_records=791
[ReasonBench] error example_id=23369207a1755bd3b7cea52155e7cbbd7ab1e2fa79015d1f8776111b8648f8ed strategy=constraint_decompose error=ConnectionError(MaxRetryError('HTTPSConnectionPool(host=\'game.agaii.org\', port=443): Max retries exceeded with url: /mllm/v1/chat/completions (Caused by ReadTimeoutError("HTTPSConnectionPool(host=\'game.agaii.org\', port=443): Read timed out. (read timeout=180)"))'))
[ReasonBench] marked_unscorable example_id=23369207a1755bd3b7cea52155e7cbbd7ab1e2fa79015d1f8776111b8648f8ed strategy=constraint_decompose error_records=792
[ReasonBench] error example_id=23369207a1755bd3b7cea52155e7cbbd7ab1e2fa79015d1f8776111b8648f8ed strategy=self_verify error=ConnectionError(MaxRetryError('HTTPSConnectionPool(host=\'game.agaii.org\', port=443): Max retries exceeded with url: /mllm/v1/chat/completions (Caused by ReadTimeoutError("HTTPSConnectionPool(host=\'game.agaii.org\', port=443): Read timed out. (read timeout=180)"))'))
[ReasonBench] marked_unscorable example_id=23369207a1755bd3b7cea52155e7cbbd7ab1e2fa79015d1f8776111b8648f8ed strategy=self_verify error_records=793
[ReasonBench] error example_id=23369207a1755bd3b7cea52155e7cbbd7ab1e2fa79015d1f8776111b8648f8ed strategy=critique_refine error=ConnectionError(MaxRetryError('HTTPSConnectionPool(host=\'game.agaii.org\', port=443): Max retries exceeded with url: /mllm/v1/chat/completions (Caused by ReadTimeoutError("HTTPSConnectionPool(host=\'game.agaii.org\', port=443): Read timed out. (read timeout=180)"))'))
[ReasonBench] marked_unscorable example_id=23369207a1755bd3b7cea52155e7cbbd7ab1e2fa79015d1f8776111b8648f8ed strategy=critique_refine error_records=794
[ReasonBench] error example_id=23369207a1755bd3b7cea52155e7cbbd7ab1e2fa79015d1f8776111b8648f8ed strategy=self_consistency error=ConnectionError(MaxRetryError('HTTPSConnectionPool(host=\'game.agaii.org\', port=443): Max retries exceeded with url: /mllm/v1/chat/completions (Caused by ReadTimeoutError("HTTPSConnectionPool(host=\'game.agaii.org\', port=443): Read timed out. (read timeout=180)"))'))
[ReasonBench] marked_unscorable example_id=23369207a1755bd3b7cea52155e7cbbd7ab1e2fa79015d1f8776111b8648f8ed strategy=self_consistency error_records=795
[ReasonBench] error example_id=23369207a1755bd3b7cea52155e7cbbd7ab1e2fa79015d1f8776111b8648f8ed strategy=selective_self_consistency error=ConnectionError(MaxRetryError('HTTPSConnectionPool(host=\'game.agaii.org\', port=443): Max retries exceeded with url: /mllm/v1/chat/completions (Caused by ReadTimeoutError("HTTPSConnectionPool(host=\'game.agaii.org\', port=443): Read timed out. (read timeout=180)"))'))
[ReasonBench] marked_unscorable example_id=23369207a1755bd3b7cea52155e7cbbd7ab1e2fa79015d1f8776111b8648f8ed strategy=selective_self_consistency error_records=796
[ReasonBench] error example_id=23369207a1755bd3b7cea52155e7cbbd7ab1e2fa79015d1f8776111b8648f8ed strategy=budgeted_cascade error=ConnectionError(MaxRetryError('HTTPSConnectionPool(host=\'game.agaii.org\', port=443): Max retries exceeded with url: /mllm/v1/chat/completions (Caused by ReadTimeoutError("HTTPSConnectionPool(host=\'game.agaii.org\', port=443): Read timed out. (read timeout=180)"))'))
[ReasonBench] marked_unscorable example_id=23369207a1755bd3b7cea52155e7cbbd7ab1e2fa79015d1f8776111b8648f8ed strategy=budgeted_cascade error_records=797
[ReasonBench] error example_id=23369207a1755bd3b7cea52155e7cbbd7ab1e2fa79015d1f8776111b8648f8ed strategy=few_shot_exemplar error=ConnectionError(MaxRetryError('HTTPSConnectionPool(host=\'game.agaii.org\', port=443): Max retries exceeded with url: /mllm/v1/chat/completions (Caused by ReadTimeoutError("HTTPSConnectionPool(host=\'game.agaii.org\', port=443): Read timed out. (read timeout=180)"))'))
[ReasonBench] marked_unscorable example_id=23369207a1755bd3b7cea52155e7cbbd7ab1e2fa79015d1f8776111b8648f8ed strategy=few_shot_exemplar error_records=798
[ReasonBench] error example_id=9dd93740e50a0913119103c1212284600703756ff930d2a8fa46d3dc97912d96 strategy=concise_cot error=ConnectionError(MaxRetryError('HTTPSConnectionPool(host=\'game.agaii.org\', port=443): Max retries exceeded with url: /mllm/v1/chat/completions (Caused by ReadTimeoutError("HTTPSConnectionPool(host=\'game.agaii.org\', port=443): Read timed out. (read timeout=180)"))'))
[ReasonBench] marked_unscorable example_id=9dd93740e50a0913119103c1212284600703756ff930d2a8fa46d3dc97912d96 strategy=concise_cot error_records=799
[ReasonBench] error example_id=9dd93740e50a0913119103c1212284600703756ff930d2a8fa46d3dc97912d96 strategy=least_to_most error=ConnectionError(MaxRetryError('HTTPSConnectionPool(host=\'game.agaii.org\', port=443): Max retries exceeded with url: /mllm/v1/chat/completions (Caused by ReadTimeoutError("HTTPSConnectionPool(host=\'game.agaii.org\', port=443): Read timed out. (read timeout=180)"))'))
[ReasonBench] marked_unscorable example_id=9dd93740e50a0913119103c1212284600703756ff930d2a8fa46d3dc97912d96 strategy=least_to_most error_records=800
[ReasonBench] error example_id=9dd93740e50a0913119103c1212284600703756ff930d2a8fa46d3dc97912d96 strategy=constraint_decompose error=ConnectionError(MaxRetryError('HTTPSConnectionPool(host=\'game.agaii.org\', port=443): Max retries exceeded with url: /mllm/v1/chat/completions (Caused by ReadTimeoutError("HTTPSConnectionPool(host=\'game.agaii.org\', port=443): Read timed out. (read timeout=180)"))'))
[ReasonBench] marked_unscorable example_id=9dd93740e50a0913119103c1212284600703756ff930d2a8fa46d3dc97912d96 strategy=constraint_decompose error_records=801
[ReasonBench] error example_id=9dd93740e50a0913119103c1212284600703756ff930d2a8fa46d3dc97912d96 strategy=self_verify error=ConnectionError(MaxRetryError('HTTPSConnectionPool(host=\'game.agaii.org\', port=443): Max retries exceeded with url: /mllm/v1/chat/completions (Caused by ReadTimeoutError("HTTPSConnectionPool(host=\'game.agaii.org\', port=443): Read timed out. (read timeout=180)"))'))
[ReasonBench] marked_unscorable example_id=9dd93740e50a0913119103c1212284600703756ff930d2a8fa46d3dc97912d96 strategy=self_verify error_records=802
[ReasonBench] error example_id=9dd93740e50a0913119103c1212284600703756ff930d2a8fa46d3dc97912d96 strategy=critique_refine error=ConnectionError(MaxRetryError('HTTPSConnectionPool(host=\'game.agaii.org\', port=443): Max retries exceeded with url: /mllm/v1/chat/completions (Caused by ReadTimeoutError("HTTPSConnectionPool(host=\'game.agaii.org\', port=443): Read timed out. (read timeout=180)"))'))
[ReasonBench] marked_unscorable example_id=9dd93740e50a0913119103c1212284600703756ff930d2a8fa46d3dc97912d96 strategy=critique_refine error_records=803
[ReasonBench] error example_id=9dd93740e50a0913119103c1212284600703756ff930d2a8fa46d3dc97912d96 strategy=self_consistency error=ConnectionError(MaxRetryError('HTTPSConnectionPool(host=\'game.agaii.org\', port=443): Max retries exceeded with url: /mllm/v1/chat/completions (Caused by ReadTimeoutError("HTTPSConnectionPool(host=\'game.agaii.org\', port=443): Read timed out. (read timeout=180)"))'))
[ReasonBench] marked_unscorable example_id=9dd93740e50a0913119103c1212284600703756ff930d2a8fa46d3dc97912d96 strategy=self_consistency error_records=804
[ReasonBench] error example_id=9dd93740e50a0913119103c1212284600703756ff930d2a8fa46d3dc97912d96 strategy=selective_self_consistency error=ConnectionError(MaxRetryError('HTTPSConnectionPool(host=\'game.agaii.org\', port=443): Max retries exceeded with url: /mllm/v1/chat/completions (Caused by ReadTimeoutError("HTTPSConnectionPool(host=\'game.agaii.org\', port=443): Read timed out. (read timeout=180)"))'))
[ReasonBench] marked_unscorable example_id=9dd93740e50a0913119103c1212284600703756ff930d2a8fa46d3dc97912d96 strategy=selective_self_consistency error_records=805
[ReasonBench] error example_id=9dd93740e50a0913119103c1212284600703756ff930d2a8fa46d3dc97912d96 strategy=few_shot_exemplar error=ConnectionError(MaxRetryError('HTTPSConnectionPool(host=\'game.agaii.org\', port=443): Max retries exceeded with url: /mllm/v1/chat/completions (Caused by ReadTimeoutError("HTTPSConnectionPool(host=\'game.agaii.org\', port=443): Read timed out. (read timeout=180)"))'))
[ReasonBench] marked_unscorable example_id=9dd93740e50a0913119103c1212284600703756ff930d2a8fa46d3dc97912d96 strategy=few_shot_exemplar error_records=806
[ReasonBench] error example_id=8f3ca4d439a2167eda91a41deaecf48838405ce32967097d2ec7e931b1313cf4 strategy=direct error=ConnectionError(MaxRetryError('HTTPSConnectionPool(host=\'game.agaii.org\', port=443): Max retries exceeded with url: /mllm/v1/chat/completions (Caused by ReadTimeoutError("HTTPSConnectionPool(host=\'game.agaii.org\', port=443): Read timed out. (read timeout=180)"))'))
[ReasonBench] marked_unscorable example_id=8f3ca4d439a2167eda91a41deaecf48838405ce32967097d2ec7e931b1313cf4 strategy=direct error_records=807
[ReasonBench] error example_id=8f3ca4d439a2167eda91a41deaecf48838405ce32967097d2ec7e931b1313cf4 strategy=concise_cot error=ConnectionError(MaxRetryError('HTTPSConnectionPool(host=\'game.agaii.org\', port=443): Max retries exceeded with url: /mllm/v1/chat/completions (Caused by ReadTimeoutError("HTTPSConnectionPool(host=\'game.agaii.org\', port=443): Read timed out. (read timeout=180)"))'))
[ReasonBench] marked_unscorable example_id=8f3ca4d439a2167eda91a41deaecf48838405ce32967097d2ec7e931b1313cf4 strategy=concise_cot error_records=808
[ReasonBench] error example_id=8f3ca4d439a2167eda91a41deaecf48838405ce32967097d2ec7e931b1313cf4 strategy=least_to_most error=ConnectionError(MaxRetryError('HTTPSConnectionPool(host=\'game.agaii.org\', port=443): Max retries exceeded with url: /mllm/v1/chat/completions (Caused by ReadTimeoutError("HTTPSConnectionPool(host=\'game.agaii.org\', port=443): Read timed out. (read timeout=180)"))'))
[ReasonBench] marked_unscorable example_id=8f3ca4d439a2167eda91a41deaecf48838405ce32967097d2ec7e931b1313cf4 strategy=least_to_most error_records=809
[ReasonBench] error example_id=8f3ca4d439a2167eda91a41deaecf48838405ce32967097d2ec7e931b1313cf4 strategy=constraint_decompose error=ConnectionError(MaxRetryError('HTTPSConnectionPool(host=\'game.agaii.org\', port=443): Max retries exceeded with url: /mllm/v1/chat/completions (Caused by ReadTimeoutError("HTTPSConnectionPool(host=\'game.agaii.org\', port=443): Read timed out. (read timeout=180)"))'))
[ReasonBench] marked_unscorable example_id=8f3ca4d439a2167eda91a41deaecf48838405ce32967097d2ec7e931b1313cf4 strategy=constraint_decompose error_records=810
[ReasonBench] error example_id=8f3ca4d439a2167eda91a41deaecf48838405ce32967097d2ec7e931b1313cf4 strategy=self_verify error=ConnectionError(MaxRetryError('HTTPSConnectionPool(host=\'game.agaii.org\', port=443): Max retries exceeded with url: /mllm/v1/chat/completions (Caused by ReadTimeoutError("HTTPSConnectionPool(host=\'game.agaii.org\', port=443): Read timed out. (read timeout=180)"))'))
[ReasonBench] marked_unscorable example_id=8f3ca4d439a2167eda91a41deaecf48838405ce32967097d2ec7e931b1313cf4 strategy=self_verify error_records=811
[ReasonBench] error example_id=8f3ca4d439a2167eda91a41deaecf48838405ce32967097d2ec7e931b1313cf4 strategy=critique_refine error=ConnectionError(MaxRetryError('HTTPSConnectionPool(host=\'game.agaii.org\', port=443): Max retries exceeded with url: /mllm/v1/chat/completions (Caused by ReadTimeoutError("HTTPSConnectionPool(host=\'game.agaii.org\', port=443): Read timed out. (read timeout=180)"))'))
[ReasonBench] marked_unscorable example_id=8f3ca4d439a2167eda91a41deaecf48838405ce32967097d2ec7e931b1313cf4 strategy=critique_refine error_records=812
[ReasonBench] progress total=2416/14360 (16.82%) new=2414/14358 elapsed_s=217194.8
[ReasonBench] error example_id=8f3ca4d439a2167eda91a41deaecf48838405ce32967097d2ec7e931b1313cf4 strategy=self_consistency error=ConnectionError(MaxRetryError('HTTPSConnectionPool(host=\'game.agaii.org\', port=443): Max retries exceeded with url: /mllm/v1/chat/completions (Caused by ReadTimeoutError("HTTPSConnectionPool(host=\'game.agaii.org\', port=443): Read timed out. (read timeout=180)"))'))
[ReasonBench] marked_unscorable example_id=8f3ca4d439a2167eda91a41deaecf48838405ce32967097d2ec7e931b1313cf4 strategy=self_consistency error_records=813
[ReasonBench] error example_id=8f3ca4d439a2167eda91a41deaecf48838405ce32967097d2ec7e931b1313cf4 strategy=selective_self_consistency error=ConnectionError(MaxRetryError('HTTPSConnectionPool(host=\'game.agaii.org\', port=443): Max retries exceeded with url: /mllm/v1/chat/completions (Caused by ReadTimeoutError("HTTPSConnectionPool(host=\'game.agaii.org\', port=443): Read timed out. (read timeout=180)"))'))
[ReasonBench] marked_unscorable example_id=8f3ca4d439a2167eda91a41deaecf48838405ce32967097d2ec7e931b1313cf4 strategy=selective_self_consistency error_records=814
[ReasonBench] error example_id=8f3ca4d439a2167eda91a41deaecf48838405ce32967097d2ec7e931b1313cf4 strategy=budgeted_cascade error=ConnectionError(MaxRetryError('HTTPSConnectionPool(host=\'game.agaii.org\', port=443): Max retries exceeded with url: /mllm/v1/chat/completions (Caused by ReadTimeoutError("HTTPSConnectionPool(host=\'game.agaii.org\', port=443): Read timed out. (read timeout=180)"))'))
[ReasonBench] marked_unscorable example_id=8f3ca4d439a2167eda91a41deaecf48838405ce32967097d2ec7e931b1313cf4 strategy=budgeted_cascade error_records=815
[ReasonBench] error example_id=8f3ca4d439a2167eda91a41deaecf48838405ce32967097d2ec7e931b1313cf4 strategy=few_shot_exemplar error=ConnectionError(MaxRetryError('HTTPSConnectionPool(host=\'game.agaii.org\', port=443): Max retries exceeded with url: /mllm/v1/chat/completions (Caused by ReadTimeoutError("HTTPSConnectionPool(host=\'game.agaii.org\', port=443): Read timed out. (read timeout=180)"))'))
[ReasonBench] marked_unscorable example_id=8f3ca4d439a2167eda91a41deaecf48838405ce32967097d2ec7e931b1313cf4 strategy=few_shot_exemplar error_records=816
[ReasonBench] error example_id=31b5500fbd88c9b6087f15229a84578b6863700ef5b4bf2c645d8927a4723a77 strategy=direct error=ConnectionError(MaxRetryError('HTTPSConnectionPool(host=\'game.agaii.org\', port=443): Max retries exceeded with url: /mllm/v1/chat/completions (Caused by ReadTimeoutError("HTTPSConnectionPool(host=\'game.agaii.org\', port=443): Read timed out. (read timeout=180)"))'))
[ReasonBench] marked_unscorable example_id=31b5500fbd88c9b6087f15229a84578b6863700ef5b4bf2c645d8927a4723a77 strategy=direct error_records=817
[ReasonBench] error example_id=31b5500fbd88c9b6087f15229a84578b6863700ef5b4bf2c645d8927a4723a77 strategy=concise_cot error=ConnectionError(MaxRetryError('HTTPSConnectionPool(host=\'game.agaii.org\', port=443): Max retries exceeded with url: /mllm/v1/chat/completions (Caused by ReadTimeoutError("HTTPSConnectionPool(host=\'game.agaii.org\', port=443): Read timed out. (read timeout=180)"))'))
[ReasonBench] marked_unscorable example_id=31b5500fbd88c9b6087f15229a84578b6863700ef5b4bf2c645d8927a4723a77 strategy=concise_cot error_records=818
[ReasonBench] error example_id=31b5500fbd88c9b6087f15229a84578b6863700ef5b4bf2c645d8927a4723a77 strategy=least_to_most error=ConnectionError(MaxRetryError('HTTPSConnectionPool(host=\'game.agaii.org\', port=443): Max retries exceeded with url: /mllm/v1/chat/completions (Caused by ReadTimeoutError("HTTPSConnectionPool(host=\'game.agaii.org\', port=443): Read timed out. (read timeout=180)"))'))
[ReasonBench] marked_unscorable example_id=31b5500fbd88c9b6087f15229a84578b6863700ef5b4bf2c645d8927a4723a77 strategy=least_to_most error_records=819
[ReasonBench] error example_id=31b5500fbd88c9b6087f15229a84578b6863700ef5b4bf2c645d8927a4723a77 strategy=constraint_decompose error=ConnectionError(MaxRetryError('HTTPSConnectionPool(host=\'game.agaii.org\', port=443): Max retries exceeded with url: /mllm/v1/chat/completions (Caused by ReadTimeoutError("HTTPSConnectionPool(host=\'game.agaii.org\', port=443): Read timed out. (read timeout=180)"))'))
[ReasonBench] marked_unscorable example_id=31b5500fbd88c9b6087f15229a84578b6863700ef5b4bf2c645d8927a4723a77 strategy=constraint_decompose error_records=820
[ReasonBench] error example_id=31b5500fbd88c9b6087f15229a84578b6863700ef5b4bf2c645d8927a4723a77 strategy=self_verify error=ConnectionError(MaxRetryError('HTTPSConnectionPool(host=\'game.agaii.org\', port=443): Max retries exceeded with url: /mllm/v1/chat/completions (Caused by ReadTimeoutError("HTTPSConnectionPool(host=\'game.agaii.org\', port=443): Read timed out. (read timeout=180)"))'))
[ReasonBench] marked_unscorable example_id=31b5500fbd88c9b6087f15229a84578b6863700ef5b4bf2c645d8927a4723a77 strategy=self_verify error_records=821
[ReasonBench] error example_id=31b5500fbd88c9b6087f15229a84578b6863700ef5b4bf2c645d8927a4723a77 strategy=critique_refine error=ConnectionError(MaxRetryError('HTTPSConnectionPool(host=\'game.agaii.org\', port=443): Max retries exceeded with url: /mllm/v1/chat/completions (Caused by ReadTimeoutError("HTTPSConnectionPool(host=\'game.agaii.org\', port=443): Read timed out. (read timeout=180)"))'))
[ReasonBench] marked_unscorable example_id=31b5500fbd88c9b6087f15229a84578b6863700ef5b4bf2c645d8927a4723a77 strategy=critique_refine error_records=822
[ReasonBench] error example_id=31b5500fbd88c9b6087f15229a84578b6863700ef5b4bf2c645d8927a4723a77 strategy=self_consistency error=ConnectionError(MaxRetryError('HTTPSConnectionPool(host=\'game.agaii.org\', port=443): Max retries exceeded with url: /mllm/v1/chat/completions (Caused by ReadTimeoutError("HTTPSConnectionPool(host=\'game.agaii.org\', port=443): Read timed out. (read timeout=180)"))'))
[ReasonBench] marked_unscorable example_id=31b5500fbd88c9b6087f15229a84578b6863700ef5b4bf2c645d8927a4723a77 strategy=self_consistency error_records=823
[ReasonBench] error example_id=31b5500fbd88c9b6087f15229a84578b6863700ef5b4bf2c645d8927a4723a77 strategy=selective_self_consistency error=ConnectionError(MaxRetryError('HTTPSConnectionPool(host=\'game.agaii.org\', port=443): Max retries exceeded with url: /mllm/v1/chat/completions (Caused by ReadTimeoutError("HTTPSConnectionPool(host=\'game.agaii.org\', port=443): Read timed out. (read timeout=180)"))'))
[ReasonBench] marked_unscorable example_id=31b5500fbd88c9b6087f15229a84578b6863700ef5b4bf2c645d8927a4723a77 strategy=selective_self_consistency error_records=824
[ReasonBench] error example_id=31b5500fbd88c9b6087f15229a84578b6863700ef5b4bf2c645d8927a4723a77 strategy=budgeted_cascade error=ConnectionError(MaxRetryError('HTTPSConnectionPool(host=\'game.agaii.org\', port=443): Max retries exceeded with url: /mllm/v1/chat/completions (Caused by ReadTimeoutError("HTTPSConnectionPool(host=\'game.agaii.org\', port=443): Read timed out. (read timeout=180)"))'))
[ReasonBench] marked_unscorable example_id=31b5500fbd88c9b6087f15229a84578b6863700ef5b4bf2c645d8927a4723a77 strategy=budgeted_cascade error_records=825
[ReasonBench] error example_id=31b5500fbd88c9b6087f15229a84578b6863700ef5b4bf2c645d8927a4723a77 strategy=few_shot_exemplar error=ConnectionError(MaxRetryError('HTTPSConnectionPool(host=\'game.agaii.org\', port=443): Max retries exceeded with url: /mllm/v1/chat/completions (Caused by ReadTimeoutError("HTTPSConnectionPool(host=\'game.agaii.org\', port=443): Read timed out. (read timeout=180)"))'))
[ReasonBench] marked_unscorable example_id=31b5500fbd88c9b6087f15229a84578b6863700ef5b4bf2c645d8927a4723a77 strategy=few_shot_exemplar error_records=826
[ReasonBench] error example_id=9b8b3c1cdfbadc5d248114dcd74f7376fe3e24db964f3acb8d12159404199aac strategy=direct error=ConnectionError(MaxRetryError('HTTPSConnectionPool(host=\'game.agaii.org\', port=443): Max retries exceeded with url: /mllm/v1/chat/completions (Caused by ReadTimeoutError("HTTPSConnectionPool(host=\'game.agaii.org\', port=443): Read timed out. (read timeout=180)"))'))
[ReasonBench] marked_unscorable example_id=9b8b3c1cdfbadc5d248114dcd74f7376fe3e24db964f3acb8d12159404199aac strategy=direct error_records=827
[ReasonBench] error example_id=9b8b3c1cdfbadc5d248114dcd74f7376fe3e24db964f3acb8d12159404199aac strategy=concise_cot error=ConnectionError(MaxRetryError('HTTPSConnectionPool(host=\'game.agaii.org\', port=443): Max retries exceeded with url: /mllm/v1/chat/completions (Caused by ReadTimeoutError("HTTPSConnectionPool(host=\'game.agaii.org\', port=443): Read timed out. (read timeout=180)"))'))
[ReasonBench] marked_unscorable example_id=9b8b3c1cdfbadc5d248114dcd74f7376fe3e24db964f3acb8d12159404199aac strategy=concise_cot error_records=828
[ReasonBench] error example_id=9b8b3c1cdfbadc5d248114dcd74f7376fe3e24db964f3acb8d12159404199aac strategy=constraint_decompose error=ConnectionError(MaxRetryError('HTTPSConnectionPool(host=\'game.agaii.org\', port=443): Max retries exceeded with url: /mllm/v1/chat/completions (Caused by ReadTimeoutError("HTTPSConnectionPool(host=\'game.agaii.org\', port=443): Read timed out. (read timeout=180)"))'))
[ReasonBench] marked_unscorable example_id=9b8b3c1cdfbadc5d248114dcd74f7376fe3e24db964f3acb8d12159404199aac strategy=constraint_decompose error_records=829
[ReasonBench] error example_id=9b8b3c1cdfbadc5d248114dcd74f7376fe3e24db964f3acb8d12159404199aac strategy=self_verify error=ConnectionError(MaxRetryError('HTTPSConnectionPool(host=\'game.agaii.org\', port=443): Max retries exceeded with url: /mllm/v1/chat/completions (Caused by ReadTimeoutError("HTTPSConnectionPool(host=\'game.agaii.org\', port=443): Read timed out. (read timeout=180)"))'))
[ReasonBench] marked_unscorable example_id=9b8b3c1cdfbadc5d248114dcd74f7376fe3e24db964f3acb8d12159404199aac strategy=self_verify error_records=830
[ReasonBench] error example_id=9b8b3c1cdfbadc5d248114dcd74f7376fe3e24db964f3acb8d12159404199aac strategy=critique_refine error=ConnectionError(MaxRetryError('HTTPSConnectionPool(host=\'game.agaii.org\', port=443): Max retries exceeded with url: /mllm/v1/chat/completions (Caused by ReadTimeoutError("HTTPSConnectionPool(host=\'game.agaii.org\', port=443): Read timed out. (read timeout=180)"))'))
[ReasonBench] marked_unscorable example_id=9b8b3c1cdfbadc5d248114dcd74f7376fe3e24db964f3acb8d12159404199aac strategy=critique_refine error_records=831
[ReasonBench] error example_id=9b8b3c1cdfbadc5d248114dcd74f7376fe3e24db964f3acb8d12159404199aac strategy=self_consistency error=ConnectionError(MaxRetryError('HTTPSConnectionPool(host=\'game.agaii.org\', port=443): Max retries exceeded with url: /mllm/v1/chat/completions (Caused by ReadTimeoutError("HTTPSConnectionPool(host=\'game.agaii.org\', port=443): Read timed out. (read timeout=180)"))'))
[ReasonBench] marked_unscorable example_id=9b8b3c1cdfbadc5d248114dcd74f7376fe3e24db964f3acb8d12159404199aac strategy=self_consistency error_records=832
[ReasonBench] error example_id=9b8b3c1cdfbadc5d248114dcd74f7376fe3e24db964f3acb8d12159404199aac strategy=selective_self_consistency error=ConnectionError(MaxRetryError('HTTPSConnectionPool(host=\'game.agaii.org\', port=443): Max retries exceeded with url: /mllm/v1/chat/completions (Caused by ReadTimeoutError("HTTPSConnectionPool(host=\'game.agaii.org\', port=443): Read timed out. (read timeout=180)"))'))
[ReasonBench] marked_unscorable example_id=9b8b3c1cdfbadc5d248114dcd74f7376fe3e24db964f3acb8d12159404199aac strategy=selective_self_consistency error_records=833
[ReasonBench] error example_id=9b8b3c1cdfbadc5d248114dcd74f7376fe3e24db964f3acb8d12159404199aac strategy=budgeted_cascade error=ConnectionError(MaxRetryError('HTTPSConnectionPool(host=\'game.agaii.org\', port=443): Max retries exceeded with url: /mllm/v1/chat/completions (Caused by ReadTimeoutError("HTTPSConnectionPool(host=\'game.agaii.org\', port=443): Read timed out. (read timeout=180)"))'))
[ReasonBench] marked_unscorable example_id=9b8b3c1cdfbadc5d248114dcd74f7376fe3e24db964f3acb8d12159404199aac strategy=budgeted_cascade error_records=834
[ReasonBench] error example_id=9b8b3c1cdfbadc5d248114dcd74f7376fe3e24db964f3acb8d12159404199aac strategy=few_shot_exemplar error=ConnectionError(MaxRetryError('HTTPSConnectionPool(host=\'game.agaii.org\', port=443): Max retries exceeded with url: /mllm/v1/chat/completions (Caused by ReadTimeoutError("HTTPSConnectionPool(host=\'game.agaii.org\', port=443): Read timed out. (read timeout=180)"))'))
[ReasonBench] marked_unscorable example_id=9b8b3c1cdfbadc5d248114dcd74f7376fe3e24db964f3acb8d12159404199aac strategy=few_shot_exemplar error_records=835
[ReasonBench] error example_id=1f592e4e1a40499fb15905f6badb7c507a643106aec8d907f34de9cd200cb3fa strategy=direct error=ConnectionError(MaxRetryError('HTTPSConnectionPool(host=\'game.agaii.org\', port=443): Max retries exceeded with url: /mllm/v1/chat/completions (Caused by ReadTimeoutError("HTTPSConnectionPool(host=\'game.agaii.org\', port=443): Read timed out. (read timeout=180)"))'))
[ReasonBench] marked_unscorable example_id=1f592e4e1a40499fb15905f6badb7c507a643106aec8d907f34de9cd200cb3fa strategy=direct error_records=836
[ReasonBench] error example_id=1f592e4e1a40499fb15905f6badb7c507a643106aec8d907f34de9cd200cb3fa strategy=concise_cot error=ConnectionError(MaxRetryError('HTTPSConnectionPool(host=\'game.agaii.org\', port=443): Max retries exceeded with url: /mllm/v1/chat/completions (Caused by ReadTimeoutError("HTTPSConnectionPool(host=\'game.agaii.org\', port=443): Read timed out. (read timeout=180)"))'))
[ReasonBench] marked_unscorable example_id=1f592e4e1a40499fb15905f6badb7c507a643106aec8d907f34de9cd200cb3fa strategy=concise_cot error_records=837
[ReasonBench] error example_id=1f592e4e1a40499fb15905f6badb7c507a643106aec8d907f34de9cd200cb3fa strategy=least_to_most error=ConnectionError(MaxRetryError('HTTPSConnectionPool(host=\'game.agaii.org\', port=443): Max retries exceeded with url: /mllm/v1/chat/completions (Caused by ReadTimeoutError("HTTPSConnectionPool(host=\'game.agaii.org\', port=443): Read timed out. (read timeout=180)"))'))
[ReasonBench] marked_unscorable example_id=1f592e4e1a40499fb15905f6badb7c507a643106aec8d907f34de9cd200cb3fa strategy=least_to_most error_records=838
[ReasonBench] error example_id=1f592e4e1a40499fb15905f6badb7c507a643106aec8d907f34de9cd200cb3fa strategy=constraint_decompose error=ConnectionError(MaxRetryError('HTTPSConnectionPool(host=\'game.agaii.org\', port=443): Max retries exceeded with url: /mllm/v1/chat/completions (Caused by ReadTimeoutError("HTTPSConnectionPool(host=\'game.agaii.org\', port=443): Read timed out. (read timeout=180)"))'))
[ReasonBench] marked_unscorable example_id=1f592e4e1a40499fb15905f6badb7c507a643106aec8d907f34de9cd200cb3fa strategy=constraint_decompose error_records=839
[ReasonBench] error example_id=1f592e4e1a40499fb15905f6badb7c507a643106aec8d907f34de9cd200cb3fa strategy=self_verify error=ConnectionError(MaxRetryError('HTTPSConnectionPool(host=\'game.agaii.org\', port=443): Max retries exceeded with url: /mllm/v1/chat/completions (Caused by ReadTimeoutError("HTTPSConnectionPool(host=\'game.agaii.org\', port=443): Read timed out. (read timeout=180)"))'))
[ReasonBench] marked_unscorable example_id=1f592e4e1a40499fb15905f6badb7c507a643106aec8d907f34de9cd200cb3fa strategy=self_verify error_records=840
[ReasonBench] error example_id=1f592e4e1a40499fb15905f6badb7c507a643106aec8d907f34de9cd200cb3fa strategy=critique_refine error=ConnectionError(MaxRetryError('HTTPSConnectionPool(host=\'game.agaii.org\', port=443): Max retries exceeded with url: /mllm/v1/chat/completions (Caused by ReadTimeoutError("HTTPSConnectionPool(host=\'game.agaii.org\', port=443): Read timed out. (read timeout=180)"))'))
[ReasonBench] marked_unscorable example_id=1f592e4e1a40499fb15905f6badb7c507a643106aec8d907f34de9cd200cb3fa strategy=critique_refine error_records=841
[ReasonBench] error example_id=1f592e4e1a40499fb15905f6badb7c507a643106aec8d907f34de9cd200cb3fa strategy=self_consistency error=ConnectionError(MaxRetryError('HTTPSConnectionPool(host=\'game.agaii.org\', port=443): Max retries exceeded with url: /mllm/v1/chat/completions (Caused by ReadTimeoutError("HTTPSConnectionPool(host=\'game.agaii.org\', port=443): Read timed out. (read timeout=180)"))'))
[ReasonBench] marked_unscorable example_id=1f592e4e1a40499fb15905f6badb7c507a643106aec8d907f34de9cd200cb3fa strategy=self_consistency error_records=842
[ReasonBench] error example_id=1f592e4e1a40499fb15905f6badb7c507a643106aec8d907f34de9cd200cb3fa strategy=selective_self_consistency error=ConnectionError(MaxRetryError('HTTPSConnectionPool(host=\'game.agaii.org\', port=443): Max retries exceeded with url: /mllm/v1/chat/completions (Caused by ReadTimeoutError("HTTPSConnectionPool(host=\'game.agaii.org\', port=443): Read timed out. (read timeout=180)"))'))
[ReasonBench] marked_unscorable example_id=1f592e4e1a40499fb15905f6badb7c507a643106aec8d907f34de9cd200cb3fa strategy=selective_self_consistency error_records=843
[ReasonBench] error example_id=1f592e4e1a40499fb15905f6badb7c507a643106aec8d907f34de9cd200cb3fa strategy=few_shot_exemplar error=ConnectionError(MaxRetryError('HTTPSConnectionPool(host=\'game.agaii.org\', port=443): Max retries exceeded with url: /mllm/v1/chat/completions (Caused by ReadTimeoutError("HTTPSConnectionPool(host=\'game.agaii.org\', port=443): Read timed out. (read timeout=180)"))'))
[ReasonBench] marked_unscorable example_id=1f592e4e1a40499fb15905f6badb7c507a643106aec8d907f34de9cd200cb3fa strategy=few_shot_exemplar error_records=844
[ReasonBench] error example_id=e852443f6993386ec44106f68bee0f7f278cfd9fb116228e55a50713257692b2 strategy=direct error=ConnectionError(MaxRetryError('HTTPSConnectionPool(host=\'game.agaii.org\', port=443): Max retries exceeded with url: /mllm/v1/chat/completions (Caused by ReadTimeoutError("HTTPSConnectionPool(host=\'game.agaii.org\', port=443): Read timed out. (read timeout=180)"))'))
[ReasonBench] marked_unscorable example_id=e852443f6993386ec44106f68bee0f7f278cfd9fb116228e55a50713257692b2 strategy=direct error_records=845
[ReasonBench] error example_id=e852443f6993386ec44106f68bee0f7f278cfd9fb116228e55a50713257692b2 strategy=concise_cot error=ConnectionError(MaxRetryError('HTTPSConnectionPool(host=\'game.agaii.org\', port=443): Max retries exceeded with url: /mllm/v1/chat/completions (Caused by ReadTimeoutError("HTTPSConnectionPool(host=\'game.agaii.org\', port=443): Read timed out. (read timeout=180)"))'))
[ReasonBench] marked_unscorable example_id=e852443f6993386ec44106f68bee0f7f278cfd9fb116228e55a50713257692b2 strategy=concise_cot error_records=846
[ReasonBench] error example_id=e852443f6993386ec44106f68bee0f7f278cfd9fb116228e55a50713257692b2 strategy=constraint_decompose error=ConnectionError(MaxRetryError('HTTPSConnectionPool(host=\'game.agaii.org\', port=443): Max retries exceeded with url: /mllm/v1/chat/completions (Caused by ReadTimeoutError("HTTPSConnectionPool(host=\'game.agaii.org\', port=443): Read timed out. (read timeout=180)"))'))
[ReasonBench] marked_unscorable example_id=e852443f6993386ec44106f68bee0f7f278cfd9fb116228e55a50713257692b2 strategy=constraint_decompose error_records=847
[ReasonBench] error example_id=e852443f6993386ec44106f68bee0f7f278cfd9fb116228e55a50713257692b2 strategy=self_verify error=ConnectionError(MaxRetryError('HTTPSConnectionPool(host=\'game.agaii.org\', port=443): Max retries exceeded with url: /mllm/v1/chat/completions (Caused by ReadTimeoutError("HTTPSConnectionPool(host=\'game.agaii.org\', port=443): Read timed out. (read timeout=180)"))'))
[ReasonBench] marked_unscorable example_id=e852443f6993386ec44106f68bee0f7f278cfd9fb116228e55a50713257692b2 strategy=self_verify error_records=848
[ReasonBench] error example_id=e852443f6993386ec44106f68bee0f7f278cfd9fb116228e55a50713257692b2 strategy=critique_refine error=ConnectionError(MaxRetryError('HTTPSConnectionPool(host=\'game.agaii.org\', port=443): Max retries exceeded with url: /mllm/v1/chat/completions (Caused by ReadTimeoutError("HTTPSConnectionPool(host=\'game.agaii.org\', port=443): Read timed out. (read timeout=180)"))'))
[ReasonBench] marked_unscorable example_id=e852443f6993386ec44106f68bee0f7f278cfd9fb116228e55a50713257692b2 strategy=critique_refine error_records=849
[ReasonBench] error example_id=e852443f6993386ec44106f68bee0f7f278cfd9fb116228e55a50713257692b2 strategy=self_consistency error=ConnectionError(MaxRetryError('HTTPSConnectionPool(host=\'game.agaii.org\', port=443): Max retries exceeded with url: /mllm/v1/chat/completions (Caused by ReadTimeoutError("HTTPSConnectionPool(host=\'game.agaii.org\', port=443): Read timed out. (read timeout=180)"))'))
[ReasonBench] marked_unscorable example_id=e852443f6993386ec44106f68bee0f7f278cfd9fb116228e55a50713257692b2 strategy=self_consistency error_records=850
[ReasonBench] error example_id=e852443f6993386ec44106f68bee0f7f278cfd9fb116228e55a50713257692b2 strategy=selective_self_consistency error=ConnectionError(MaxRetryError('HTTPSConnectionPool(host=\'game.agaii.org\', port=443): Max retries exceeded with url: /mllm/v1/chat/completions (Caused by ReadTimeoutError("HTTPSConnectionPool(host=\'game.agaii.org\', port=443): Read timed out. (read timeout=180)"))'))
[ReasonBench] marked_unscorable example_id=e852443f6993386ec44106f68bee0f7f278cfd9fb116228e55a50713257692b2 strategy=selective_self_consistency error_records=851
[ReasonBench] error example_id=e852443f6993386ec44106f68bee0f7f278cfd9fb116228e55a50713257692b2 strategy=budgeted_cascade error=ConnectionError(MaxRetryError('HTTPSConnectionPool(host=\'game.agaii.org\', port=443): Max retries exceeded with url: /mllm/v1/chat/completions (Caused by ReadTimeoutError("HTTPSConnectionPool(host=\'game.agaii.org\', port=443): Read timed out. (read timeout=180)"))'))
[ReasonBench] marked_unscorable example_id=e852443f6993386ec44106f68bee0f7f278cfd9fb116228e55a50713257692b2 strategy=budgeted_cascade error_records=852
[ReasonBench] error example_id=e852443f6993386ec44106f68bee0f7f278cfd9fb116228e55a50713257692b2 strategy=few_shot_exemplar error=ConnectionError(MaxRetryError('HTTPSConnectionPool(host=\'game.agaii.org\', port=443): Max retries exceeded with url: /mllm/v1/chat/completions (Caused by ReadTimeoutError("HTTPSConnectionPool(host=\'game.agaii.org\', port=443): Read timed out. (read timeout=180)"))'))
[ReasonBench] marked_unscorable example_id=e852443f6993386ec44106f68bee0f7f278cfd9fb116228e55a50713257692b2 strategy=few_shot_exemplar error_records=853
[ReasonBench] error example_id=f44bcc507aa7a438c07f435c70e687868c07af785cc257410780ff861c54c646 strategy=direct error=ConnectionError(MaxRetryError('HTTPSConnectionPool(host=\'game.agaii.org\', port=443): Max retries exceeded with url: /mllm/v1/chat/completions (Caused by ReadTimeoutError("HTTPSConnectionPool(host=\'game.agaii.org\', port=443): Read timed out. (read timeout=180)"))'))
[ReasonBench] marked_unscorable example_id=f44bcc507aa7a438c07f435c70e687868c07af785cc257410780ff861c54c646 strategy=direct error_records=854
[ReasonBench] error example_id=f44bcc507aa7a438c07f435c70e687868c07af785cc257410780ff861c54c646 strategy=concise_cot error=ConnectionError(MaxRetryError('HTTPSConnectionPool(host=\'game.agaii.org\', port=443): Max retries exceeded with url: /mllm/v1/chat/completions (Caused by ReadTimeoutError("HTTPSConnectionPool(host=\'game.agaii.org\', port=443): Read timed out. (read timeout=180)"))'))
[ReasonBench] marked_unscorable example_id=f44bcc507aa7a438c07f435c70e687868c07af785cc257410780ff861c54c646 strategy=concise_cot error_records=855
[ReasonBench] error example_id=f44bcc507aa7a438c07f435c70e687868c07af785cc257410780ff861c54c646 strategy=least_to_most error=ConnectionError(MaxRetryError('HTTPSConnectionPool(host=\'game.agaii.org\', port=443): Max retries exceeded with url: /mllm/v1/chat/completions (Caused by ReadTimeoutError("HTTPSConnectionPool(host=\'game.agaii.org\', port=443): Read timed out. (read timeout=180)"))'))
[ReasonBench] marked_unscorable example_id=f44bcc507aa7a438c07f435c70e687868c07af785cc257410780ff861c54c646 strategy=least_to_most error_records=856
[ReasonBench] error example_id=f44bcc507aa7a438c07f435c70e687868c07af785cc257410780ff861c54c646 strategy=constraint_decompose error=ConnectionError(MaxRetryError('HTTPSConnectionPool(host=\'game.agaii.org\', port=443): Max retries exceeded with url: /mllm/v1/chat/completions (Caused by ReadTimeoutError("HTTPSConnectionPool(host=\'game.agaii.org\', port=443): Read timed out. (read timeout=180)"))'))
[ReasonBench] marked_unscorable example_id=f44bcc507aa7a438c07f435c70e687868c07af785cc257410780ff861c54c646 strategy=constraint_decompose error_records=857
[ReasonBench] error example_id=f44bcc507aa7a438c07f435c70e687868c07af785cc257410780ff861c54c646 strategy=self_verify error=ConnectionError(MaxRetryError('HTTPSConnectionPool(host=\'game.agaii.org\', port=443): Max retries exceeded with url: /mllm/v1/chat/completions (Caused by ReadTimeoutError("HTTPSConnectionPool(host=\'game.agaii.org\', port=443): Read timed out. (read timeout=180)"))'))
[ReasonBench] marked_unscorable example_id=f44bcc507aa7a438c07f435c70e687868c07af785cc257410780ff861c54c646 strategy=self_verify error_records=858
[ReasonBench] error example_id=f44bcc507aa7a438c07f435c70e687868c07af785cc257410780ff861c54c646 strategy=critique_refine error=ConnectionError(MaxRetryError('HTTPSConnectionPool(host=\'game.agaii.org\', port=443): Max retries exceeded with url: /mllm/v1/chat/completions (Caused by ReadTimeoutError("HTTPSConnectionPool(host=\'game.agaii.org\', port=443): Read timed out. (read timeout=180)"))'))
[ReasonBench] marked_unscorable example_id=f44bcc507aa7a438c07f435c70e687868c07af785cc257410780ff861c54c646 strategy=critique_refine error_records=859
[ReasonBench] error example_id=f44bcc507aa7a438c07f435c70e687868c07af785cc257410780ff861c54c646 strategy=self_consistency error=ConnectionError(MaxRetryError('HTTPSConnectionPool(host=\'game.agaii.org\', port=443): Max retries exceeded with url: /mllm/v1/chat/completions (Caused by ReadTimeoutError("HTTPSConnectionPool(host=\'game.agaii.org\', port=443): Read timed out. (read timeout=180)"))'))
[ReasonBench] marked_unscorable example_id=f44bcc507aa7a438c07f435c70e687868c07af785cc257410780ff861c54c646 strategy=self_consistency error_records=860
[ReasonBench] error example_id=f44bcc507aa7a438c07f435c70e687868c07af785cc257410780ff861c54c646 strategy=selective_self_consistency error=ConnectionError(MaxRetryError('HTTPSConnectionPool(host=\'game.agaii.org\', port=443): Max retries exceeded with url: /mllm/v1/chat/completions (Caused by ReadTimeoutError("HTTPSConnectionPool(host=\'game.agaii.org\', port=443): Read timed out. (read timeout=180)"))'))
[ReasonBench] marked_unscorable example_id=f44bcc507aa7a438c07f435c70e687868c07af785cc257410780ff861c54c646 strategy=selective_self_consistency error_records=861
[ReasonBench] error example_id=f44bcc507aa7a438c07f435c70e687868c07af785cc257410780ff861c54c646 strategy=budgeted_cascade error=ConnectionError(MaxRetryError('HTTPSConnectionPool(host=\'game.agaii.org\', port=443): Max retries exceeded with url: /mllm/v1/chat/completions (Caused by ReadTimeoutError("HTTPSConnectionPool(host=\'game.agaii.org\', port=443): Read timed out. (read timeout=180)"))'))
[ReasonBench] marked_unscorable example_id=f44bcc507aa7a438c07f435c70e687868c07af785cc257410780ff861c54c646 strategy=budgeted_cascade error_records=862
[ReasonBench] error example_id=f44bcc507aa7a438c07f435c70e687868c07af785cc257410780ff861c54c646 strategy=few_shot_exemplar error=ConnectionError(MaxRetryError('HTTPSConnectionPool(host=\'game.agaii.org\', port=443): Max retries exceeded with url: /mllm/v1/chat/completions (Caused by ReadTimeoutError("HTTPSConnectionPool(host=\'game.agaii.org\', port=443): Read timed out. (read timeout=180)"))'))
[ReasonBench] marked_unscorable example_id=f44bcc507aa7a438c07f435c70e687868c07af785cc257410780ff861c54c646 strategy=few_shot_exemplar error_records=863
[ReasonBench] error example_id=0bedfad80bcaab18b0ab15531247a61a8b75f42c6e87c40f05d398dc25984d35 strategy=direct error=ConnectionError(MaxRetryError('HTTPSConnectionPool(host=\'game.agaii.org\', port=443): Max retries exceeded with url: /mllm/v1/chat/completions (Caused by ReadTimeoutError("HTTPSConnectionPool(host=\'game.agaii.org\', port=443): Read timed out. (read timeout=180)"))'))
[ReasonBench] marked_unscorable example_id=0bedfad80bcaab18b0ab15531247a61a8b75f42c6e87c40f05d398dc25984d35 strategy=direct error_records=864
[ReasonBench] error example_id=0bedfad80bcaab18b0ab15531247a61a8b75f42c6e87c40f05d398dc25984d35 strategy=concise_cot error=ConnectionError(MaxRetryError('HTTPSConnectionPool(host=\'game.agaii.org\', port=443): Max retries exceeded with url: /mllm/v1/chat/completions (Caused by ReadTimeoutError("HTTPSConnectionPool(host=\'game.agaii.org\', port=443): Read timed out. (read timeout=180)"))'))
[ReasonBench] marked_unscorable example_id=0bedfad80bcaab18b0ab15531247a61a8b75f42c6e87c40f05d398dc25984d35 strategy=concise_cot error_records=865
[ReasonBench] error example_id=0bedfad80bcaab18b0ab15531247a61a8b75f42c6e87c40f05d398dc25984d35 strategy=least_to_most error=ConnectionError(MaxRetryError('HTTPSConnectionPool(host=\'game.agaii.org\', port=443): Max retries exceeded with url: /mllm/v1/chat/completions (Caused by ReadTimeoutError("HTTPSConnectionPool(host=\'game.agaii.org\', port=443): Read timed out. (read timeout=180)"))'))
[ReasonBench] marked_unscorable example_id=0bedfad80bcaab18b0ab15531247a61a8b75f42c6e87c40f05d398dc25984d35 strategy=least_to_most error_records=866
[ReasonBench] error example_id=0bedfad80bcaab18b0ab15531247a61a8b75f42c6e87c40f05d398dc25984d35 strategy=constraint_decompose error=ConnectionError(MaxRetryError('HTTPSConnectionPool(host=\'game.agaii.org\', port=443): Max retries exceeded with url: /mllm/v1/chat/completions (Caused by ReadTimeoutError("HTTPSConnectionPool(host=\'game.agaii.org\', port=443): Read timed out. (read timeout=180)"))'))
[ReasonBench] marked_unscorable example_id=0bedfad80bcaab18b0ab15531247a61a8b75f42c6e87c40f05d398dc25984d35 strategy=constraint_decompose error_records=867
[ReasonBench] error example_id=0bedfad80bcaab18b0ab15531247a61a8b75f42c6e87c40f05d398dc25984d35 strategy=self_verify error=ConnectionError(MaxRetryError('HTTPSConnectionPool(host=\'game.agaii.org\', port=443): Max retries exceeded with url: /mllm/v1/chat/completions (Caused by ReadTimeoutError("HTTPSConnectionPool(host=\'game.agaii.org\', port=443): Read timed out. (read timeout=180)"))'))
[ReasonBench] marked_unscorable example_id=0bedfad80bcaab18b0ab15531247a61a8b75f42c6e87c40f05d398dc25984d35 strategy=self_verify error_records=868
[ReasonBench] error example_id=0bedfad80bcaab18b0ab15531247a61a8b75f42c6e87c40f05d398dc25984d35 strategy=critique_refine error=ConnectionError(MaxRetryError('HTTPSConnectionPool(host=\'game.agaii.org\', port=443): Max retries exceeded with url: /mllm/v1/chat/completions (Caused by ReadTimeoutError("HTTPSConnectionPool(host=\'game.agaii.org\', port=443): Read timed out. (read timeout=180)"))'))
[ReasonBench] marked_unscorable example_id=0bedfad80bcaab18b0ab15531247a61a8b75f42c6e87c40f05d398dc25984d35 strategy=critique_refine error_records=869
[ReasonBench] error example_id=0bedfad80bcaab18b0ab15531247a61a8b75f42c6e87c40f05d398dc25984d35 strategy=self_consistency error=ConnectionError(MaxRetryError('HTTPSConnectionPool(host=\'game.agaii.org\', port=443): Max retries exceeded with url: /mllm/v1/chat/completions (Caused by ReadTimeoutError("HTTPSConnectionPool(host=\'game.agaii.org\', port=443): Read timed out. (read timeout=180)"))'))
[ReasonBench] marked_unscorable example_id=0bedfad80bcaab18b0ab15531247a61a8b75f42c6e87c40f05d398dc25984d35 strategy=self_consistency error_records=870
[ReasonBench] error example_id=0bedfad80bcaab18b0ab15531247a61a8b75f42c6e87c40f05d398dc25984d35 strategy=selective_self_consistency error=ConnectionError(MaxRetryError('HTTPSConnectionPool(host=\'game.agaii.org\', port=443): Max retries exceeded with url: /mllm/v1/chat/completions (Caused by ReadTimeoutError("HTTPSConnectionPool(host=\'game.agaii.org\', port=443): Read timed out. (read timeout=180)"))'))
[ReasonBench] marked_unscorable example_id=0bedfad80bcaab18b0ab15531247a61a8b75f42c6e87c40f05d398dc25984d35 strategy=selective_self_consistency error_records=871
[ReasonBench] error example_id=0bedfad80bcaab18b0ab15531247a61a8b75f42c6e87c40f05d398dc25984d35 strategy=budgeted_cascade error=ConnectionError(MaxRetryError('HTTPSConnectionPool(host=\'game.agaii.org\', port=443): Max retries exceeded with url: /mllm/v1/chat/completions (Caused by ReadTimeoutError("HTTPSConnectionPool(host=\'game.agaii.org\', port=443): Read timed out. (read timeout=180)"))'))
[ReasonBench] marked_unscorable example_id=0bedfad80bcaab18b0ab15531247a61a8b75f42c6e87c40f05d398dc25984d35 strategy=budgeted_cascade error_records=872
[ReasonBench] error example_id=0bedfad80bcaab18b0ab15531247a61a8b75f42c6e87c40f05d398dc25984d35 strategy=few_shot_exemplar error=ConnectionError(MaxRetryError('HTTPSConnectionPool(host=\'game.agaii.org\', port=443): Max retries exceeded with url: /mllm/v1/chat/completions (Caused by ReadTimeoutError("HTTPSConnectionPool(host=\'game.agaii.org\', port=443): Read timed out. (read timeout=180)"))'))
[ReasonBench] marked_unscorable example_id=0bedfad80bcaab18b0ab15531247a61a8b75f42c6e87c40f05d398dc25984d35 strategy=few_shot_exemplar error_records=873
[ReasonBench] error example_id=9cd37119651a821e2695ee073ddf004d50d9add830f4e7f3bc469f9b0d4ddbe3 strategy=direct error=ConnectionError(MaxRetryError('HTTPSConnectionPool(host=\'game.agaii.org\', port=443): Max retries exceeded with url: /mllm/v1/chat/completions (Caused by ReadTimeoutError("HTTPSConnectionPool(host=\'game.agaii.org\', port=443): Read timed out. (read timeout=180)"))'))
[ReasonBench] marked_unscorable example_id=9cd37119651a821e2695ee073ddf004d50d9add830f4e7f3bc469f9b0d4ddbe3 strategy=direct error_records=874
[ReasonBench] error example_id=9cd37119651a821e2695ee073ddf004d50d9add830f4e7f3bc469f9b0d4ddbe3 strategy=concise_cot error=ConnectionError(MaxRetryError('HTTPSConnectionPool(host=\'game.agaii.org\', port=443): Max retries exceeded with url: /mllm/v1/chat/completions (Caused by ReadTimeoutError("HTTPSConnectionPool(host=\'game.agaii.org\', port=443): Read timed out. (read timeout=180)"))'))
[ReasonBench] marked_unscorable example_id=9cd37119651a821e2695ee073ddf004d50d9add830f4e7f3bc469f9b0d4ddbe3 strategy=concise_cot error_records=875
[ReasonBench] error example_id=9cd37119651a821e2695ee073ddf004d50d9add830f4e7f3bc469f9b0d4ddbe3 strategy=least_to_most error=ConnectionError(MaxRetryError('HTTPSConnectionPool(host=\'game.agaii.org\', port=443): Max retries exceeded with url: /mllm/v1/chat/completions (Caused by ReadTimeoutError("HTTPSConnectionPool(host=\'game.agaii.org\', port=443): Read timed out. (read timeout=180)"))'))
[ReasonBench] marked_unscorable example_id=9cd37119651a821e2695ee073ddf004d50d9add830f4e7f3bc469f9b0d4ddbe3 strategy=least_to_most error_records=876
[ReasonBench] error example_id=9cd37119651a821e2695ee073ddf004d50d9add830f4e7f3bc469f9b0d4ddbe3 strategy=constraint_decompose error=ConnectionError(MaxRetryError('HTTPSConnectionPool(host=\'game.agaii.org\', port=443): Max retries exceeded with url: /mllm/v1/chat/completions (Caused by ReadTimeoutError("HTTPSConnectionPool(host=\'game.agaii.org\', port=443): Read timed out. (read timeout=180)"))'))
[ReasonBench] marked_unscorable example_id=9cd37119651a821e2695ee073ddf004d50d9add830f4e7f3bc469f9b0d4ddbe3 strategy=constraint_decompose error_records=877
[ReasonBench] error example_id=9cd37119651a821e2695ee073ddf004d50d9add830f4e7f3bc469f9b0d4ddbe3 strategy=self_verify error=ConnectionError(MaxRetryError('HTTPSConnectionPool(host=\'game.agaii.org\', port=443): Max retries exceeded with url: /mllm/v1/chat/completions (Caused by ReadTimeoutError("HTTPSConnectionPool(host=\'game.agaii.org\', port=443): Read timed out. (read timeout=180)"))'))
[ReasonBench] marked_unscorable example_id=9cd37119651a821e2695ee073ddf004d50d9add830f4e7f3bc469f9b0d4ddbe3 strategy=self_verify error_records=878
[ReasonBench] error example_id=9cd37119651a821e2695ee073ddf004d50d9add830f4e7f3bc469f9b0d4ddbe3 strategy=critique_refine error=ConnectionError(MaxRetryError('HTTPSConnectionPool(host=\'game.agaii.org\', port=443): Max retries exceeded with url: /mllm/v1/chat/completions (Caused by ReadTimeoutError("HTTPSConnectionPool(host=\'game.agaii.org\', port=443): Read timed out. (read timeout=180)"))'))
[ReasonBench] marked_unscorable example_id=9cd37119651a821e2695ee073ddf004d50d9add830f4e7f3bc469f9b0d4ddbe3 strategy=critique_refine error_records=879
[ReasonBench] error example_id=9cd37119651a821e2695ee073ddf004d50d9add830f4e7f3bc469f9b0d4ddbe3 strategy=self_consistency error=ConnectionError(MaxRetryError('HTTPSConnectionPool(host=\'game.agaii.org\', port=443): Max retries exceeded with url: /mllm/v1/chat/completions (Caused by ReadTimeoutError("HTTPSConnectionPool(host=\'game.agaii.org\', port=443): Read timed out. (read timeout=180)"))'))
[ReasonBench] marked_unscorable example_id=9cd37119651a821e2695ee073ddf004d50d9add830f4e7f3bc469f9b0d4ddbe3 strategy=self_consistency error_records=880
[ReasonBench] progress total=2487/14360 (17.32%) new=2485/14358 elapsed_s=234080.7
[ReasonBench] error example_id=9cd37119651a821e2695ee073ddf004d50d9add830f4e7f3bc469f9b0d4ddbe3 strategy=selective_self_consistency error=ConnectionError(MaxRetryError('HTTPSConnectionPool(host=\'game.agaii.org\', port=443): Max retries exceeded with url: /mllm/v1/chat/completions (Caused by ReadTimeoutError("HTTPSConnectionPool(host=\'game.agaii.org\', port=443): Read timed out. (read timeout=180)"))'))
[ReasonBench] marked_unscorable example_id=9cd37119651a821e2695ee073ddf004d50d9add830f4e7f3bc469f9b0d4ddbe3 strategy=selective_self_consistency error_records=881
[ReasonBench] error example_id=9cd37119651a821e2695ee073ddf004d50d9add830f4e7f3bc469f9b0d4ddbe3 strategy=budgeted_cascade error=ConnectionError(MaxRetryError('HTTPSConnectionPool(host=\'game.agaii.org\', port=443): Max retries exceeded with url: /mllm/v1/chat/completions (Caused by ReadTimeoutError("HTTPSConnectionPool(host=\'game.agaii.org\', port=443): Read timed out. (read timeout=180)"))'))
[ReasonBench] marked_unscorable example_id=9cd37119651a821e2695ee073ddf004d50d9add830f4e7f3bc469f9b0d4ddbe3 strategy=budgeted_cascade error_records=882
[ReasonBench] error example_id=9cd37119651a821e2695ee073ddf004d50d9add830f4e7f3bc469f9b0d4ddbe3 strategy=few_shot_exemplar error=ConnectionError(MaxRetryError('HTTPSConnectionPool(host=\'game.agaii.org\', port=443): Max retries exceeded with url: /mllm/v1/chat/completions (Caused by ReadTimeoutError("HTTPSConnectionPool(host=\'game.agaii.org\', port=443): Read timed out. (read timeout=180)"))'))
[ReasonBench] marked_unscorable example_id=9cd37119651a821e2695ee073ddf004d50d9add830f4e7f3bc469f9b0d4ddbe3 strategy=few_shot_exemplar error_records=883
[ReasonBench] error example_id=af06a250c4d58799cd7bf0f73df94134106098b21d8b0a3a3e61dd9eacda6724 strategy=direct error=ConnectionError(MaxRetryError('HTTPSConnectionPool(host=\'game.agaii.org\', port=443): Max retries exceeded with url: /mllm/v1/chat/completions (Caused by ReadTimeoutError("HTTPSConnectionPool(host=\'game.agaii.org\', port=443): Read timed out. (read timeout=180)"))'))
[ReasonBench] marked_unscorable example_id=af06a250c4d58799cd7bf0f73df94134106098b21d8b0a3a3e61dd9eacda6724 strategy=direct error_records=884
[ReasonBench] error example_id=af06a250c4d58799cd7bf0f73df94134106098b21d8b0a3a3e61dd9eacda6724 strategy=concise_cot error=ConnectionError(MaxRetryError('HTTPSConnectionPool(host=\'game.agaii.org\', port=443): Max retries exceeded with url: /mllm/v1/chat/completions (Caused by ReadTimeoutError("HTTPSConnectionPool(host=\'game.agaii.org\', port=443): Read timed out. (read timeout=180)"))'))
[ReasonBench] marked_unscorable example_id=af06a250c4d58799cd7bf0f73df94134106098b21d8b0a3a3e61dd9eacda6724 strategy=concise_cot error_records=885
[ReasonBench] error example_id=af06a250c4d58799cd7bf0f73df94134106098b21d8b0a3a3e61dd9eacda6724 strategy=least_to_most error=ConnectionError(MaxRetryError('HTTPSConnectionPool(host=\'game.agaii.org\', port=443): Max retries exceeded with url: /mllm/v1/chat/completions (Caused by ReadTimeoutError("HTTPSConnectionPool(host=\'game.agaii.org\', port=443): Read timed out. (read timeout=180)"))'))
[ReasonBench] marked_unscorable example_id=af06a250c4d58799cd7bf0f73df94134106098b21d8b0a3a3e61dd9eacda6724 strategy=least_to_most error_records=886
[ReasonBench] error example_id=af06a250c4d58799cd7bf0f73df94134106098b21d8b0a3a3e61dd9eacda6724 strategy=constraint_decompose error=ConnectionError(MaxRetryError('HTTPSConnectionPool(host=\'game.agaii.org\', port=443): Max retries exceeded with url: /mllm/v1/chat/completions (Caused by ReadTimeoutError("HTTPSConnectionPool(host=\'game.agaii.org\', port=443): Read timed out. (read timeout=180)"))'))
[ReasonBench] marked_unscorable example_id=af06a250c4d58799cd7bf0f73df94134106098b21d8b0a3a3e61dd9eacda6724 strategy=constraint_decompose error_records=887
[ReasonBench] error example_id=af06a250c4d58799cd7bf0f73df94134106098b21d8b0a3a3e61dd9eacda6724 strategy=self_verify error=ConnectionError(MaxRetryError('HTTPSConnectionPool(host=\'game.agaii.org\', port=443): Max retries exceeded with url: /mllm/v1/chat/completions (Caused by ReadTimeoutError("HTTPSConnectionPool(host=\'game.agaii.org\', port=443): Read timed out. (read timeout=180)"))'))
[ReasonBench] marked_unscorable example_id=af06a250c4d58799cd7bf0f73df94134106098b21d8b0a3a3e61dd9eacda6724 strategy=self_verify error_records=888
[ReasonBench] error example_id=af06a250c4d58799cd7bf0f73df94134106098b21d8b0a3a3e61dd9eacda6724 strategy=critique_refine error=ConnectionError(MaxRetryError('HTTPSConnectionPool(host=\'game.agaii.org\', port=443): Max retries exceeded with url: /mllm/v1/chat/completions (Caused by ReadTimeoutError("HTTPSConnectionPool(host=\'game.agaii.org\', port=443): Read timed out. (read timeout=180)"))'))
[ReasonBench] marked_unscorable example_id=af06a250c4d58799cd7bf0f73df94134106098b21d8b0a3a3e61dd9eacda6724 strategy=critique_refine error_records=889
[ReasonBench] error example_id=af06a250c4d58799cd7bf0f73df94134106098b21d8b0a3a3e61dd9eacda6724 strategy=self_consistency error=ConnectionError(MaxRetryError('HTTPSConnectionPool(host=\'game.agaii.org\', port=443): Max retries exceeded with url: /mllm/v1/chat/completions (Caused by ReadTimeoutError("HTTPSConnectionPool(host=\'game.agaii.org\', port=443): Read timed out. (read timeout=180)"))'))
[ReasonBench] marked_unscorable example_id=af06a250c4d58799cd7bf0f73df94134106098b21d8b0a3a3e61dd9eacda6724 strategy=self_consistency error_records=890
[ReasonBench] error example_id=af06a250c4d58799cd7bf0f73df94134106098b21d8b0a3a3e61dd9eacda6724 strategy=selective_self_consistency error=ConnectionError(MaxRetryError('HTTPSConnectionPool(host=\'game.agaii.org\', port=443): Max retries exceeded with url: /mllm/v1/chat/completions (Caused by ReadTimeoutError("HTTPSConnectionPool(host=\'game.agaii.org\', port=443): Read timed out. (read timeout=180)"))'))
[ReasonBench] marked_unscorable example_id=af06a250c4d58799cd7bf0f73df94134106098b21d8b0a3a3e61dd9eacda6724 strategy=selective_self_consistency error_records=891
[ReasonBench] error example_id=af06a250c4d58799cd7bf0f73df94134106098b21d8b0a3a3e61dd9eacda6724 strategy=budgeted_cascade error=ConnectionError(MaxRetryError('HTTPSConnectionPool(host=\'game.agaii.org\', port=443): Max retries exceeded with url: /mllm/v1/chat/completions (Caused by ReadTimeoutError("HTTPSConnectionPool(host=\'game.agaii.org\', port=443): Read timed out. (read timeout=180)"))'))
[ReasonBench] marked_unscorable example_id=af06a250c4d58799cd7bf0f73df94134106098b21d8b0a3a3e61dd9eacda6724 strategy=budgeted_cascade error_records=892
[ReasonBench] error example_id=af06a250c4d58799cd7bf0f73df94134106098b21d8b0a3a3e61dd9eacda6724 strategy=few_shot_exemplar error=ConnectionError(MaxRetryError('HTTPSConnectionPool(host=\'game.agaii.org\', port=443): Max retries exceeded with url: /mllm/v1/chat/completions (Caused by ReadTimeoutError("HTTPSConnectionPool(host=\'game.agaii.org\', port=443): Read timed out. (read timeout=180)"))'))
[ReasonBench] marked_unscorable example_id=af06a250c4d58799cd7bf0f73df94134106098b21d8b0a3a3e61dd9eacda6724 strategy=few_shot_exemplar error_records=893
[ReasonBench] error example_id=fe2193c57ea45001a4926fe79284b5a1405531d70f8ff5e5a4ebfeea8a79a10e strategy=concise_cot error=ConnectionError(MaxRetryError('HTTPSConnectionPool(host=\'game.agaii.org\', port=443): Max retries exceeded with url: /mllm/v1/chat/completions (Caused by ReadTimeoutError("HTTPSConnectionPool(host=\'game.agaii.org\', port=443): Read timed out. (read timeout=180)"))'))
[ReasonBench] marked_unscorable example_id=fe2193c57ea45001a4926fe79284b5a1405531d70f8ff5e5a4ebfeea8a79a10e strategy=concise_cot error_records=894
[ReasonBench] error example_id=fe2193c57ea45001a4926fe79284b5a1405531d70f8ff5e5a4ebfeea8a79a10e strategy=least_to_most error=ConnectionError(MaxRetryError('HTTPSConnectionPool(host=\'game.agaii.org\', port=443): Max retries exceeded with url: /mllm/v1/chat/completions (Caused by ReadTimeoutError("HTTPSConnectionPool(host=\'game.agaii.org\', port=443): Read timed out. (read timeout=180)"))'))
[ReasonBench] marked_unscorable example_id=fe2193c57ea45001a4926fe79284b5a1405531d70f8ff5e5a4ebfeea8a79a10e strategy=least_to_most error_records=895
[ReasonBench] error example_id=fe2193c57ea45001a4926fe79284b5a1405531d70f8ff5e5a4ebfeea8a79a10e strategy=constraint_decompose error=ConnectionError(MaxRetryError('HTTPSConnectionPool(host=\'game.agaii.org\', port=443): Max retries exceeded with url: /mllm/v1/chat/completions (Caused by ReadTimeoutError("HTTPSConnectionPool(host=\'game.agaii.org\', port=443): Read timed out. (read timeout=180)"))'))
[ReasonBench] marked_unscorable example_id=fe2193c57ea45001a4926fe79284b5a1405531d70f8ff5e5a4ebfeea8a79a10e strategy=constraint_decompose error_records=896
[ReasonBench] error example_id=fe2193c57ea45001a4926fe79284b5a1405531d70f8ff5e5a4ebfeea8a79a10e strategy=self_verify error=ConnectionError(MaxRetryError('HTTPSConnectionPool(host=\'game.agaii.org\', port=443): Max retries exceeded with url: /mllm/v1/chat/completions (Caused by ReadTimeoutError("HTTPSConnectionPool(host=\'game.agaii.org\', port=443): Read timed out. (read timeout=180)"))'))
[ReasonBench] marked_unscorable example_id=fe2193c57ea45001a4926fe79284b5a1405531d70f8ff5e5a4ebfeea8a79a10e strategy=self_verify error_records=897
[ReasonBench] error example_id=fe2193c57ea45001a4926fe79284b5a1405531d70f8ff5e5a4ebfeea8a79a10e strategy=critique_refine error=ConnectionError(MaxRetryError('HTTPSConnectionPool(host=\'game.agaii.org\', port=443): Max retries exceeded with url: /mllm/v1/chat/completions (Caused by ReadTimeoutError("HTTPSConnectionPool(host=\'game.agaii.org\', port=443): Read timed out. (read timeout=180)"))'))
[ReasonBench] marked_unscorable example_id=fe2193c57ea45001a4926fe79284b5a1405531d70f8ff5e5a4ebfeea8a79a10e strategy=critique_refine error_records=898
[ReasonBench] error example_id=fe2193c57ea45001a4926fe79284b5a1405531d70f8ff5e5a4ebfeea8a79a10e strategy=self_consistency error=ConnectionError(MaxRetryError('HTTPSConnectionPool(host=\'game.agaii.org\', port=443): Max retries exceeded with url: /mllm/v1/chat/completions (Caused by ReadTimeoutError("HTTPSConnectionPool(host=\'game.agaii.org\', port=443): Read timed out. (read timeout=180)"))'))
[ReasonBench] marked_unscorable example_id=fe2193c57ea45001a4926fe79284b5a1405531d70f8ff5e5a4ebfeea8a79a10e strategy=self_consistency error_records=899
[ReasonBench] error example_id=fe2193c57ea45001a4926fe79284b5a1405531d70f8ff5e5a4ebfeea8a79a10e strategy=selective_self_consistency error=ConnectionError(MaxRetryError('HTTPSConnectionPool(host=\'game.agaii.org\', port=443): Max retries exceeded with url: /mllm/v1/chat/completions (Caused by ReadTimeoutError("HTTPSConnectionPool(host=\'game.agaii.org\', port=443): Read timed out. (read timeout=180)"))'))
[ReasonBench] marked_unscorable example_id=fe2193c57ea45001a4926fe79284b5a1405531d70f8ff5e5a4ebfeea8a79a10e strategy=selective_self_consistency error_records=900
[ReasonBench] error example_id=fe2193c57ea45001a4926fe79284b5a1405531d70f8ff5e5a4ebfeea8a79a10e strategy=few_shot_exemplar error=ConnectionError(MaxRetryError('HTTPSConnectionPool(host=\'game.agaii.org\', port=443): Max retries exceeded with url: /mllm/v1/chat/completions (Caused by ReadTimeoutError("HTTPSConnectionPool(host=\'game.agaii.org\', port=443): Read timed out. (read timeout=180)"))'))
[ReasonBench] marked_unscorable example_id=fe2193c57ea45001a4926fe79284b5a1405531d70f8ff5e5a4ebfeea8a79a10e strategy=few_shot_exemplar error_records=901
[ReasonBench] error example_id=f2dcd6a353c4390c3d98c8d4ff03d778f00d0d6c6b9f8238af4f09f81f6d9924 strategy=direct error=ConnectionError(MaxRetryError('HTTPSConnectionPool(host=\'game.agaii.org\', port=443): Max retries exceeded with url: /mllm/v1/chat/completions (Caused by ReadTimeoutError("HTTPSConnectionPool(host=\'game.agaii.org\', port=443): Read timed out. (read timeout=180)"))'))
[ReasonBench] marked_unscorable example_id=f2dcd6a353c4390c3d98c8d4ff03d778f00d0d6c6b9f8238af4f09f81f6d9924 strategy=direct error_records=902
[ReasonBench] error example_id=f2dcd6a353c4390c3d98c8d4ff03d778f00d0d6c6b9f8238af4f09f81f6d9924 strategy=concise_cot error=ConnectionError(MaxRetryError('HTTPSConnectionPool(host=\'game.agaii.org\', port=443): Max retries exceeded with url: /mllm/v1/chat/completions (Caused by ReadTimeoutError("HTTPSConnectionPool(host=\'game.agaii.org\', port=443): Read timed out. (read timeout=180)"))'))
[ReasonBench] marked_unscorable example_id=f2dcd6a353c4390c3d98c8d4ff03d778f00d0d6c6b9f8238af4f09f81f6d9924 strategy=concise_cot error_records=903
[ReasonBench] error example_id=f2dcd6a353c4390c3d98c8d4ff03d778f00d0d6c6b9f8238af4f09f81f6d9924 strategy=least_to_most error=ConnectionError(MaxRetryError('HTTPSConnectionPool(host=\'game.agaii.org\', port=443): Max retries exceeded with url: /mllm/v1/chat/completions (Caused by ReadTimeoutError("HTTPSConnectionPool(host=\'game.agaii.org\', port=443): Read timed out. (read timeout=180)"))'))
[ReasonBench] marked_unscorable example_id=f2dcd6a353c4390c3d98c8d4ff03d778f00d0d6c6b9f8238af4f09f81f6d9924 strategy=least_to_most error_records=904
[ReasonBench] error example_id=f2dcd6a353c4390c3d98c8d4ff03d778f00d0d6c6b9f8238af4f09f81f6d9924 strategy=constraint_decompose error=ConnectionError(MaxRetryError('HTTPSConnectionPool(host=\'game.agaii.org\', port=443): Max retries exceeded with url: /mllm/v1/chat/completions (Caused by ReadTimeoutError("HTTPSConnectionPool(host=\'game.agaii.org\', port=443): Read timed out. (read timeout=180)"))'))
[ReasonBench] marked_unscorable example_id=f2dcd6a353c4390c3d98c8d4ff03d778f00d0d6c6b9f8238af4f09f81f6d9924 strategy=constraint_decompose error_records=905
[ReasonBench] error example_id=f2dcd6a353c4390c3d98c8d4ff03d778f00d0d6c6b9f8238af4f09f81f6d9924 strategy=self_verify error=ConnectionError(MaxRetryError('HTTPSConnectionPool(host=\'game.agaii.org\', port=443): Max retries exceeded with url: /mllm/v1/chat/completions (Caused by ReadTimeoutError("HTTPSConnectionPool(host=\'game.agaii.org\', port=443): Read timed out. (read timeout=180)"))'))
[ReasonBench] marked_unscorable example_id=f2dcd6a353c4390c3d98c8d4ff03d778f00d0d6c6b9f8238af4f09f81f6d9924 strategy=self_verify error_records=906
[ReasonBench] error example_id=f2dcd6a353c4390c3d98c8d4ff03d778f00d0d6c6b9f8238af4f09f81f6d9924 strategy=critique_refine error=ConnectionError(MaxRetryError('HTTPSConnectionPool(host=\'game.agaii.org\', port=443): Max retries exceeded with url: /mllm/v1/chat/completions (Caused by ReadTimeoutError("HTTPSConnectionPool(host=\'game.agaii.org\', port=443): Read timed out. (read timeout=180)"))'))
[ReasonBench] marked_unscorable example_id=f2dcd6a353c4390c3d98c8d4ff03d778f00d0d6c6b9f8238af4f09f81f6d9924 strategy=critique_refine error_records=907
[ReasonBench] error example_id=f2dcd6a353c4390c3d98c8d4ff03d778f00d0d6c6b9f8238af4f09f81f6d9924 strategy=self_consistency error=ConnectionError(MaxRetryError('HTTPSConnectionPool(host=\'game.agaii.org\', port=443): Max retries exceeded with url: /mllm/v1/chat/completions (Caused by ReadTimeoutError("HTTPSConnectionPool(host=\'game.agaii.org\', port=443): Read timed out. (read timeout=180)"))'))
[ReasonBench] marked_unscorable example_id=f2dcd6a353c4390c3d98c8d4ff03d778f00d0d6c6b9f8238af4f09f81f6d9924 strategy=self_consistency error_records=908
[ReasonBench] error example_id=f2dcd6a353c4390c3d98c8d4ff03d778f00d0d6c6b9f8238af4f09f81f6d9924 strategy=selective_self_consistency error=ConnectionError(MaxRetryError('HTTPSConnectionPool(host=\'game.agaii.org\', port=443): Max retries exceeded with url: /mllm/v1/chat/completions (Caused by ReadTimeoutError("HTTPSConnectionPool(host=\'game.agaii.org\', port=443): Read timed out. (read timeout=180)"))'))
[ReasonBench] marked_unscorable example_id=f2dcd6a353c4390c3d98c8d4ff03d778f00d0d6c6b9f8238af4f09f81f6d9924 strategy=selective_self_consistency error_records=909
[ReasonBench] error example_id=f2dcd6a353c4390c3d98c8d4ff03d778f00d0d6c6b9f8238af4f09f81f6d9924 strategy=budgeted_cascade error=ConnectionError(MaxRetryError('HTTPSConnectionPool(host=\'game.agaii.org\', port=443): Max retries exceeded with url: /mllm/v1/chat/completions (Caused by ReadTimeoutError("HTTPSConnectionPool(host=\'game.agaii.org\', port=443): Read timed out. (read timeout=180)"))'))
[ReasonBench] marked_unscorable example_id=f2dcd6a353c4390c3d98c8d4ff03d778f00d0d6c6b9f8238af4f09f81f6d9924 strategy=budgeted_cascade error_records=910
[ReasonBench] error example_id=f2dcd6a353c4390c3d98c8d4ff03d778f00d0d6c6b9f8238af4f09f81f6d9924 strategy=few_shot_exemplar error=ConnectionError(MaxRetryError('HTTPSConnectionPool(host=\'game.agaii.org\', port=443): Max retries exceeded with url: /mllm/v1/chat/completions (Caused by ReadTimeoutError("HTTPSConnectionPool(host=\'game.agaii.org\', port=443): Read timed out. (read timeout=180)"))'))
[ReasonBench] marked_unscorable example_id=f2dcd6a353c4390c3d98c8d4ff03d778f00d0d6c6b9f8238af4f09f81f6d9924 strategy=few_shot_exemplar error_records=911
[ReasonBench] error example_id=4d22f4f91dfc8188c2244048d968e9885ee063658c14fcf43c8156983f5a395f strategy=direct error=ConnectionError(MaxRetryError('HTTPSConnectionPool(host=\'game.agaii.org\', port=443): Max retries exceeded with url: /mllm/v1/chat/completions (Caused by ReadTimeoutError("HTTPSConnectionPool(host=\'game.agaii.org\', port=443): Read timed out. (read timeout=180)"))'))
[ReasonBench] marked_unscorable example_id=4d22f4f91dfc8188c2244048d968e9885ee063658c14fcf43c8156983f5a395f strategy=direct error_records=912
[ReasonBench] error example_id=4d22f4f91dfc8188c2244048d968e9885ee063658c14fcf43c8156983f5a395f strategy=concise_cot error=ConnectionError(MaxRetryError('HTTPSConnectionPool(host=\'game.agaii.org\', port=443): Max retries exceeded with url: /mllm/v1/chat/completions (Caused by ReadTimeoutError("HTTPSConnectionPool(host=\'game.agaii.org\', port=443): Read timed out. (read timeout=180)"))'))
[ReasonBench] marked_unscorable example_id=4d22f4f91dfc8188c2244048d968e9885ee063658c14fcf43c8156983f5a395f strategy=concise_cot error_records=913
[ReasonBench] error example_id=4d22f4f91dfc8188c2244048d968e9885ee063658c14fcf43c8156983f5a395f strategy=least_to_most error=ConnectionError(MaxRetryError('HTTPSConnectionPool(host=\'game.agaii.org\', port=443): Max retries exceeded with url: /mllm/v1/chat/completions (Caused by ReadTimeoutError("HTTPSConnectionPool(host=\'game.agaii.org\', port=443): Read timed out. (read timeout=180)"))'))
[ReasonBench] marked_unscorable example_id=4d22f4f91dfc8188c2244048d968e9885ee063658c14fcf43c8156983f5a395f strategy=least_to_most error_records=914
[ReasonBench] error example_id=4d22f4f91dfc8188c2244048d968e9885ee063658c14fcf43c8156983f5a395f strategy=constraint_decompose error=ConnectionError(MaxRetryError('HTTPSConnectionPool(host=\'game.agaii.org\', port=443): Max retries exceeded with url: /mllm/v1/chat/completions (Caused by ReadTimeoutError("HTTPSConnectionPool(host=\'game.agaii.org\', port=443): Read timed out. (read timeout=180)"))'))
[ReasonBench] marked_unscorable example_id=4d22f4f91dfc8188c2244048d968e9885ee063658c14fcf43c8156983f5a395f strategy=constraint_decompose error_records=915
[ReasonBench] error example_id=4d22f4f91dfc8188c2244048d968e9885ee063658c14fcf43c8156983f5a395f strategy=self_verify error=ConnectionError(MaxRetryError('HTTPSConnectionPool(host=\'game.agaii.org\', port=443): Max retries exceeded with url: /mllm/v1/chat/completions (Caused by ReadTimeoutError("HTTPSConnectionPool(host=\'game.agaii.org\', port=443): Read timed out. (read timeout=180)"))'))
[ReasonBench] marked_unscorable example_id=4d22f4f91dfc8188c2244048d968e9885ee063658c14fcf43c8156983f5a395f strategy=self_verify error_records=916
[ReasonBench] error example_id=4d22f4f91dfc8188c2244048d968e9885ee063658c14fcf43c8156983f5a395f strategy=critique_refine error=ConnectionError(MaxRetryError('HTTPSConnectionPool(host=\'game.agaii.org\', port=443): Max retries exceeded with url: /mllm/v1/chat/completions (Caused by ReadTimeoutError("HTTPSConnectionPool(host=\'game.agaii.org\', port=443): Read timed out. (read timeout=180)"))'))
[ReasonBench] marked_unscorable example_id=4d22f4f91dfc8188c2244048d968e9885ee063658c14fcf43c8156983f5a395f strategy=critique_refine error_records=917
[ReasonBench] error example_id=4d22f4f91dfc8188c2244048d968e9885ee063658c14fcf43c8156983f5a395f strategy=self_consistency error=ConnectionError(MaxRetryError('HTTPSConnectionPool(host=\'game.agaii.org\', port=443): Max retries exceeded with url: /mllm/v1/chat/completions (Caused by ReadTimeoutError("HTTPSConnectionPool(host=\'game.agaii.org\', port=443): Read timed out. (read timeout=180)"))'))
[ReasonBench] marked_unscorable example_id=4d22f4f91dfc8188c2244048d968e9885ee063658c14fcf43c8156983f5a395f strategy=self_consistency error_records=918
[ReasonBench] error example_id=4d22f4f91dfc8188c2244048d968e9885ee063658c14fcf43c8156983f5a395f strategy=selective_self_consistency error=ConnectionError(MaxRetryError('HTTPSConnectionPool(host=\'game.agaii.org\', port=443): Max retries exceeded with url: /mllm/v1/chat/completions (Caused by ReadTimeoutError("HTTPSConnectionPool(host=\'game.agaii.org\', port=443): Read timed out. (read timeout=180)"))'))
[ReasonBench] marked_unscorable example_id=4d22f4f91dfc8188c2244048d968e9885ee063658c14fcf43c8156983f5a395f strategy=selective_self_consistency error_records=919
[ReasonBench] error example_id=4d22f4f91dfc8188c2244048d968e9885ee063658c14fcf43c8156983f5a395f strategy=budgeted_cascade error=ConnectionError(MaxRetryError('HTTPSConnectionPool(host=\'game.agaii.org\', port=443): Max retries exceeded with url: /mllm/v1/chat/completions (Caused by ReadTimeoutError("HTTPSConnectionPool(host=\'game.agaii.org\', port=443): Read timed out. (read timeout=180)"))'))
[ReasonBench] marked_unscorable example_id=4d22f4f91dfc8188c2244048d968e9885ee063658c14fcf43c8156983f5a395f strategy=budgeted_cascade error_records=920
[ReasonBench] error example_id=4d22f4f91dfc8188c2244048d968e9885ee063658c14fcf43c8156983f5a395f strategy=few_shot_exemplar error=ConnectionError(MaxRetryError('HTTPSConnectionPool(host=\'game.agaii.org\', port=443): Max retries exceeded with url: /mllm/v1/chat/completions (Caused by ReadTimeoutError("HTTPSConnectionPool(host=\'game.agaii.org\', port=443): Read timed out. (read timeout=180)"))'))
[ReasonBench] marked_unscorable example_id=4d22f4f91dfc8188c2244048d968e9885ee063658c14fcf43c8156983f5a395f strategy=few_shot_exemplar error_records=921
[ReasonBench] error example_id=e321ff8846ddd951d029b63efd6f0cdadb5b6daae266e3b21a6f3e805faf75e4 strategy=direct error=ConnectionError(MaxRetryError('HTTPSConnectionPool(host=\'game.agaii.org\', port=443): Max retries exceeded with url: /mllm/v1/chat/completions (Caused by ReadTimeoutError("HTTPSConnectionPool(host=\'game.agaii.org\', port=443): Read timed out. (read timeout=180)"))'))
[ReasonBench] marked_unscorable example_id=e321ff8846ddd951d029b63efd6f0cdadb5b6daae266e3b21a6f3e805faf75e4 strategy=direct error_records=922
[ReasonBench] error example_id=e321ff8846ddd951d029b63efd6f0cdadb5b6daae266e3b21a6f3e805faf75e4 strategy=concise_cot error=ConnectionError(MaxRetryError('HTTPSConnectionPool(host=\'game.agaii.org\', port=443): Max retries exceeded with url: /mllm/v1/chat/completions (Caused by ReadTimeoutError("HTTPSConnectionPool(host=\'game.agaii.org\', port=443): Read timed out. (read timeout=180)"))'))
[ReasonBench] marked_unscorable example_id=e321ff8846ddd951d029b63efd6f0cdadb5b6daae266e3b21a6f3e805faf75e4 strategy=concise_cot error_records=923
[ReasonBench] error example_id=e321ff8846ddd951d029b63efd6f0cdadb5b6daae266e3b21a6f3e805faf75e4 strategy=least_to_most error=ConnectionError(MaxRetryError('HTTPSConnectionPool(host=\'game.agaii.org\', port=443): Max retries exceeded with url: /mllm/v1/chat/completions (Caused by ReadTimeoutError("HTTPSConnectionPool(host=\'game.agaii.org\', port=443): Read timed out. (read timeout=180)"))'))
[ReasonBench] marked_unscorable example_id=e321ff8846ddd951d029b63efd6f0cdadb5b6daae266e3b21a6f3e805faf75e4 strategy=least_to_most error_records=924
[ReasonBench] error example_id=e321ff8846ddd951d029b63efd6f0cdadb5b6daae266e3b21a6f3e805faf75e4 strategy=constraint_decompose error=ConnectionError(MaxRetryError('HTTPSConnectionPool(host=\'game.agaii.org\', port=443): Max retries exceeded with url: /mllm/v1/chat/completions (Caused by ReadTimeoutError("HTTPSConnectionPool(host=\'game.agaii.org\', port=443): Read timed out. (read timeout=180)"))'))
[ReasonBench] marked_unscorable example_id=e321ff8846ddd951d029b63efd6f0cdadb5b6daae266e3b21a6f3e805faf75e4 strategy=constraint_decompose error_records=925
[ReasonBench] error example_id=e321ff8846ddd951d029b63efd6f0cdadb5b6daae266e3b21a6f3e805faf75e4 strategy=self_verify error=ConnectionError(MaxRetryError('HTTPSConnectionPool(host=\'game.agaii.org\', port=443): Max retries exceeded with url: /mllm/v1/chat/completions (Caused by ReadTimeoutError("HTTPSConnectionPool(host=\'game.agaii.org\', port=443): Read timed out. (read timeout=180)"))'))
[ReasonBench] marked_unscorable example_id=e321ff8846ddd951d029b63efd6f0cdadb5b6daae266e3b21a6f3e805faf75e4 strategy=self_verify error_records=926
[ReasonBench] error example_id=e321ff8846ddd951d029b63efd6f0cdadb5b6daae266e3b21a6f3e805faf75e4 strategy=critique_refine error=ConnectionError(MaxRetryError('HTTPSConnectionPool(host=\'game.agaii.org\', port=443): Max retries exceeded with url: /mllm/v1/chat/completions (Caused by ReadTimeoutError("HTTPSConnectionPool(host=\'game.agaii.org\', port=443): Read timed out. (read timeout=180)"))'))
[ReasonBench] marked_unscorable example_id=e321ff8846ddd951d029b63efd6f0cdadb5b6daae266e3b21a6f3e805faf75e4 strategy=critique_refine error_records=927
[ReasonBench] error example_id=e321ff8846ddd951d029b63efd6f0cdadb5b6daae266e3b21a6f3e805faf75e4 strategy=self_consistency error=ConnectionError(MaxRetryError('HTTPSConnectionPool(host=\'game.agaii.org\', port=443): Max retries exceeded with url: /mllm/v1/chat/completions (Caused by ReadTimeoutError("HTTPSConnectionPool(host=\'game.agaii.org\', port=443): Read timed out. (read timeout=180)"))'))
[ReasonBench] marked_unscorable example_id=e321ff8846ddd951d029b63efd6f0cdadb5b6daae266e3b21a6f3e805faf75e4 strategy=self_consistency error_records=928
[ReasonBench] error example_id=e321ff8846ddd951d029b63efd6f0cdadb5b6daae266e3b21a6f3e805faf75e4 strategy=selective_self_consistency error=ConnectionError(MaxRetryError('HTTPSConnectionPool(host=\'game.agaii.org\', port=443): Max retries exceeded with url: /mllm/v1/chat/completions (Caused by ReadTimeoutError("HTTPSConnectionPool(host=\'game.agaii.org\', port=443): Read timed out. (read timeout=180)"))'))
[ReasonBench] marked_unscorable example_id=e321ff8846ddd951d029b63efd6f0cdadb5b6daae266e3b21a6f3e805faf75e4 strategy=selective_self_consistency error_records=929
[ReasonBench] error example_id=e321ff8846ddd951d029b63efd6f0cdadb5b6daae266e3b21a6f3e805faf75e4 strategy=budgeted_cascade error=ConnectionError(MaxRetryError('HTTPSConnectionPool(host=\'game.agaii.org\', port=443): Max retries exceeded with url: /mllm/v1/chat/completions (Caused by ReadTimeoutError("HTTPSConnectionPool(host=\'game.agaii.org\', port=443): Read timed out. (read timeout=180)"))'))
[ReasonBench] marked_unscorable example_id=e321ff8846ddd951d029b63efd6f0cdadb5b6daae266e3b21a6f3e805faf75e4 strategy=budgeted_cascade error_records=930
[ReasonBench] error example_id=e321ff8846ddd951d029b63efd6f0cdadb5b6daae266e3b21a6f3e805faf75e4 strategy=few_shot_exemplar error=ConnectionError(MaxRetryError('HTTPSConnectionPool(host=\'game.agaii.org\', port=443): Max retries exceeded with url: /mllm/v1/chat/completions (Caused by ReadTimeoutError("HTTPSConnectionPool(host=\'game.agaii.org\', port=443): Read timed out. (read timeout=180)"))'))
[ReasonBench] marked_unscorable example_id=e321ff8846ddd951d029b63efd6f0cdadb5b6daae266e3b21a6f3e805faf75e4 strategy=few_shot_exemplar error_records=931
[ReasonBench] error example_id=dbc100e6b17f59547b155762e53564c1d30e21197f86780b166e4c067ee4b0e8 strategy=direct error=ConnectionError(MaxRetryError('HTTPSConnectionPool(host=\'game.agaii.org\', port=443): Max retries exceeded with url: /mllm/v1/chat/completions (Caused by ReadTimeoutError("HTTPSConnectionPool(host=\'game.agaii.org\', port=443): Read timed out. (read timeout=180)"))'))
[ReasonBench] marked_unscorable example_id=dbc100e6b17f59547b155762e53564c1d30e21197f86780b166e4c067ee4b0e8 strategy=direct error_records=932
[ReasonBench] error example_id=dbc100e6b17f59547b155762e53564c1d30e21197f86780b166e4c067ee4b0e8 strategy=concise_cot error=ConnectionError(MaxRetryError('HTTPSConnectionPool(host=\'game.agaii.org\', port=443): Max retries exceeded with url: /mllm/v1/chat/completions (Caused by ReadTimeoutError("HTTPSConnectionPool(host=\'game.agaii.org\', port=443): Read timed out. (read timeout=180)"))'))
[ReasonBench] marked_unscorable example_id=dbc100e6b17f59547b155762e53564c1d30e21197f86780b166e4c067ee4b0e8 strategy=concise_cot error_records=933
[ReasonBench] error example_id=dbc100e6b17f59547b155762e53564c1d30e21197f86780b166e4c067ee4b0e8 strategy=least_to_most error=ConnectionError(MaxRetryError('HTTPSConnectionPool(host=\'game.agaii.org\', port=443): Max retries exceeded with url: /mllm/v1/chat/completions (Caused by ReadTimeoutError("HTTPSConnectionPool(host=\'game.agaii.org\', port=443): Read timed out. (read timeout=180)"))'))
[ReasonBench] marked_unscorable example_id=dbc100e6b17f59547b155762e53564c1d30e21197f86780b166e4c067ee4b0e8 strategy=least_to_most error_records=934
[ReasonBench] error example_id=dbc100e6b17f59547b155762e53564c1d30e21197f86780b166e4c067ee4b0e8 strategy=self_verify error=ConnectionError(MaxRetryError('HTTPSConnectionPool(host=\'game.agaii.org\', port=443): Max retries exceeded with url: /mllm/v1/chat/completions (Caused by ReadTimeoutError("HTTPSConnectionPool(host=\'game.agaii.org\', port=443): Read timed out. (read timeout=180)"))'))
[ReasonBench] marked_unscorable example_id=dbc100e6b17f59547b155762e53564c1d30e21197f86780b166e4c067ee4b0e8 strategy=self_verify error_records=935
[ReasonBench] error example_id=dbc100e6b17f59547b155762e53564c1d30e21197f86780b166e4c067ee4b0e8 strategy=critique_refine error=ConnectionError(MaxRetryError('HTTPSConnectionPool(host=\'game.agaii.org\', port=443): Max retries exceeded with url: /mllm/v1/chat/completions (Caused by ReadTimeoutError("HTTPSConnectionPool(host=\'game.agaii.org\', port=443): Read timed out. (read timeout=180)"))'))
[ReasonBench] marked_unscorable example_id=dbc100e6b17f59547b155762e53564c1d30e21197f86780b166e4c067ee4b0e8 strategy=critique_refine error_records=936
[ReasonBench] error example_id=dbc100e6b17f59547b155762e53564c1d30e21197f86780b166e4c067ee4b0e8 strategy=self_consistency error=ConnectionError(MaxRetryError('HTTPSConnectionPool(host=\'game.agaii.org\', port=443): Max retries exceeded with url: /mllm/v1/chat/completions (Caused by ReadTimeoutError("HTTPSConnectionPool(host=\'game.agaii.org\', port=443): Read timed out. (read timeout=180)"))'))
[ReasonBench] marked_unscorable example_id=dbc100e6b17f59547b155762e53564c1d30e21197f86780b166e4c067ee4b0e8 strategy=self_consistency error_records=937
[ReasonBench] error example_id=dbc100e6b17f59547b155762e53564c1d30e21197f86780b166e4c067ee4b0e8 strategy=selective_self_consistency error=ConnectionError(MaxRetryError('HTTPSConnectionPool(host=\'game.agaii.org\', port=443): Max retries exceeded with url: /mllm/v1/chat/completions (Caused by ReadTimeoutError("HTTPSConnectionPool(host=\'game.agaii.org\', port=443): Read timed out. (read timeout=180)"))'))
[ReasonBench] marked_unscorable example_id=dbc100e6b17f59547b155762e53564c1d30e21197f86780b166e4c067ee4b0e8 strategy=selective_self_consistency error_records=938
[ReasonBench] error example_id=dbc100e6b17f59547b155762e53564c1d30e21197f86780b166e4c067ee4b0e8 strategy=budgeted_cascade error=ConnectionError(MaxRetryError('HTTPSConnectionPool(host=\'game.agaii.org\', port=443): Max retries exceeded with url: /mllm/v1/chat/completions (Caused by ReadTimeoutError("HTTPSConnectionPool(host=\'game.agaii.org\', port=443): Read timed out. (read timeout=180)"))'))
[ReasonBench] marked_unscorable example_id=dbc100e6b17f59547b155762e53564c1d30e21197f86780b166e4c067ee4b0e8 strategy=budgeted_cascade error_records=939
[ReasonBench] error example_id=dbc100e6b17f59547b155762e53564c1d30e21197f86780b166e4c067ee4b0e8 strategy=few_shot_exemplar error=ConnectionError(MaxRetryError('HTTPSConnectionPool(host=\'game.agaii.org\', port=443): Max retries exceeded with url: /mllm/v1/chat/completions (Caused by ReadTimeoutError("HTTPSConnectionPool(host=\'game.agaii.org\', port=443): Read timed out. (read timeout=180)"))'))
[ReasonBench] marked_unscorable example_id=dbc100e6b17f59547b155762e53564c1d30e21197f86780b166e4c067ee4b0e8 strategy=few_shot_exemplar error_records=940
[ReasonBench] error example_id=083282355242eb434e4c4559eabea700f94928fd2e1d0d4df6a59ee143866e60 strategy=direct error=ConnectionError(MaxRetryError('HTTPSConnectionPool(host=\'game.agaii.org\', port=443): Max retries exceeded with url: /mllm/v1/chat/completions (Caused by ReadTimeoutError("HTTPSConnectionPool(host=\'game.agaii.org\', port=443): Read timed out. (read timeout=180)"))'))
[ReasonBench] marked_unscorable example_id=083282355242eb434e4c4559eabea700f94928fd2e1d0d4df6a59ee143866e60 strategy=direct error_records=941
[ReasonBench] error example_id=083282355242eb434e4c4559eabea700f94928fd2e1d0d4df6a59ee143866e60 strategy=concise_cot error=ConnectionError(MaxRetryError('HTTPSConnectionPool(host=\'game.agaii.org\', port=443): Max retries exceeded with url: /mllm/v1/chat/completions (Caused by ReadTimeoutError("HTTPSConnectionPool(host=\'game.agaii.org\', port=443): Read timed out. (read timeout=180)"))'))
[ReasonBench] marked_unscorable example_id=083282355242eb434e4c4559eabea700f94928fd2e1d0d4df6a59ee143866e60 strategy=concise_cot error_records=942
[ReasonBench] error example_id=083282355242eb434e4c4559eabea700f94928fd2e1d0d4df6a59ee143866e60 strategy=least_to_most error=ConnectionError(MaxRetryError('HTTPSConnectionPool(host=\'game.agaii.org\', port=443): Max retries exceeded with url: /mllm/v1/chat/completions (Caused by ReadTimeoutError("HTTPSConnectionPool(host=\'game.agaii.org\', port=443): Read timed out. (read timeout=180)"))'))
[ReasonBench] marked_unscorable example_id=083282355242eb434e4c4559eabea700f94928fd2e1d0d4df6a59ee143866e60 strategy=least_to_most error_records=943
[ReasonBench] error example_id=083282355242eb434e4c4559eabea700f94928fd2e1d0d4df6a59ee143866e60 strategy=constraint_decompose error=ConnectionError(MaxRetryError('HTTPSConnectionPool(host=\'game.agaii.org\', port=443): Max retries exceeded with url: /mllm/v1/chat/completions (Caused by ReadTimeoutError("HTTPSConnectionPool(host=\'game.agaii.org\', port=443): Read timed out. (read timeout=180)"))'))
[ReasonBench] marked_unscorable example_id=083282355242eb434e4c4559eabea700f94928fd2e1d0d4df6a59ee143866e60 strategy=constraint_decompose error_records=944
[ReasonBench] error example_id=083282355242eb434e4c4559eabea700f94928fd2e1d0d4df6a59ee143866e60 strategy=self_verify error=ConnectionError(MaxRetryError('HTTPSConnectionPool(host=\'game.agaii.org\', port=443): Max retries exceeded with url: /mllm/v1/chat/completions (Caused by ReadTimeoutError("HTTPSConnectionPool(host=\'game.agaii.org\', port=443): Read timed out. (read timeout=180)"))'))
[ReasonBench] marked_unscorable example_id=083282355242eb434e4c4559eabea700f94928fd2e1d0d4df6a59ee143866e60 strategy=self_verify error_records=945
[ReasonBench] error example_id=083282355242eb434e4c4559eabea700f94928fd2e1d0d4df6a59ee143866e60 strategy=critique_refine error=ConnectionError(MaxRetryError('HTTPSConnectionPool(host=\'game.agaii.org\', port=443): Max retries exceeded with url: /mllm/v1/chat/completions (Caused by ReadTimeoutError("HTTPSConnectionPool(host=\'game.agaii.org\', port=443): Read timed out. (read timeout=180)"))'))
[ReasonBench] marked_unscorable example_id=083282355242eb434e4c4559eabea700f94928fd2e1d0d4df6a59ee143866e60 strategy=critique_refine error_records=946
[ReasonBench] error example_id=083282355242eb434e4c4559eabea700f94928fd2e1d0d4df6a59ee143866e60 strategy=self_consistency error=ConnectionError(MaxRetryError('HTTPSConnectionPool(host=\'game.agaii.org\', port=443): Max retries exceeded with url: /mllm/v1/chat/completions (Caused by ReadTimeoutError("HTTPSConnectionPool(host=\'game.agaii.org\', port=443): Read timed out. (read timeout=180)"))'))
[ReasonBench] marked_unscorable example_id=083282355242eb434e4c4559eabea700f94928fd2e1d0d4df6a59ee143866e60 strategy=self_consistency error_records=947
[ReasonBench] error example_id=083282355242eb434e4c4559eabea700f94928fd2e1d0d4df6a59ee143866e60 strategy=selective_self_consistency error=ConnectionError(MaxRetryError('HTTPSConnectionPool(host=\'game.agaii.org\', port=443): Max retries exceeded with url: /mllm/v1/chat/completions (Caused by ReadTimeoutError("HTTPSConnectionPool(host=\'game.agaii.org\', port=443): Read timed out. (read timeout=180)"))'))
[ReasonBench] marked_unscorable example_id=083282355242eb434e4c4559eabea700f94928fd2e1d0d4df6a59ee143866e60 strategy=selective_self_consistency error_records=948
[ReasonBench] progress total=2558/14360 (17.81%) new=2556/14358 elapsed_s=250773.1
[ReasonBench] error example_id=083282355242eb434e4c4559eabea700f94928fd2e1d0d4df6a59ee143866e60 strategy=budgeted_cascade error=ConnectionError(MaxRetryError('HTTPSConnectionPool(host=\'game.agaii.org\', port=443): Max retries exceeded with url: /mllm/v1/chat/completions (Caused by ReadTimeoutError("HTTPSConnectionPool(host=\'game.agaii.org\', port=443): Read timed out. (read timeout=180)"))'))
[ReasonBench] marked_unscorable example_id=083282355242eb434e4c4559eabea700f94928fd2e1d0d4df6a59ee143866e60 strategy=budgeted_cascade error_records=949
[ReasonBench] error example_id=083282355242eb434e4c4559eabea700f94928fd2e1d0d4df6a59ee143866e60 strategy=few_shot_exemplar error=ConnectionError(MaxRetryError('HTTPSConnectionPool(host=\'game.agaii.org\', port=443): Max retries exceeded with url: /mllm/v1/chat/completions (Caused by ReadTimeoutError("HTTPSConnectionPool(host=\'game.agaii.org\', port=443): Read timed out. (read timeout=180)"))'))
[ReasonBench] marked_unscorable example_id=083282355242eb434e4c4559eabea700f94928fd2e1d0d4df6a59ee143866e60 strategy=few_shot_exemplar error_records=950
[ReasonBench] error example_id=804182061bd3648a5d1079e9836aa8cb7e9201a32f190863551299075fbeac47 strategy=direct error=ConnectionError(MaxRetryError('HTTPSConnectionPool(host=\'game.agaii.org\', port=443): Max retries exceeded with url: /mllm/v1/chat/completions (Caused by ReadTimeoutError("HTTPSConnectionPool(host=\'game.agaii.org\', port=443): Read timed out. (read timeout=180)"))'))
[ReasonBench] marked_unscorable example_id=804182061bd3648a5d1079e9836aa8cb7e9201a32f190863551299075fbeac47 strategy=direct error_records=951
[ReasonBench] error example_id=804182061bd3648a5d1079e9836aa8cb7e9201a32f190863551299075fbeac47 strategy=concise_cot error=ConnectionError(MaxRetryError('HTTPSConnectionPool(host=\'game.agaii.org\', port=443): Max retries exceeded with url: /mllm/v1/chat/completions (Caused by ReadTimeoutError("HTTPSConnectionPool(host=\'game.agaii.org\', port=443): Read timed out. (read timeout=180)"))'))
[ReasonBench] marked_unscorable example_id=804182061bd3648a5d1079e9836aa8cb7e9201a32f190863551299075fbeac47 strategy=concise_cot error_records=952
[ReasonBench] error example_id=804182061bd3648a5d1079e9836aa8cb7e9201a32f190863551299075fbeac47 strategy=least_to_most error=ConnectionError(MaxRetryError('HTTPSConnectionPool(host=\'game.agaii.org\', port=443): Max retries exceeded with url: /mllm/v1/chat/completions (Caused by ReadTimeoutError("HTTPSConnectionPool(host=\'game.agaii.org\', port=443): Read timed out. (read timeout=180)"))'))
[ReasonBench] marked_unscorable example_id=804182061bd3648a5d1079e9836aa8cb7e9201a32f190863551299075fbeac47 strategy=least_to_most error_records=953
[ReasonBench] error example_id=804182061bd3648a5d1079e9836aa8cb7e9201a32f190863551299075fbeac47 strategy=constraint_decompose error=ConnectionError(MaxRetryError('HTTPSConnectionPool(host=\'game.agaii.org\', port=443): Max retries exceeded with url: /mllm/v1/chat/completions (Caused by ReadTimeoutError("HTTPSConnectionPool(host=\'game.agaii.org\', port=443): Read timed out. (read timeout=180)"))'))
[ReasonBench] marked_unscorable example_id=804182061bd3648a5d1079e9836aa8cb7e9201a32f190863551299075fbeac47 strategy=constraint_decompose error_records=954
[ReasonBench] error example_id=804182061bd3648a5d1079e9836aa8cb7e9201a32f190863551299075fbeac47 strategy=self_verify error=ConnectionError(MaxRetryError('HTTPSConnectionPool(host=\'game.agaii.org\', port=443): Max retries exceeded with url: /mllm/v1/chat/completions (Caused by ReadTimeoutError("HTTPSConnectionPool(host=\'game.agaii.org\', port=443): Read timed out. (read timeout=180)"))'))
[ReasonBench] marked_unscorable example_id=804182061bd3648a5d1079e9836aa8cb7e9201a32f190863551299075fbeac47 strategy=self_verify error_records=955
[ReasonBench] error example_id=804182061bd3648a5d1079e9836aa8cb7e9201a32f190863551299075fbeac47 strategy=critique_refine error=ConnectionError(MaxRetryError('HTTPSConnectionPool(host=\'game.agaii.org\', port=443): Max retries exceeded with url: /mllm/v1/chat/completions (Caused by ReadTimeoutError("HTTPSConnectionPool(host=\'game.agaii.org\', port=443): Read timed out. (read timeout=180)"))'))
[ReasonBench] marked_unscorable example_id=804182061bd3648a5d1079e9836aa8cb7e9201a32f190863551299075fbeac47 strategy=critique_refine error_records=956
[ReasonBench] error example_id=804182061bd3648a5d1079e9836aa8cb7e9201a32f190863551299075fbeac47 strategy=selective_self_consistency error=ConnectionError(MaxRetryError('HTTPSConnectionPool(host=\'game.agaii.org\', port=443): Max retries exceeded with url: /mllm/v1/chat/completions (Caused by ReadTimeoutError("HTTPSConnectionPool(host=\'game.agaii.org\', port=443): Read timed out. (read timeout=180)"))'))
[ReasonBench] marked_unscorable example_id=804182061bd3648a5d1079e9836aa8cb7e9201a32f190863551299075fbeac47 strategy=selective_self_consistency error_records=957
[ReasonBench] error example_id=804182061bd3648a5d1079e9836aa8cb7e9201a32f190863551299075fbeac47 strategy=budgeted_cascade error=ConnectionError(MaxRetryError('HTTPSConnectionPool(host=\'game.agaii.org\', port=443): Max retries exceeded with url: /mllm/v1/chat/completions (Caused by ReadTimeoutError("HTTPSConnectionPool(host=\'game.agaii.org\', port=443): Read timed out. (read timeout=180)"))'))
[ReasonBench] marked_unscorable example_id=804182061bd3648a5d1079e9836aa8cb7e9201a32f190863551299075fbeac47 strategy=budgeted_cascade error_records=958
[ReasonBench] error example_id=804182061bd3648a5d1079e9836aa8cb7e9201a32f190863551299075fbeac47 strategy=few_shot_exemplar error=ConnectionError(MaxRetryError('HTTPSConnectionPool(host=\'game.agaii.org\', port=443): Max retries exceeded with url: /mllm/v1/chat/completions (Caused by ReadTimeoutError("HTTPSConnectionPool(host=\'game.agaii.org\', port=443): Read timed out. (read timeout=180)"))'))
[ReasonBench] marked_unscorable example_id=804182061bd3648a5d1079e9836aa8cb7e9201a32f190863551299075fbeac47 strategy=few_shot_exemplar error_records=959
[ReasonBench] error example_id=16b99f3754472adfba51046b35d0bb8af8d7e95e8dbac50d5f0f82b9775229df strategy=direct error=ConnectionError(MaxRetryError('HTTPSConnectionPool(host=\'game.agaii.org\', port=443): Max retries exceeded with url: /mllm/v1/chat/completions (Caused by ReadTimeoutError("HTTPSConnectionPool(host=\'game.agaii.org\', port=443): Read timed out. (read timeout=180)"))'))
[ReasonBench] marked_unscorable example_id=16b99f3754472adfba51046b35d0bb8af8d7e95e8dbac50d5f0f82b9775229df strategy=direct error_records=960
[ReasonBench] error example_id=16b99f3754472adfba51046b35d0bb8af8d7e95e8dbac50d5f0f82b9775229df strategy=concise_cot error=ConnectionError(MaxRetryError('HTTPSConnectionPool(host=\'game.agaii.org\', port=443): Max retries exceeded with url: /mllm/v1/chat/completions (Caused by ReadTimeoutError("HTTPSConnectionPool(host=\'game.agaii.org\', port=443): Read timed out. (read timeout=180)"))'))
[ReasonBench] marked_unscorable example_id=16b99f3754472adfba51046b35d0bb8af8d7e95e8dbac50d5f0f82b9775229df strategy=concise_cot error_records=961
[ReasonBench] error example_id=16b99f3754472adfba51046b35d0bb8af8d7e95e8dbac50d5f0f82b9775229df strategy=least_to_most error=ConnectionError(MaxRetryError('HTTPSConnectionPool(host=\'game.agaii.org\', port=443): Max retries exceeded with url: /mllm/v1/chat/completions (Caused by ReadTimeoutError("HTTPSConnectionPool(host=\'game.agaii.org\', port=443): Read timed out. (read timeout=180)"))'))
[ReasonBench] marked_unscorable example_id=16b99f3754472adfba51046b35d0bb8af8d7e95e8dbac50d5f0f82b9775229df strategy=least_to_most error_records=962
[ReasonBench] error example_id=16b99f3754472adfba51046b35d0bb8af8d7e95e8dbac50d5f0f82b9775229df strategy=constraint_decompose error=ConnectionError(MaxRetryError('HTTPSConnectionPool(host=\'game.agaii.org\', port=443): Max retries exceeded with url: /mllm/v1/chat/completions (Caused by ReadTimeoutError("HTTPSConnectionPool(host=\'game.agaii.org\', port=443): Read timed out. (read timeout=180)"))'))
[ReasonBench] marked_unscorable example_id=16b99f3754472adfba51046b35d0bb8af8d7e95e8dbac50d5f0f82b9775229df strategy=constraint_decompose error_records=963
[ReasonBench] error example_id=16b99f3754472adfba51046b35d0bb8af8d7e95e8dbac50d5f0f82b9775229df strategy=self_verify error=ConnectionError(MaxRetryError('HTTPSConnectionPool(host=\'game.agaii.org\', port=443): Max retries exceeded with url: /mllm/v1/chat/completions (Caused by ReadTimeoutError("HTTPSConnectionPool(host=\'game.agaii.org\', port=443): Read timed out. (read timeout=180)"))'))
[ReasonBench] marked_unscorable example_id=16b99f3754472adfba51046b35d0bb8af8d7e95e8dbac50d5f0f82b9775229df strategy=self_verify error_records=964
[ReasonBench] error example_id=16b99f3754472adfba51046b35d0bb8af8d7e95e8dbac50d5f0f82b9775229df strategy=critique_refine error=ConnectionError(MaxRetryError('HTTPSConnectionPool(host=\'game.agaii.org\', port=443): Max retries exceeded with url: /mllm/v1/chat/completions (Caused by ReadTimeoutError("HTTPSConnectionPool(host=\'game.agaii.org\', port=443): Read timed out. (read timeout=180)"))'))
[ReasonBench] marked_unscorable example_id=16b99f3754472adfba51046b35d0bb8af8d7e95e8dbac50d5f0f82b9775229df strategy=critique_refine error_records=965
[ReasonBench] error example_id=16b99f3754472adfba51046b35d0bb8af8d7e95e8dbac50d5f0f82b9775229df strategy=self_consistency error=ConnectionError(MaxRetryError('HTTPSConnectionPool(host=\'game.agaii.org\', port=443): Max retries exceeded with url: /mllm/v1/chat/completions (Caused by ReadTimeoutError("HTTPSConnectionPool(host=\'game.agaii.org\', port=443): Read timed out. (read timeout=180)"))'))
[ReasonBench] marked_unscorable example_id=16b99f3754472adfba51046b35d0bb8af8d7e95e8dbac50d5f0f82b9775229df strategy=self_consistency error_records=966
[ReasonBench] error example_id=16b99f3754472adfba51046b35d0bb8af8d7e95e8dbac50d5f0f82b9775229df strategy=selective_self_consistency error=ConnectionError(MaxRetryError('HTTPSConnectionPool(host=\'game.agaii.org\', port=443): Max retries exceeded with url: /mllm/v1/chat/completions (Caused by ReadTimeoutError("HTTPSConnectionPool(host=\'game.agaii.org\', port=443): Read timed out. (read timeout=180)"))'))
[ReasonBench] marked_unscorable example_id=16b99f3754472adfba51046b35d0bb8af8d7e95e8dbac50d5f0f82b9775229df strategy=selective_self_consistency error_records=967
[ReasonBench] error example_id=16b99f3754472adfba51046b35d0bb8af8d7e95e8dbac50d5f0f82b9775229df strategy=budgeted_cascade error=ConnectionError(MaxRetryError('HTTPSConnectionPool(host=\'game.agaii.org\', port=443): Max retries exceeded with url: /mllm/v1/chat/completions (Caused by ReadTimeoutError("HTTPSConnectionPool(host=\'game.agaii.org\', port=443): Read timed out. (read timeout=180)"))'))
[ReasonBench] marked_unscorable example_id=16b99f3754472adfba51046b35d0bb8af8d7e95e8dbac50d5f0f82b9775229df strategy=budgeted_cascade error_records=968
[ReasonBench] error example_id=16b99f3754472adfba51046b35d0bb8af8d7e95e8dbac50d5f0f82b9775229df strategy=few_shot_exemplar error=ConnectionError(MaxRetryError('HTTPSConnectionPool(host=\'game.agaii.org\', port=443): Max retries exceeded with url: /mllm/v1/chat/completions (Caused by ReadTimeoutError("HTTPSConnectionPool(host=\'game.agaii.org\', port=443): Read timed out. (read timeout=180)"))'))
[ReasonBench] marked_unscorable example_id=16b99f3754472adfba51046b35d0bb8af8d7e95e8dbac50d5f0f82b9775229df strategy=few_shot_exemplar error_records=969
[ReasonBench] error example_id=00d7be878c842d12814cb113caf8503525f8cf845b7d3ca4b8387c843f06ebc9 strategy=direct error=ConnectionError(MaxRetryError('HTTPSConnectionPool(host=\'game.agaii.org\', port=443): Max retries exceeded with url: /mllm/v1/chat/completions (Caused by ReadTimeoutError("HTTPSConnectionPool(host=\'game.agaii.org\', port=443): Read timed out. (read timeout=180)"))'))
[ReasonBench] marked_unscorable example_id=00d7be878c842d12814cb113caf8503525f8cf845b7d3ca4b8387c843f06ebc9 strategy=direct error_records=970
[ReasonBench] error example_id=00d7be878c842d12814cb113caf8503525f8cf845b7d3ca4b8387c843f06ebc9 strategy=concise_cot error=ConnectionError(MaxRetryError('HTTPSConnectionPool(host=\'game.agaii.org\', port=443): Max retries exceeded with url: /mllm/v1/chat/completions (Caused by ReadTimeoutError("HTTPSConnectionPool(host=\'game.agaii.org\', port=443): Read timed out. (read timeout=180)"))'))
[ReasonBench] marked_unscorable example_id=00d7be878c842d12814cb113caf8503525f8cf845b7d3ca4b8387c843f06ebc9 strategy=concise_cot error_records=971
[ReasonBench] error example_id=00d7be878c842d12814cb113caf8503525f8cf845b7d3ca4b8387c843f06ebc9 strategy=least_to_most error=ConnectionError(MaxRetryError('HTTPSConnectionPool(host=\'game.agaii.org\', port=443): Max retries exceeded with url: /mllm/v1/chat/completions (Caused by ReadTimeoutError("HTTPSConnectionPool(host=\'game.agaii.org\', port=443): Read timed out. (read timeout=180)"))'))
[ReasonBench] marked_unscorable example_id=00d7be878c842d12814cb113caf8503525f8cf845b7d3ca4b8387c843f06ebc9 strategy=least_to_most error_records=972
[ReasonBench] error example_id=00d7be878c842d12814cb113caf8503525f8cf845b7d3ca4b8387c843f06ebc9 strategy=constraint_decompose error=ConnectionError(MaxRetryError('HTTPSConnectionPool(host=\'game.agaii.org\', port=443): Max retries exceeded with url: /mllm/v1/chat/completions (Caused by ReadTimeoutError("HTTPSConnectionPool(host=\'game.agaii.org\', port=443): Read timed out. (read timeout=180)"))'))
[ReasonBench] marked_unscorable example_id=00d7be878c842d12814cb113caf8503525f8cf845b7d3ca4b8387c843f06ebc9 strategy=constraint_decompose error_records=973
[ReasonBench] error example_id=00d7be878c842d12814cb113caf8503525f8cf845b7d3ca4b8387c843f06ebc9 strategy=self_verify error=ConnectionError(MaxRetryError('HTTPSConnectionPool(host=\'game.agaii.org\', port=443): Max retries exceeded with url: /mllm/v1/chat/completions (Caused by ReadTimeoutError("HTTPSConnectionPool(host=\'game.agaii.org\', port=443): Read timed out. (read timeout=180)"))'))
[ReasonBench] marked_unscorable example_id=00d7be878c842d12814cb113caf8503525f8cf845b7d3ca4b8387c843f06ebc9 strategy=self_verify error_records=974
[ReasonBench] error example_id=00d7be878c842d12814cb113caf8503525f8cf845b7d3ca4b8387c843f06ebc9 strategy=critique_refine error=ConnectionError(MaxRetryError('HTTPSConnectionPool(host=\'game.agaii.org\', port=443): Max retries exceeded with url: /mllm/v1/chat/completions (Caused by ReadTimeoutError("HTTPSConnectionPool(host=\'game.agaii.org\', port=443): Read timed out. (read timeout=180)"))'))
[ReasonBench] marked_unscorable example_id=00d7be878c842d12814cb113caf8503525f8cf845b7d3ca4b8387c843f06ebc9 strategy=critique_refine error_records=975
[ReasonBench] error example_id=00d7be878c842d12814cb113caf8503525f8cf845b7d3ca4b8387c843f06ebc9 strategy=self_consistency error=ConnectionError(MaxRetryError('HTTPSConnectionPool(host=\'game.agaii.org\', port=443): Max retries exceeded with url: /mllm/v1/chat/completions (Caused by ReadTimeoutError("HTTPSConnectionPool(host=\'game.agaii.org\', port=443): Read timed out. (read timeout=180)"))'))
[ReasonBench] marked_unscorable example_id=00d7be878c842d12814cb113caf8503525f8cf845b7d3ca4b8387c843f06ebc9 strategy=self_consistency error_records=976
[ReasonBench] error example_id=00d7be878c842d12814cb113caf8503525f8cf845b7d3ca4b8387c843f06ebc9 strategy=selective_self_consistency error=ConnectionError(MaxRetryError('HTTPSConnectionPool(host=\'game.agaii.org\', port=443): Max retries exceeded with url: /mllm/v1/chat/completions (Caused by ReadTimeoutError("HTTPSConnectionPool(host=\'game.agaii.org\', port=443): Read timed out. (read timeout=180)"))'))
[ReasonBench] marked_unscorable example_id=00d7be878c842d12814cb113caf8503525f8cf845b7d3ca4b8387c843f06ebc9 strategy=selective_self_consistency error_records=977
[ReasonBench] error example_id=00d7be878c842d12814cb113caf8503525f8cf845b7d3ca4b8387c843f06ebc9 strategy=budgeted_cascade error=ConnectionError(MaxRetryError('HTTPSConnectionPool(host=\'game.agaii.org\', port=443): Max retries exceeded with url: /mllm/v1/chat/completions (Caused by ReadTimeoutError("HTTPSConnectionPool(host=\'game.agaii.org\', port=443): Read timed out. (read timeout=180)"))'))
[ReasonBench] marked_unscorable example_id=00d7be878c842d12814cb113caf8503525f8cf845b7d3ca4b8387c843f06ebc9 strategy=budgeted_cascade error_records=978
[ReasonBench] error example_id=00d7be878c842d12814cb113caf8503525f8cf845b7d3ca4b8387c843f06ebc9 strategy=few_shot_exemplar error=ConnectionError(MaxRetryError('HTTPSConnectionPool(host=\'game.agaii.org\', port=443): Max retries exceeded with url: /mllm/v1/chat/completions (Caused by ReadTimeoutError("HTTPSConnectionPool(host=\'game.agaii.org\', port=443): Read timed out. (read timeout=180)"))'))
[ReasonBench] marked_unscorable example_id=00d7be878c842d12814cb113caf8503525f8cf845b7d3ca4b8387c843f06ebc9 strategy=few_shot_exemplar error_records=979
[ReasonBench] error example_id=0e5a359e5a70462b866ffd40a10f0b976ed63030be062c8a9eb8c72316ac2146 strategy=direct error=ConnectionError(MaxRetryError('HTTPSConnectionPool(host=\'game.agaii.org\', port=443): Max retries exceeded with url: /mllm/v1/chat/completions (Caused by ReadTimeoutError("HTTPSConnectionPool(host=\'game.agaii.org\', port=443): Read timed out. (read timeout=180)"))'))
[ReasonBench] marked_unscorable example_id=0e5a359e5a70462b866ffd40a10f0b976ed63030be062c8a9eb8c72316ac2146 strategy=direct error_records=980
[ReasonBench] error example_id=0e5a359e5a70462b866ffd40a10f0b976ed63030be062c8a9eb8c72316ac2146 strategy=concise_cot error=ConnectionError(MaxRetryError('HTTPSConnectionPool(host=\'game.agaii.org\', port=443): Max retries exceeded with url: /mllm/v1/chat/completions (Caused by ReadTimeoutError("HTTPSConnectionPool(host=\'game.agaii.org\', port=443): Read timed out. (read timeout=180)"))'))
[ReasonBench] marked_unscorable example_id=0e5a359e5a70462b866ffd40a10f0b976ed63030be062c8a9eb8c72316ac2146 strategy=concise_cot error_records=981
[ReasonBench] error example_id=0e5a359e5a70462b866ffd40a10f0b976ed63030be062c8a9eb8c72316ac2146 strategy=least_to_most error=ConnectionError(MaxRetryError('HTTPSConnectionPool(host=\'game.agaii.org\', port=443): Max retries exceeded with url: /mllm/v1/chat/completions (Caused by ReadTimeoutError("HTTPSConnectionPool(host=\'game.agaii.org\', port=443): Read timed out. (read timeout=180)"))'))
[ReasonBench] marked_unscorable example_id=0e5a359e5a70462b866ffd40a10f0b976ed63030be062c8a9eb8c72316ac2146 strategy=least_to_most error_records=982
[ReasonBench] error example_id=0e5a359e5a70462b866ffd40a10f0b976ed63030be062c8a9eb8c72316ac2146 strategy=constraint_decompose error=ConnectionError(MaxRetryError('HTTPSConnectionPool(host=\'game.agaii.org\', port=443): Max retries exceeded with url: /mllm/v1/chat/completions (Caused by ReadTimeoutError("HTTPSConnectionPool(host=\'game.agaii.org\', port=443): Read timed out. (read timeout=180)"))'))
[ReasonBench] marked_unscorable example_id=0e5a359e5a70462b866ffd40a10f0b976ed63030be062c8a9eb8c72316ac2146 strategy=constraint_decompose error_records=983
[ReasonBench] error example_id=0e5a359e5a70462b866ffd40a10f0b976ed63030be062c8a9eb8c72316ac2146 strategy=self_verify error=ConnectionError(MaxRetryError('HTTPSConnectionPool(host=\'game.agaii.org\', port=443): Max retries exceeded with url: /mllm/v1/chat/completions (Caused by ReadTimeoutError("HTTPSConnectionPool(host=\'game.agaii.org\', port=443): Read timed out. (read timeout=180)"))'))
[ReasonBench] marked_unscorable example_id=0e5a359e5a70462b866ffd40a10f0b976ed63030be062c8a9eb8c72316ac2146 strategy=self_verify error_records=984
[ReasonBench] error example_id=0e5a359e5a70462b866ffd40a10f0b976ed63030be062c8a9eb8c72316ac2146 strategy=critique_refine error=ConnectionError(MaxRetryError('HTTPSConnectionPool(host=\'game.agaii.org\', port=443): Max retries exceeded with url: /mllm/v1/chat/completions (Caused by ReadTimeoutError("HTTPSConnectionPool(host=\'game.agaii.org\', port=443): Read timed out. (read timeout=180)"))'))
[ReasonBench] marked_unscorable example_id=0e5a359e5a70462b866ffd40a10f0b976ed63030be062c8a9eb8c72316ac2146 strategy=critique_refine error_records=985
[ReasonBench] error example_id=0e5a359e5a70462b866ffd40a10f0b976ed63030be062c8a9eb8c72316ac2146 strategy=self_consistency error=ConnectionError(MaxRetryError('HTTPSConnectionPool(host=\'game.agaii.org\', port=443): Max retries exceeded with url: /mllm/v1/chat/completions (Caused by ReadTimeoutError("HTTPSConnectionPool(host=\'game.agaii.org\', port=443): Read timed out. (read timeout=180)"))'))
[ReasonBench] marked_unscorable example_id=0e5a359e5a70462b866ffd40a10f0b976ed63030be062c8a9eb8c72316ac2146 strategy=self_consistency error_records=986
[ReasonBench] error example_id=0e5a359e5a70462b866ffd40a10f0b976ed63030be062c8a9eb8c72316ac2146 strategy=selective_self_consistency error=ConnectionError(MaxRetryError('HTTPSConnectionPool(host=\'game.agaii.org\', port=443): Max retries exceeded with url: /mllm/v1/chat/completions (Caused by ReadTimeoutError("HTTPSConnectionPool(host=\'game.agaii.org\', port=443): Read timed out. (read timeout=180)"))'))
[ReasonBench] marked_unscorable example_id=0e5a359e5a70462b866ffd40a10f0b976ed63030be062c8a9eb8c72316ac2146 strategy=selective_self_consistency error_records=987
[ReasonBench] error example_id=0e5a359e5a70462b866ffd40a10f0b976ed63030be062c8a9eb8c72316ac2146 strategy=budgeted_cascade error=ConnectionError(MaxRetryError('HTTPSConnectionPool(host=\'game.agaii.org\', port=443): Max retries exceeded with url: /mllm/v1/chat/completions (Caused by ReadTimeoutError("HTTPSConnectionPool(host=\'game.agaii.org\', port=443): Read timed out. (read timeout=180)"))'))
[ReasonBench] marked_unscorable example_id=0e5a359e5a70462b866ffd40a10f0b976ed63030be062c8a9eb8c72316ac2146 strategy=budgeted_cascade error_records=988
[ReasonBench] error example_id=0e5a359e5a70462b866ffd40a10f0b976ed63030be062c8a9eb8c72316ac2146 strategy=few_shot_exemplar error=ConnectionError(MaxRetryError('HTTPSConnectionPool(host=\'game.agaii.org\', port=443): Max retries exceeded with url: /mllm/v1/chat/completions (Caused by ReadTimeoutError("HTTPSConnectionPool(host=\'game.agaii.org\', port=443): Read timed out. (read timeout=180)"))'))
[ReasonBench] marked_unscorable example_id=0e5a359e5a70462b866ffd40a10f0b976ed63030be062c8a9eb8c72316ac2146 strategy=few_shot_exemplar error_records=989
[ReasonBench] error example_id=0d102a277bdaf52b40a8dc150408f122828ee63f2a55dd0e58f3c7b51933d345 strategy=direct error=ConnectionError(MaxRetryError('HTTPSConnectionPool(host=\'game.agaii.org\', port=443): Max retries exceeded with url: /mllm/v1/chat/completions (Caused by ReadTimeoutError("HTTPSConnectionPool(host=\'game.agaii.org\', port=443): Read timed out. (read timeout=180)"))'))
[ReasonBench] marked_unscorable example_id=0d102a277bdaf52b40a8dc150408f122828ee63f2a55dd0e58f3c7b51933d345 strategy=direct error_records=990
[ReasonBench] error example_id=0d102a277bdaf52b40a8dc150408f122828ee63f2a55dd0e58f3c7b51933d345 strategy=concise_cot error=ConnectionError(MaxRetryError('HTTPSConnectionPool(host=\'game.agaii.org\', port=443): Max retries exceeded with url: /mllm/v1/chat/completions (Caused by ReadTimeoutError("HTTPSConnectionPool(host=\'game.agaii.org\', port=443): Read timed out. (read timeout=180)"))'))
[ReasonBench] marked_unscorable example_id=0d102a277bdaf52b40a8dc150408f122828ee63f2a55dd0e58f3c7b51933d345 strategy=concise_cot error_records=991
[ReasonBench] error example_id=0d102a277bdaf52b40a8dc150408f122828ee63f2a55dd0e58f3c7b51933d345 strategy=least_to_most error=ConnectionError(MaxRetryError('HTTPSConnectionPool(host=\'game.agaii.org\', port=443): Max retries exceeded with url: /mllm/v1/chat/completions (Caused by ReadTimeoutError("HTTPSConnectionPool(host=\'game.agaii.org\', port=443): Read timed out. (read timeout=180)"))'))
[ReasonBench] marked_unscorable example_id=0d102a277bdaf52b40a8dc150408f122828ee63f2a55dd0e58f3c7b51933d345 strategy=least_to_most error_records=992
[ReasonBench] error example_id=0d102a277bdaf52b40a8dc150408f122828ee63f2a55dd0e58f3c7b51933d345 strategy=constraint_decompose error=ConnectionError(MaxRetryError('HTTPSConnectionPool(host=\'game.agaii.org\', port=443): Max retries exceeded with url: /mllm/v1/chat/completions (Caused by ReadTimeoutError("HTTPSConnectionPool(host=\'game.agaii.org\', port=443): Read timed out. (read timeout=180)"))'))
[ReasonBench] marked_unscorable example_id=0d102a277bdaf52b40a8dc150408f122828ee63f2a55dd0e58f3c7b51933d345 strategy=constraint_decompose error_records=993
[ReasonBench] error example_id=0d102a277bdaf52b40a8dc150408f122828ee63f2a55dd0e58f3c7b51933d345 strategy=self_verify error=ConnectionError(MaxRetryError('HTTPSConnectionPool(host=\'game.agaii.org\', port=443): Max retries exceeded with url: /mllm/v1/chat/completions (Caused by ReadTimeoutError("HTTPSConnectionPool(host=\'game.agaii.org\', port=443): Read timed out. (read timeout=180)"))'))
[ReasonBench] marked_unscorable example_id=0d102a277bdaf52b40a8dc150408f122828ee63f2a55dd0e58f3c7b51933d345 strategy=self_verify error_records=994
[ReasonBench] error example_id=0d102a277bdaf52b40a8dc150408f122828ee63f2a55dd0e58f3c7b51933d345 strategy=critique_refine error=ConnectionError(MaxRetryError('HTTPSConnectionPool(host=\'game.agaii.org\', port=443): Max retries exceeded with url: /mllm/v1/chat/completions (Caused by ReadTimeoutError("HTTPSConnectionPool(host=\'game.agaii.org\', port=443): Read timed out. (read timeout=180)"))'))
[ReasonBench] marked_unscorable example_id=0d102a277bdaf52b40a8dc150408f122828ee63f2a55dd0e58f3c7b51933d345 strategy=critique_refine error_records=995
[ReasonBench] error example_id=0d102a277bdaf52b40a8dc150408f122828ee63f2a55dd0e58f3c7b51933d345 strategy=self_consistency error=ConnectionError(MaxRetryError('HTTPSConnectionPool(host=\'game.agaii.org\', port=443): Max retries exceeded with url: /mllm/v1/chat/completions (Caused by ReadTimeoutError("HTTPSConnectionPool(host=\'game.agaii.org\', port=443): Read timed out. (read timeout=180)"))'))
[ReasonBench] marked_unscorable example_id=0d102a277bdaf52b40a8dc150408f122828ee63f2a55dd0e58f3c7b51933d345 strategy=self_consistency error_records=996
[ReasonBench] error example_id=0d102a277bdaf52b40a8dc150408f122828ee63f2a55dd0e58f3c7b51933d345 strategy=selective_self_consistency error=ConnectionError(MaxRetryError('HTTPSConnectionPool(host=\'game.agaii.org\', port=443): Max retries exceeded with url: /mllm/v1/chat/completions (Caused by ReadTimeoutError("HTTPSConnectionPool(host=\'game.agaii.org\', port=443): Read timed out. (read timeout=180)"))'))
[ReasonBench] marked_unscorable example_id=0d102a277bdaf52b40a8dc150408f122828ee63f2a55dd0e58f3c7b51933d345 strategy=selective_self_consistency error_records=997
[ReasonBench] error example_id=0d102a277bdaf52b40a8dc150408f122828ee63f2a55dd0e58f3c7b51933d345 strategy=budgeted_cascade error=ConnectionError(MaxRetryError('HTTPSConnectionPool(host=\'game.agaii.org\', port=443): Max retries exceeded with url: /mllm/v1/chat/completions (Caused by ReadTimeoutError("HTTPSConnectionPool(host=\'game.agaii.org\', port=443): Read timed out. (read timeout=180)"))'))
[ReasonBench] marked_unscorable example_id=0d102a277bdaf52b40a8dc150408f122828ee63f2a55dd0e58f3c7b51933d345 strategy=budgeted_cascade error_records=998
[ReasonBench] error example_id=0d102a277bdaf52b40a8dc150408f122828ee63f2a55dd0e58f3c7b51933d345 strategy=few_shot_exemplar error=ConnectionError(MaxRetryError('HTTPSConnectionPool(host=\'game.agaii.org\', port=443): Max retries exceeded with url: /mllm/v1/chat/completions (Caused by ReadTimeoutError("HTTPSConnectionPool(host=\'game.agaii.org\', port=443): Read timed out. (read timeout=180)"))'))
[ReasonBench] marked_unscorable example_id=0d102a277bdaf52b40a8dc150408f122828ee63f2a55dd0e58f3c7b51933d345 strategy=few_shot_exemplar error_records=999
[ReasonBench] error example_id=0a9d3c9d94cdbd52adf5852ebdf291b4ff8788032d950f62695d1dcc298b54f6 strategy=direct error=ConnectionError(MaxRetryError('HTTPSConnectionPool(host=\'game.agaii.org\', port=443): Max retries exceeded with url: /mllm/v1/chat/completions (Caused by ReadTimeoutError("HTTPSConnectionPool(host=\'game.agaii.org\', port=443): Read timed out. (read timeout=180)"))'))
[ReasonBench] marked_unscorable example_id=0a9d3c9d94cdbd52adf5852ebdf291b4ff8788032d950f62695d1dcc298b54f6 strategy=direct error_records=1000
