============================================================
session_name: rb_ai2_arc_27b__260402_201457
attempt: 1
started_at: 2026-04-02T21:05:13-04:00
config_path: configs/experiments/generated/spring26_2026-04-02__20-14-57/full_ai2_arc_all_strategies_27b.toml
checkpoint_path: outputs/full_ai2_arc_27b__spring26_2026-04-02__20-14-57/results.jsonl
cwd: /mnt/Yanlai/ReasonBench
command: PYTHONUNBUFFERED=1 PYTHONPATH=src /usr/bin/python3 -u -m reasonbench.cli.run --config configs/experiments/generated/spring26_2026-04-02__20-14-57/full_ai2_arc_all_strategies_27b.toml
============================================================
[ReasonBench] experiment=ai2_arc_full_all_strategies_27b__spring26_2026-04-02__20-14-57 examples=7787 strategies=10 expected_total=77870 existing_checkpoint_records=25
[ReasonBench] pending_records=77845 max_workers=2
[ReasonBench] progress total=26/77870 (0.03%) new=1/77845 elapsed_s=302.8
[ReasonBench] error example_id=ARC-Challenge:train:MEA_2016_8_14 strategy=critique_refine error=ConnectTimeout(MaxRetryError("HTTPSConnectionPool(host='game.agaii.org', port=443): Max retries exceeded with url: /mllm/v1/chat/completions (Caused by ConnectTimeoutError(<urllib3.connection.HTTPSConnection object at 0x77c7f416c410>, 'Connection to game.agaii.org timed out. (connect timeout=180)'))"))
[ReasonBench] marked_unscorable example_id=ARC-Challenge:train:MEA_2016_8_14 strategy=critique_refine error_records=1
[ReasonBench] error example_id=ARC-Challenge:train:MEA_2016_8_14 strategy=self_verify error=ConnectTimeout(MaxRetryError("HTTPSConnectionPool(host='game.agaii.org', port=443): Max retries exceeded with url: /mllm/v1/chat/completions (Caused by ConnectTimeoutError(<urllib3.connection.HTTPSConnection object at 0x77c7f416c6e0>, 'Connection to game.agaii.org timed out. (connect timeout=180)'))"))
[ReasonBench] marked_unscorable example_id=ARC-Challenge:train:MEA_2016_8_14 strategy=self_verify error_records=2
[ReasonBench] error example_id=ARC-Challenge:train:MEA_2016_8_14 strategy=self_consistency error=ConnectionError(MaxRetryError('HTTPSConnectionPool(host=\'game.agaii.org\', port=443): Max retries exceeded with url: /mllm/v1/chat/completions (Caused by NameResolutionError("<urllib3.connection.HTTPSConnection object at 0x77c7f45ef0e0>: Failed to resolve \'game.agaii.org\' ([Errno -3] Temporary failure in name resolution)"))'))
[ReasonBench] marked_unscorable example_id=ARC-Challenge:train:MEA_2016_8_14 strategy=self_consistency error_records=3
[ReasonBench] error example_id=ARC-Challenge:train:MEA_2016_8_14 strategy=selective_self_consistency error=ConnectionError(MaxRetryError('HTTPSConnectionPool(host=\'game.agaii.org\', port=443): Max retries exceeded with url: /mllm/v1/chat/completions (Caused by NameResolutionError("<urllib3.connection.HTTPSConnection object at 0x77c7f416e960>: Failed to resolve \'game.agaii.org\' ([Errno -3] Temporary failure in name resolution)"))'))
[ReasonBench] marked_unscorable example_id=ARC-Challenge:train:MEA_2016_8_14 strategy=selective_self_consistency error_records=4
[ReasonBench] error example_id=ARC-Challenge:train:MEA_2016_8_14 strategy=few_shot_exemplar error=ConnectionError(MaxRetryError('HTTPSConnectionPool(host=\'game.agaii.org\', port=443): Max retries exceeded with url: /mllm/v1/chat/completions (Caused by NameResolutionError("<urllib3.connection.HTTPSConnection object at 0x77c7efa057f0>: Failed to resolve \'game.agaii.org\' ([Errno -3] Temporary failure in name resolution)"))'))
[ReasonBench] marked_unscorable example_id=ARC-Challenge:train:MEA_2016_8_14 strategy=few_shot_exemplar error_records=5
[ReasonBench] error example_id=ARC-Challenge:train:ACTAAP_2013_5_11 strategy=direct error=ConnectionError(MaxRetryError('HTTPSConnectionPool(host=\'game.agaii.org\', port=443): Max retries exceeded with url: /mllm/v1/chat/completions (Caused by NameResolutionError("<urllib3.connection.HTTPSConnection object at 0x77c7efa059d0>: Failed to resolve \'game.agaii.org\' ([Errno -3] Temporary failure in name resolution)"))'))
[ReasonBench] marked_unscorable example_id=ARC-Challenge:train:ACTAAP_2013_5_11 strategy=direct error_records=6
[ReasonBench] error example_id=ARC-Challenge:train:ACTAAP_2013_5_11 strategy=concise_cot error=ConnectionError(MaxRetryError('HTTPSConnectionPool(host=\'game.agaii.org\', port=443): Max retries exceeded with url: /mllm/v1/chat/completions (Caused by NameResolutionError("<urllib3.connection.HTTPSConnection object at 0x77c7efa06f30>: Failed to resolve \'game.agaii.org\' ([Errno -3] Temporary failure in name resolution)"))'))
[ReasonBench] marked_unscorable example_id=ARC-Challenge:train:ACTAAP_2013_5_11 strategy=concise_cot error_records=7
[ReasonBench] error example_id=ARC-Challenge:train:ACTAAP_2013_5_11 strategy=least_to_most error=ConnectionError(MaxRetryError('HTTPSConnectionPool(host=\'game.agaii.org\', port=443): Max retries exceeded with url: /mllm/v1/chat/completions (Caused by NameResolutionError("<urllib3.connection.HTTPSConnection object at 0x77c7efa07170>: Failed to resolve \'game.agaii.org\' ([Errno -3] Temporary failure in name resolution)"))'))
[ReasonBench] marked_unscorable example_id=ARC-Challenge:train:ACTAAP_2013_5_11 strategy=least_to_most error_records=8
[ReasonBench] error example_id=ARC-Challenge:train:ACTAAP_2013_5_11 strategy=constraint_decompose error=ConnectionError(MaxRetryError('HTTPSConnectionPool(host=\'game.agaii.org\', port=443): Max retries exceeded with url: /mllm/v1/chat/completions (Caused by NameResolutionError("<urllib3.connection.HTTPSConnection object at 0x77c7efa07f80>: Failed to resolve \'game.agaii.org\' ([Errno -3] Temporary failure in name resolution)"))'))
[ReasonBench] marked_unscorable example_id=ARC-Challenge:train:ACTAAP_2013_5_11 strategy=constraint_decompose error_records=9
[ReasonBench] error example_id=ARC-Challenge:train:ACTAAP_2013_5_11 strategy=self_verify error=ConnectionError(MaxRetryError('HTTPSConnectionPool(host=\'game.agaii.org\', port=443): Max retries exceeded with url: /mllm/v1/chat/completions (Caused by NameResolutionError("<urllib3.connection.HTTPSConnection object at 0x77c7efa307a0>: Failed to resolve \'game.agaii.org\' ([Errno -3] Temporary failure in name resolution)"))'))
[ReasonBench] marked_unscorable example_id=ARC-Challenge:train:ACTAAP_2013_5_11 strategy=self_verify error_records=10
[ReasonBench] error example_id=ARC-Challenge:train:ACTAAP_2013_5_11 strategy=critique_refine error=ConnectionError(MaxRetryError('HTTPSConnectionPool(host=\'game.agaii.org\', port=443): Max retries exceeded with url: /mllm/v1/chat/completions (Caused by NameResolutionError("<urllib3.connection.HTTPSConnection object at 0x77c7efa31730>: Failed to resolve \'game.agaii.org\' ([Errno -3] Temporary failure in name resolution)"))'))
[ReasonBench] marked_unscorable example_id=ARC-Challenge:train:ACTAAP_2013_5_11 strategy=critique_refine error_records=11
[ReasonBench] error example_id=ARC-Challenge:train:ACTAAP_2013_5_11 strategy=self_consistency error=ConnectionError(MaxRetryError('HTTPSConnectionPool(host=\'game.agaii.org\', port=443): Max retries exceeded with url: /mllm/v1/chat/completions (Caused by NameResolutionError("<urllib3.connection.HTTPSConnection object at 0x77c7efa315e0>: Failed to resolve \'game.agaii.org\' ([Errno -3] Temporary failure in name resolution)"))'))
[ReasonBench] marked_unscorable example_id=ARC-Challenge:train:ACTAAP_2013_5_11 strategy=self_consistency error_records=12
[ReasonBench] error example_id=ARC-Challenge:train:ACTAAP_2013_5_11 strategy=selective_self_consistency error=ConnectionError(MaxRetryError('HTTPSConnectionPool(host=\'game.agaii.org\', port=443): Max retries exceeded with url: /mllm/v1/chat/completions (Caused by NameResolutionError("<urllib3.connection.HTTPSConnection object at 0x77c7efa32cc0>: Failed to resolve \'game.agaii.org\' ([Errno -3] Temporary failure in name resolution)"))'))
[ReasonBench] marked_unscorable example_id=ARC-Challenge:train:ACTAAP_2013_5_11 strategy=selective_self_consistency error_records=13
[ReasonBench] error example_id=ARC-Challenge:train:ACTAAP_2013_5_11 strategy=budgeted_cascade error=ConnectionError(MaxRetryError('HTTPSConnectionPool(host=\'game.agaii.org\', port=443): Max retries exceeded with url: /mllm/v1/chat/completions (Caused by NameResolutionError("<urllib3.connection.HTTPSConnection object at 0x77c7efa32ea0>: Failed to resolve \'game.agaii.org\' ([Errno -3] Temporary failure in name resolution)"))'))
[ReasonBench] marked_unscorable example_id=ARC-Challenge:train:ACTAAP_2013_5_11 strategy=budgeted_cascade error_records=14
[ReasonBench] error example_id=ARC-Challenge:train:MCAS_1998_4_3 strategy=direct error=ConnectionError(MaxRetryError('HTTPSConnectionPool(host=\'game.agaii.org\', port=443): Max retries exceeded with url: /mllm/v1/chat/completions (Caused by NameResolutionError("<urllib3.connection.HTTPSConnection object at 0x77c7efa60290>: Failed to resolve \'game.agaii.org\' ([Errno -3] Temporary failure in name resolution)"))'))
[ReasonBench] marked_unscorable example_id=ARC-Challenge:train:MCAS_1998_4_3 strategy=direct error_records=15
[ReasonBench] error example_id=ARC-Challenge:train:ACTAAP_2013_5_11 strategy=few_shot_exemplar error=ConnectionError(MaxRetryError('HTTPSConnectionPool(host=\'game.agaii.org\', port=443): Max retries exceeded with url: /mllm/v1/chat/completions (Caused by NameResolutionError("<urllib3.connection.HTTPSConnection object at 0x77c7efa60440>: Failed to resolve \'game.agaii.org\' ([Errno -3] Temporary failure in name resolution)"))'))
[ReasonBench] marked_unscorable example_id=ARC-Challenge:train:ACTAAP_2013_5_11 strategy=few_shot_exemplar error_records=16
[ReasonBench] error example_id=ARC-Challenge:train:MCAS_1998_4_3 strategy=concise_cot error=ConnectionError(MaxRetryError('HTTPSConnectionPool(host=\'game.agaii.org\', port=443): Max retries exceeded with url: /mllm/v1/chat/completions (Caused by NameResolutionError("<urllib3.connection.HTTPSConnection object at 0x77c7efa61970>: Failed to resolve \'game.agaii.org\' ([Errno -3] Temporary failure in name resolution)"))'))
[ReasonBench] marked_unscorable example_id=ARC-Challenge:train:MCAS_1998_4_3 strategy=concise_cot error_records=17
[ReasonBench] error example_id=ARC-Challenge:train:MCAS_1998_4_3 strategy=least_to_most error=ConnectionError(MaxRetryError('HTTPSConnectionPool(host=\'game.agaii.org\', port=443): Max retries exceeded with url: /mllm/v1/chat/completions (Caused by NameResolutionError("<urllib3.connection.HTTPSConnection object at 0x77c7efa617c0>: Failed to resolve \'game.agaii.org\' ([Errno -3] Temporary failure in name resolution)"))'))
[ReasonBench] marked_unscorable example_id=ARC-Challenge:train:MCAS_1998_4_3 strategy=least_to_most error_records=18
[ReasonBench] error example_id=ARC-Challenge:train:MCAS_1998_4_3 strategy=self_verify error=ConnectionError(MaxRetryError('HTTPSConnectionPool(host=\'game.agaii.org\', port=443): Max retries exceeded with url: /mllm/v1/chat/completions (Caused by NameResolutionError("<urllib3.connection.HTTPSConnection object at 0x77c7fde52b40>: Failed to resolve \'game.agaii.org\' ([Errno -3] Temporary failure in name resolution)"))'))
[ReasonBench] marked_unscorable example_id=ARC-Challenge:train:MCAS_1998_4_3 strategy=self_verify error_records=19
[ReasonBench] error example_id=ARC-Challenge:train:MCAS_1998_4_3 strategy=constraint_decompose error=ConnectionError(MaxRetryError('HTTPSConnectionPool(host=\'game.agaii.org\', port=443): Max retries exceeded with url: /mllm/v1/chat/completions (Caused by NameResolutionError("<urllib3.connection.HTTPSConnection object at 0x77c7fd4aa6c0>: Failed to resolve \'game.agaii.org\' ([Errno -3] Temporary failure in name resolution)"))'))
[ReasonBench] marked_unscorable example_id=ARC-Challenge:train:MCAS_1998_4_3 strategy=constraint_decompose error_records=20
[ReasonBench] error example_id=ARC-Challenge:train:MCAS_1998_4_3 strategy=critique_refine error=ConnectionError(MaxRetryError('HTTPSConnectionPool(host=\'game.agaii.org\', port=443): Max retries exceeded with url: /mllm/v1/chat/completions (Caused by NameResolutionError("<urllib3.connection.HTTPSConnection object at 0x77c7f45ef4d0>: Failed to resolve \'game.agaii.org\' ([Errno -3] Temporary failure in name resolution)"))'))
[ReasonBench] marked_unscorable example_id=ARC-Challenge:train:MCAS_1998_4_3 strategy=critique_refine error_records=21
[ReasonBench] error example_id=ARC-Challenge:train:MCAS_1998_4_3 strategy=self_consistency error=ConnectionError(MaxRetryError('HTTPSConnectionPool(host=\'game.agaii.org\', port=443): Max retries exceeded with url: /mllm/v1/chat/completions (Caused by NameResolutionError("<urllib3.connection.HTTPSConnection object at 0x77c7f416c950>: Failed to resolve \'game.agaii.org\' ([Errno -3] Temporary failure in name resolution)"))'))
[ReasonBench] marked_unscorable example_id=ARC-Challenge:train:MCAS_1998_4_3 strategy=self_consistency error_records=22
[ReasonBench] error example_id=ARC-Challenge:train:MCAS_1998_4_3 strategy=selective_self_consistency error=ConnectionError(MaxRetryError('HTTPSConnectionPool(host=\'game.agaii.org\', port=443): Max retries exceeded with url: /mllm/v1/chat/completions (Caused by NameResolutionError("<urllib3.connection.HTTPSConnection object at 0x77c7efa62240>: Failed to resolve \'game.agaii.org\' ([Errno -3] Temporary failure in name resolution)"))'))
[ReasonBench] marked_unscorable example_id=ARC-Challenge:train:MCAS_1998_4_3 strategy=selective_self_consistency error_records=23
[ReasonBench] error example_id=ARC-Challenge:train:MCAS_1998_4_3 strategy=budgeted_cascade error=ConnectionError(MaxRetryError('HTTPSConnectionPool(host=\'game.agaii.org\', port=443): Max retries exceeded with url: /mllm/v1/chat/completions (Caused by NameResolutionError("<urllib3.connection.HTTPSConnection object at 0x77c7efa61b80>: Failed to resolve \'game.agaii.org\' ([Errno -3] Temporary failure in name resolution)"))'))
[ReasonBench] marked_unscorable example_id=ARC-Challenge:train:MCAS_1998_4_3 strategy=budgeted_cascade error_records=24
[ReasonBench] error example_id=ARC-Challenge:train:Mercury_7106908 strategy=direct error=ConnectionError(MaxRetryError('HTTPSConnectionPool(host=\'game.agaii.org\', port=443): Max retries exceeded with url: /mllm/v1/chat/completions (Caused by NameResolutionError("<urllib3.connection.HTTPSConnection object at 0x77c7efa9c380>: Failed to resolve \'game.agaii.org\' ([Errno -3] Temporary failure in name resolution)"))'))
[ReasonBench] marked_unscorable example_id=ARC-Challenge:train:Mercury_7106908 strategy=direct error_records=25
[ReasonBench] error example_id=ARC-Challenge:train:MCAS_1998_4_3 strategy=few_shot_exemplar error=ConnectionError(MaxRetryError('HTTPSConnectionPool(host=\'game.agaii.org\', port=443): Max retries exceeded with url: /mllm/v1/chat/completions (Caused by NameResolutionError("<urllib3.connection.HTTPSConnection object at 0x77c7efa62f60>: Failed to resolve \'game.agaii.org\' ([Errno -3] Temporary failure in name resolution)"))'))
[ReasonBench] marked_unscorable example_id=ARC-Challenge:train:MCAS_1998_4_3 strategy=few_shot_exemplar error_records=26
[ReasonBench] error example_id=ARC-Challenge:train:Mercury_7106908 strategy=least_to_most error=ConnectionError(MaxRetryError('HTTPSConnectionPool(host=\'game.agaii.org\', port=443): Max retries exceeded with url: /mllm/v1/chat/completions (Caused by NameResolutionError("<urllib3.connection.HTTPSConnection object at 0x77c7efa9da30>: Failed to resolve \'game.agaii.org\' ([Errno -3] Temporary failure in name resolution)"))'))
[ReasonBench] marked_unscorable example_id=ARC-Challenge:train:Mercury_7106908 strategy=least_to_most error_records=27
[ReasonBench] error example_id=ARC-Challenge:train:Mercury_7106908 strategy=concise_cot error=ConnectionError(MaxRetryError('HTTPSConnectionPool(host=\'game.agaii.org\', port=443): Max retries exceeded with url: /mllm/v1/chat/completions (Caused by NameResolutionError("<urllib3.connection.HTTPSConnection object at 0x77c7efa9d880>: Failed to resolve \'game.agaii.org\' ([Errno -3] Temporary failure in name resolution)"))'))
[ReasonBench] marked_unscorable example_id=ARC-Challenge:train:Mercury_7106908 strategy=concise_cot error_records=28
[ReasonBench] error example_id=ARC-Challenge:train:Mercury_7106908 strategy=self_verify error=ConnectionError(MaxRetryError('HTTPSConnectionPool(host=\'game.agaii.org\', port=443): Max retries exceeded with url: /mllm/v1/chat/completions (Caused by NameResolutionError("<urllib3.connection.HTTPSConnection object at 0x77c7efa9edb0>: Failed to resolve \'game.agaii.org\' ([Errno -3] Temporary failure in name resolution)"))'))
[ReasonBench] marked_unscorable example_id=ARC-Challenge:train:Mercury_7106908 strategy=self_verify error_records=29
[ReasonBench] error example_id=ARC-Challenge:train:Mercury_7106908 strategy=constraint_decompose error=ConnectionError(MaxRetryError('HTTPSConnectionPool(host=\'game.agaii.org\', port=443): Max retries exceeded with url: /mllm/v1/chat/completions (Caused by NameResolutionError("<urllib3.connection.HTTPSConnection object at 0x77c7efa9ef60>: Failed to resolve \'game.agaii.org\' ([Errno -3] Temporary failure in name resolution)"))'))
[ReasonBench] marked_unscorable example_id=ARC-Challenge:train:Mercury_7106908 strategy=constraint_decompose error_records=30
[ReasonBench] error example_id=ARC-Challenge:train:Mercury_7106908 strategy=self_consistency error=ConnectionError(MaxRetryError('HTTPSConnectionPool(host=\'game.agaii.org\', port=443): Max retries exceeded with url: /mllm/v1/chat/completions (Caused by NameResolutionError("<urllib3.connection.HTTPSConnection object at 0x77c7efac4350>: Failed to resolve \'game.agaii.org\' ([Errno -3] Temporary failure in name resolution)"))'))
[ReasonBench] marked_unscorable example_id=ARC-Challenge:train:Mercury_7106908 strategy=self_consistency error_records=31
[ReasonBench] error example_id=ARC-Challenge:train:Mercury_7106908 strategy=critique_refine error=ConnectionError(MaxRetryError('HTTPSConnectionPool(host=\'game.agaii.org\', port=443): Max retries exceeded with url: /mllm/v1/chat/completions (Caused by NameResolutionError("<urllib3.connection.HTTPSConnection object at 0x77c7efac4500>: Failed to resolve \'game.agaii.org\' ([Errno -3] Temporary failure in name resolution)"))'))
[ReasonBench] marked_unscorable example_id=ARC-Challenge:train:Mercury_7106908 strategy=critique_refine error_records=32
[ReasonBench] error example_id=ARC-Challenge:train:Mercury_7106908 strategy=budgeted_cascade error=ConnectionError(MaxRetryError('HTTPSConnectionPool(host=\'game.agaii.org\', port=443): Max retries exceeded with url: /mllm/v1/chat/completions (Caused by NameResolutionError("<urllib3.connection.HTTPSConnection object at 0x77c7efac5af0>: Failed to resolve \'game.agaii.org\' ([Errno -3] Temporary failure in name resolution)"))'))
[ReasonBench] marked_unscorable example_id=ARC-Challenge:train:Mercury_7106908 strategy=budgeted_cascade error_records=33
[ReasonBench] error example_id=ARC-Challenge:train:Mercury_7106908 strategy=selective_self_consistency error=ConnectionError(MaxRetryError('HTTPSConnectionPool(host=\'game.agaii.org\', port=443): Max retries exceeded with url: /mllm/v1/chat/completions (Caused by NameResolutionError("<urllib3.connection.HTTPSConnection object at 0x77c7efac4b00>: Failed to resolve \'game.agaii.org\' ([Errno -3] Temporary failure in name resolution)"))'))
[ReasonBench] marked_unscorable example_id=ARC-Challenge:train:Mercury_7106908 strategy=selective_self_consistency error_records=34
[ReasonBench] error example_id=ARC-Challenge:train:Mercury_7106908 strategy=few_shot_exemplar error=ConnectionError(MaxRetryError('HTTPSConnectionPool(host=\'game.agaii.org\', port=443): Max retries exceeded with url: /mllm/v1/chat/completions (Caused by NameResolutionError("<urllib3.connection.HTTPSConnection object at 0x77c7efac6ff0>: Failed to resolve \'game.agaii.org\' ([Errno -3] Temporary failure in name resolution)"))'))
[ReasonBench] marked_unscorable example_id=ARC-Challenge:train:Mercury_7106908 strategy=few_shot_exemplar error_records=35
[ReasonBench] error example_id=ARC-Challenge:train:Mercury_401402 strategy=direct error=ConnectionError(MaxRetryError('HTTPSConnectionPool(host=\'game.agaii.org\', port=443): Max retries exceeded with url: /mllm/v1/chat/completions (Caused by NameResolutionError("<urllib3.connection.HTTPSConnection object at 0x77c7efac71a0>: Failed to resolve \'game.agaii.org\' ([Errno -3] Temporary failure in name resolution)"))'))
[ReasonBench] marked_unscorable example_id=ARC-Challenge:train:Mercury_401402 strategy=direct error_records=36
[ReasonBench] error example_id=ARC-Challenge:train:Mercury_401402 strategy=least_to_most error=ConnectionError(MaxRetryError('HTTPSConnectionPool(host=\'game.agaii.org\', port=443): Max retries exceeded with url: /mllm/v1/chat/completions (Caused by NameResolutionError("<urllib3.connection.HTTPSConnection object at 0x77c7efaf0710>: Failed to resolve \'game.agaii.org\' ([Errno -3] Temporary failure in name resolution)"))'))
[ReasonBench] marked_unscorable example_id=ARC-Challenge:train:Mercury_401402 strategy=least_to_most error_records=37
[ReasonBench] error example_id=ARC-Challenge:train:Mercury_401402 strategy=concise_cot error=ConnectionError(MaxRetryError('HTTPSConnectionPool(host=\'game.agaii.org\', port=443): Max retries exceeded with url: /mllm/v1/chat/completions (Caused by NameResolutionError("<urllib3.connection.HTTPSConnection object at 0x77c7efaf0560>: Failed to resolve \'game.agaii.org\' ([Errno -3] Temporary failure in name resolution)"))'))
[ReasonBench] marked_unscorable example_id=ARC-Challenge:train:Mercury_401402 strategy=concise_cot error_records=38
[ReasonBench] error example_id=ARC-Challenge:train:Mercury_401402 strategy=constraint_decompose error=ConnectionError(MaxRetryError('HTTPSConnectionPool(host=\'game.agaii.org\', port=443): Max retries exceeded with url: /mllm/v1/chat/completions (Caused by NameResolutionError("<urllib3.connection.HTTPSConnection object at 0x77c7efaf1a90>: Failed to resolve \'game.agaii.org\' ([Errno -3] Temporary failure in name resolution)"))'))
[ReasonBench] marked_unscorable example_id=ARC-Challenge:train:Mercury_401402 strategy=constraint_decompose error_records=39
[ReasonBench] error example_id=ARC-Challenge:train:Mercury_401402 strategy=self_verify error=ConnectionError(MaxRetryError('HTTPSConnectionPool(host=\'game.agaii.org\', port=443): Max retries exceeded with url: /mllm/v1/chat/completions (Caused by NameResolutionError("<urllib3.connection.HTTPSConnection object at 0x77c7efaf1c40>: Failed to resolve \'game.agaii.org\' ([Errno -3] Temporary failure in name resolution)"))'))
[ReasonBench] marked_unscorable example_id=ARC-Challenge:train:Mercury_401402 strategy=self_verify error_records=40
[ReasonBench] error example_id=ARC-Challenge:train:Mercury_401402 strategy=critique_refine error=ConnectionError(MaxRetryError('HTTPSConnectionPool(host=\'game.agaii.org\', port=443): Max retries exceeded with url: /mllm/v1/chat/completions (Caused by NameResolutionError("<urllib3.connection.HTTPSConnection object at 0x77c7efaf1e50>: Failed to resolve \'game.agaii.org\' ([Errno -3] Temporary failure in name resolution)"))'))
[ReasonBench] marked_unscorable example_id=ARC-Challenge:train:Mercury_401402 strategy=critique_refine error_records=41
[ReasonBench] error example_id=ARC-Challenge:train:Mercury_401402 strategy=self_consistency error=ConnectionError(MaxRetryError('HTTPSConnectionPool(host=\'game.agaii.org\', port=443): Max retries exceeded with url: /mllm/v1/chat/completions (Caused by NameResolutionError("<urllib3.connection.HTTPSConnection object at 0x77c7efaf31a0>: Failed to resolve \'game.agaii.org\' ([Errno -3] Temporary failure in name resolution)"))'))
[ReasonBench] marked_unscorable example_id=ARC-Challenge:train:Mercury_401402 strategy=self_consistency error_records=42
[ReasonBench] error example_id=ARC-Challenge:train:Mercury_401402 strategy=budgeted_cascade error=ConnectionError(MaxRetryError('HTTPSConnectionPool(host=\'game.agaii.org\', port=443): Max retries exceeded with url: /mllm/v1/chat/completions (Caused by NameResolutionError("<urllib3.connection.HTTPSConnection object at 0x77c7ef9288f0>: Failed to resolve \'game.agaii.org\' ([Errno -3] Temporary failure in name resolution)"))'))
[ReasonBench] marked_unscorable example_id=ARC-Challenge:train:Mercury_401402 strategy=budgeted_cascade error_records=43
[ReasonBench] error example_id=ARC-Challenge:train:Mercury_401402 strategy=selective_self_consistency error=ConnectionError(MaxRetryError('HTTPSConnectionPool(host=\'game.agaii.org\', port=443): Max retries exceeded with url: /mllm/v1/chat/completions (Caused by NameResolutionError("<urllib3.connection.HTTPSConnection object at 0x77c7ef928740>: Failed to resolve \'game.agaii.org\' ([Errno -3] Temporary failure in name resolution)"))'))
[ReasonBench] marked_unscorable example_id=ARC-Challenge:train:Mercury_401402 strategy=selective_self_consistency error_records=44
[ReasonBench] error example_id=ARC-Challenge:train:Mercury_401402 strategy=few_shot_exemplar error=ConnectionError(MaxRetryError('HTTPSConnectionPool(host=\'game.agaii.org\', port=443): Max retries exceeded with url: /mllm/v1/chat/completions (Caused by NameResolutionError("<urllib3.connection.HTTPSConnection object at 0x77c7ef929c70>: Failed to resolve \'game.agaii.org\' ([Errno -3] Temporary failure in name resolution)"))'))
[ReasonBench] marked_unscorable example_id=ARC-Challenge:train:Mercury_401402 strategy=few_shot_exemplar error_records=45
[ReasonBench] error example_id=ARC-Challenge:train:MCAS_2005_8_4 strategy=direct error=ConnectionError(MaxRetryError('HTTPSConnectionPool(host=\'game.agaii.org\', port=443): Max retries exceeded with url: /mllm/v1/chat/completions (Caused by NameResolutionError("<urllib3.connection.HTTPSConnection object at 0x77c7ef929e20>: Failed to resolve \'game.agaii.org\' ([Errno -3] Temporary failure in name resolution)"))'))
[ReasonBench] marked_unscorable example_id=ARC-Challenge:train:MCAS_2005_8_4 strategy=direct error_records=46
[ReasonBench] error example_id=ARC-Challenge:train:MCAS_2005_8_4 strategy=concise_cot error=ConnectionError(MaxRetryError('HTTPSConnectionPool(host=\'game.agaii.org\', port=443): Max retries exceeded with url: /mllm/v1/chat/completions (Caused by NameResolutionError("<urllib3.connection.HTTPSConnection object at 0x77c7ef92b1a0>: Failed to resolve \'game.agaii.org\' ([Errno -3] Temporary failure in name resolution)"))'))
[ReasonBench] marked_unscorable example_id=ARC-Challenge:train:MCAS_2005_8_4 strategy=concise_cot error_records=47
[ReasonBench] error example_id=ARC-Challenge:train:MCAS_2005_8_4 strategy=least_to_most error=ConnectionError(MaxRetryError('HTTPSConnectionPool(host=\'game.agaii.org\', port=443): Max retries exceeded with url: /mllm/v1/chat/completions (Caused by NameResolutionError("<urllib3.connection.HTTPSConnection object at 0x77c7ef92b350>: Failed to resolve \'game.agaii.org\' ([Errno -3] Temporary failure in name resolution)"))'))
[ReasonBench] marked_unscorable example_id=ARC-Challenge:train:MCAS_2005_8_4 strategy=least_to_most error_records=48
[ReasonBench] error example_id=ARC-Challenge:train:MCAS_2005_8_4 strategy=constraint_decompose error=ConnectionError(MaxRetryError('HTTPSConnectionPool(host=\'game.agaii.org\', port=443): Max retries exceeded with url: /mllm/v1/chat/completions (Caused by NameResolutionError("<urllib3.connection.HTTPSConnection object at 0x77c7ef95c8c0>: Failed to resolve \'game.agaii.org\' ([Errno -3] Temporary failure in name resolution)"))'))
[ReasonBench] marked_unscorable example_id=ARC-Challenge:train:MCAS_2005_8_4 strategy=constraint_decompose error_records=49
[ReasonBench] error example_id=ARC-Challenge:train:MCAS_2005_8_4 strategy=self_verify error=ConnectionError(MaxRetryError('HTTPSConnectionPool(host=\'game.agaii.org\', port=443): Max retries exceeded with url: /mllm/v1/chat/completions (Caused by NameResolutionError("<urllib3.connection.HTTPSConnection object at 0x77c7ef95c950>: Failed to resolve \'game.agaii.org\' ([Errno -3] Temporary failure in name resolution)"))'))
[ReasonBench] marked_unscorable example_id=ARC-Challenge:train:MCAS_2005_8_4 strategy=self_verify error_records=50
[ReasonBench] error example_id=ARC-Challenge:train:MCAS_2005_8_4 strategy=self_consistency error=ConnectionError(MaxRetryError('HTTPSConnectionPool(host=\'game.agaii.org\', port=443): Max retries exceeded with url: /mllm/v1/chat/completions (Caused by NameResolutionError("<urllib3.connection.HTTPSConnection object at 0x77c7ef95e060>: Failed to resolve \'game.agaii.org\' ([Errno -3] Temporary failure in name resolution)"))'))
[ReasonBench] marked_unscorable example_id=ARC-Challenge:train:MCAS_2005_8_4 strategy=self_consistency error_records=51
[ReasonBench] error example_id=ARC-Challenge:train:MCAS_2005_8_4 strategy=critique_refine error=ConnectionError(MaxRetryError('HTTPSConnectionPool(host=\'game.agaii.org\', port=443): Max retries exceeded with url: /mllm/v1/chat/completions (Caused by NameResolutionError("<urllib3.connection.HTTPSConnection object at 0x77c7ef95deb0>: Failed to resolve \'game.agaii.org\' ([Errno -3] Temporary failure in name resolution)"))'))
[ReasonBench] marked_unscorable example_id=ARC-Challenge:train:MCAS_2005_8_4 strategy=critique_refine error_records=52
[ReasonBench] error example_id=ARC-Challenge:train:MCAS_2005_8_4 strategy=budgeted_cascade error=ConnectionError(MaxRetryError('HTTPSConnectionPool(host=\'game.agaii.org\', port=443): Max retries exceeded with url: /mllm/v1/chat/completions (Caused by NameResolutionError("<urllib3.connection.HTTPSConnection object at 0x77c7ef95f3b0>: Failed to resolve \'game.agaii.org\' ([Errno -3] Temporary failure in name resolution)"))'))
[ReasonBench] marked_unscorable example_id=ARC-Challenge:train:MCAS_2005_8_4 strategy=budgeted_cascade error_records=53
[ReasonBench] error example_id=ARC-Challenge:train:MCAS_2005_8_4 strategy=selective_self_consistency error=ConnectionError(MaxRetryError('HTTPSConnectionPool(host=\'game.agaii.org\', port=443): Max retries exceeded with url: /mllm/v1/chat/completions (Caused by NameResolutionError("<urllib3.connection.HTTPSConnection object at 0x77c7ef95f560>: Failed to resolve \'game.agaii.org\' ([Errno -3] Temporary failure in name resolution)"))'))
[ReasonBench] marked_unscorable example_id=ARC-Challenge:train:MCAS_2005_8_4 strategy=selective_self_consistency error_records=54
[ReasonBench] error example_id=ARC-Challenge:train:MCAS_2007_8_5180 strategy=selective_self_consistency error=ConnectionError(MaxRetryError('HTTPSConnectionPool(host=\'game.agaii.org\', port=443): Max retries exceeded with url: /mllm/v1/chat/completions (Caused by ReadTimeoutError("HTTPSConnectionPool(host=\'game.agaii.org\', port=443): Read timed out. (read timeout=180)"))'))
[ReasonBench] marked_unscorable example_id=ARC-Challenge:train:MCAS_2007_8_5180 strategy=selective_self_consistency error_records=55
[ReasonBench] error example_id=ARC-Challenge:train:MCAS_2007_8_5180 strategy=critique_refine error=ConnectionError(MaxRetryError('HTTPSConnectionPool(host=\'game.agaii.org\', port=443): Max retries exceeded with url: /mllm/v1/chat/completions (Caused by ReadTimeoutError("HTTPSConnectionPool(host=\'game.agaii.org\', port=443): Read timed out. (read timeout=180)"))'))
[ReasonBench] marked_unscorable example_id=ARC-Challenge:train:MCAS_2007_8_5180 strategy=critique_refine error_records=56
[ReasonBench] error example_id=ARC-Challenge:train:MCAS_2007_8_5180 strategy=few_shot_exemplar error=ConnectionError(MaxRetryError('HTTPSConnectionPool(host=\'game.agaii.org\', port=443): Max retries exceeded with url: /mllm/v1/chat/completions (Caused by ReadTimeoutError("HTTPSConnectionPool(host=\'game.agaii.org\', port=443): Read timed out. (read timeout=180)"))'))
[ReasonBench] marked_unscorable example_id=ARC-Challenge:train:MCAS_2007_8_5180 strategy=few_shot_exemplar error_records=57
[ReasonBench] error example_id=ARC-Challenge:train:TIMSS_1995_8_K12 strategy=direct error=ConnectionError(MaxRetryError('HTTPSConnectionPool(host=\'game.agaii.org\', port=443): Max retries exceeded with url: /mllm/v1/chat/completions (Caused by ReadTimeoutError("HTTPSConnectionPool(host=\'game.agaii.org\', port=443): Read timed out. (read timeout=180)"))'))
[ReasonBench] marked_unscorable example_id=ARC-Challenge:train:TIMSS_1995_8_K12 strategy=direct error_records=58
[ReasonBench] error example_id=ARC-Challenge:train:TIMSS_1995_8_K12 strategy=concise_cot error=ConnectionError(MaxRetryError('HTTPSConnectionPool(host=\'game.agaii.org\', port=443): Max retries exceeded with url: /mllm/v1/chat/completions (Caused by ReadTimeoutError("HTTPSConnectionPool(host=\'game.agaii.org\', port=443): Read timed out. (read timeout=180)"))'))
[ReasonBench] marked_unscorable example_id=ARC-Challenge:train:TIMSS_1995_8_K12 strategy=concise_cot error_records=59
[ReasonBench] error example_id=ARC-Challenge:train:TIMSS_1995_8_K12 strategy=least_to_most error=ConnectionError(MaxRetryError('HTTPSConnectionPool(host=\'game.agaii.org\', port=443): Max retries exceeded with url: /mllm/v1/chat/completions (Caused by ReadTimeoutError("HTTPSConnectionPool(host=\'game.agaii.org\', port=443): Read timed out. (read timeout=180)"))'))
[ReasonBench] marked_unscorable example_id=ARC-Challenge:train:TIMSS_1995_8_K12 strategy=least_to_most error_records=60
[ReasonBench] error example_id=ARC-Challenge:train:TIMSS_1995_8_K12 strategy=constraint_decompose error=ConnectionError(MaxRetryError('HTTPSConnectionPool(host=\'game.agaii.org\', port=443): Max retries exceeded with url: /mllm/v1/chat/completions (Caused by ReadTimeoutError("HTTPSConnectionPool(host=\'game.agaii.org\', port=443): Read timed out. (read timeout=180)"))'))
[ReasonBench] marked_unscorable example_id=ARC-Challenge:train:TIMSS_1995_8_K12 strategy=constraint_decompose error_records=61
[ReasonBench] error example_id=ARC-Challenge:train:TIMSS_1995_8_K12 strategy=self_verify error=ConnectionError(MaxRetryError('HTTPSConnectionPool(host=\'game.agaii.org\', port=443): Max retries exceeded with url: /mllm/v1/chat/completions (Caused by ReadTimeoutError("HTTPSConnectionPool(host=\'game.agaii.org\', port=443): Read timed out. (read timeout=180)"))'))
[ReasonBench] marked_unscorable example_id=ARC-Challenge:train:TIMSS_1995_8_K12 strategy=self_verify error_records=62
[ReasonBench] error example_id=ARC-Challenge:train:TIMSS_1995_8_K12 strategy=critique_refine error=ConnectionError(MaxRetryError('HTTPSConnectionPool(host=\'game.agaii.org\', port=443): Max retries exceeded with url: /mllm/v1/chat/completions (Caused by ReadTimeoutError("HTTPSConnectionPool(host=\'game.agaii.org\', port=443): Read timed out. (read timeout=180)"))'))
[ReasonBench] marked_unscorable example_id=ARC-Challenge:train:TIMSS_1995_8_K12 strategy=critique_refine error_records=63
[ReasonBench] error example_id=ARC-Challenge:train:TIMSS_1995_8_K12 strategy=self_consistency error=ConnectionError(MaxRetryError('HTTPSConnectionPool(host=\'game.agaii.org\', port=443): Max retries exceeded with url: /mllm/v1/chat/completions (Caused by ReadTimeoutError("HTTPSConnectionPool(host=\'game.agaii.org\', port=443): Read timed out. (read timeout=180)"))'))
[ReasonBench] marked_unscorable example_id=ARC-Challenge:train:TIMSS_1995_8_K12 strategy=self_consistency error_records=64
[ReasonBench] error example_id=ARC-Challenge:train:TIMSS_1995_8_K12 strategy=selective_self_consistency error=ConnectionError(MaxRetryError('HTTPSConnectionPool(host=\'game.agaii.org\', port=443): Max retries exceeded with url: /mllm/v1/chat/completions (Caused by ReadTimeoutError("HTTPSConnectionPool(host=\'game.agaii.org\', port=443): Read timed out. (read timeout=180)"))'))
[ReasonBench] marked_unscorable example_id=ARC-Challenge:train:TIMSS_1995_8_K12 strategy=selective_self_consistency error_records=65
[ReasonBench] error example_id=ARC-Challenge:train:TIMSS_1995_8_K12 strategy=budgeted_cascade error=ConnectionError(MaxRetryError('HTTPSConnectionPool(host=\'game.agaii.org\', port=443): Max retries exceeded with url: /mllm/v1/chat/completions (Caused by ReadTimeoutError("HTTPSConnectionPool(host=\'game.agaii.org\', port=443): Read timed out. (read timeout=180)"))'))
[ReasonBench] marked_unscorable example_id=ARC-Challenge:train:TIMSS_1995_8_K12 strategy=budgeted_cascade error_records=66
[ReasonBench] error example_id=ARC-Challenge:train:TIMSS_1995_8_K12 strategy=few_shot_exemplar error=ConnectionError(MaxRetryError('HTTPSConnectionPool(host=\'game.agaii.org\', port=443): Max retries exceeded with url: /mllm/v1/chat/completions (Caused by ReadTimeoutError("HTTPSConnectionPool(host=\'game.agaii.org\', port=443): Read timed out. (read timeout=180)"))'))
[ReasonBench] marked_unscorable example_id=ARC-Challenge:train:TIMSS_1995_8_K12 strategy=few_shot_exemplar error_records=67
[ReasonBench] error example_id=ARC-Challenge:train:MDSA_2008_5_30 strategy=direct error=ConnectionError(MaxRetryError('HTTPSConnectionPool(host=\'game.agaii.org\', port=443): Max retries exceeded with url: /mllm/v1/chat/completions (Caused by ReadTimeoutError("HTTPSConnectionPool(host=\'game.agaii.org\', port=443): Read timed out. (read timeout=180)"))'))
[ReasonBench] marked_unscorable example_id=ARC-Challenge:train:MDSA_2008_5_30 strategy=direct error_records=68
[ReasonBench] error example_id=ARC-Challenge:train:MDSA_2008_5_30 strategy=concise_cot error=ConnectionError(MaxRetryError('HTTPSConnectionPool(host=\'game.agaii.org\', port=443): Max retries exceeded with url: /mllm/v1/chat/completions (Caused by ReadTimeoutError("HTTPSConnectionPool(host=\'game.agaii.org\', port=443): Read timed out. (read timeout=180)"))'))
[ReasonBench] marked_unscorable example_id=ARC-Challenge:train:MDSA_2008_5_30 strategy=concise_cot error_records=69
[ReasonBench] error example_id=ARC-Challenge:train:MDSA_2008_5_30 strategy=least_to_most error=ConnectionError(MaxRetryError('HTTPSConnectionPool(host=\'game.agaii.org\', port=443): Max retries exceeded with url: /mllm/v1/chat/completions (Caused by ReadTimeoutError("HTTPSConnectionPool(host=\'game.agaii.org\', port=443): Read timed out. (read timeout=180)"))'))
[ReasonBench] marked_unscorable example_id=ARC-Challenge:train:MDSA_2008_5_30 strategy=least_to_most error_records=70
[ReasonBench] error example_id=ARC-Challenge:train:MDSA_2008_5_30 strategy=constraint_decompose error=ConnectionError(MaxRetryError('HTTPSConnectionPool(host=\'game.agaii.org\', port=443): Max retries exceeded with url: /mllm/v1/chat/completions (Caused by ReadTimeoutError("HTTPSConnectionPool(host=\'game.agaii.org\', port=443): Read timed out. (read timeout=180)"))'))
[ReasonBench] marked_unscorable example_id=ARC-Challenge:train:MDSA_2008_5_30 strategy=constraint_decompose error_records=71
[ReasonBench] error example_id=ARC-Challenge:train:MDSA_2008_5_30 strategy=self_verify error=ConnectionError(MaxRetryError('HTTPSConnectionPool(host=\'game.agaii.org\', port=443): Max retries exceeded with url: /mllm/v1/chat/completions (Caused by ReadTimeoutError("HTTPSConnectionPool(host=\'game.agaii.org\', port=443): Read timed out. (read timeout=180)"))'))
[ReasonBench] marked_unscorable example_id=ARC-Challenge:train:MDSA_2008_5_30 strategy=self_verify error_records=72
[ReasonBench] error example_id=ARC-Challenge:train:MDSA_2008_5_30 strategy=critique_refine error=ConnectionError(MaxRetryError('HTTPSConnectionPool(host=\'game.agaii.org\', port=443): Max retries exceeded with url: /mllm/v1/chat/completions (Caused by ReadTimeoutError("HTTPSConnectionPool(host=\'game.agaii.org\', port=443): Read timed out. (read timeout=180)"))'))
[ReasonBench] marked_unscorable example_id=ARC-Challenge:train:MDSA_2008_5_30 strategy=critique_refine error_records=73
[ReasonBench] error example_id=ARC-Challenge:train:MDSA_2008_5_30 strategy=self_consistency error=ConnectionError(MaxRetryError('HTTPSConnectionPool(host=\'game.agaii.org\', port=443): Max retries exceeded with url: /mllm/v1/chat/completions (Caused by ReadTimeoutError("HTTPSConnectionPool(host=\'game.agaii.org\', port=443): Read timed out. (read timeout=180)"))'))
[ReasonBench] marked_unscorable example_id=ARC-Challenge:train:MDSA_2008_5_30 strategy=self_consistency error_records=74
[ReasonBench] error example_id=ARC-Challenge:train:MDSA_2008_5_30 strategy=few_shot_exemplar error=ConnectionError(MaxRetryError('HTTPSConnectionPool(host=\'game.agaii.org\', port=443): Max retries exceeded with url: /mllm/v1/chat/completions (Caused by ReadTimeoutError("HTTPSConnectionPool(host=\'game.agaii.org\', port=443): Read timed out. (read timeout=180)"))'))
[ReasonBench] marked_unscorable example_id=ARC-Challenge:train:MDSA_2008_5_30 strategy=few_shot_exemplar error_records=75
[ReasonBench] error example_id=ARC-Challenge:train:MSA_2013_5_44 strategy=direct error=ConnectionError(MaxRetryError('HTTPSConnectionPool(host=\'game.agaii.org\', port=443): Max retries exceeded with url: /mllm/v1/chat/completions (Caused by ReadTimeoutError("HTTPSConnectionPool(host=\'game.agaii.org\', port=443): Read timed out. (read timeout=180)"))'))
[ReasonBench] marked_unscorable example_id=ARC-Challenge:train:MSA_2013_5_44 strategy=direct error_records=76
[ReasonBench] error example_id=ARC-Challenge:train:MSA_2013_5_44 strategy=concise_cot error=ConnectionError(MaxRetryError('HTTPSConnectionPool(host=\'game.agaii.org\', port=443): Max retries exceeded with url: /mllm/v1/chat/completions (Caused by ReadTimeoutError("HTTPSConnectionPool(host=\'game.agaii.org\', port=443): Read timed out. (read timeout=180)"))'))
[ReasonBench] marked_unscorable example_id=ARC-Challenge:train:MSA_2013_5_44 strategy=concise_cot error_records=77
[ReasonBench] error example_id=ARC-Challenge:train:MSA_2013_5_44 strategy=least_to_most error=ConnectionError(MaxRetryError('HTTPSConnectionPool(host=\'game.agaii.org\', port=443): Max retries exceeded with url: /mllm/v1/chat/completions (Caused by ReadTimeoutError("HTTPSConnectionPool(host=\'game.agaii.org\', port=443): Read timed out. (read timeout=180)"))'))
[ReasonBench] marked_unscorable example_id=ARC-Challenge:train:MSA_2013_5_44 strategy=least_to_most error_records=78
[ReasonBench] error example_id=ARC-Challenge:train:MSA_2013_5_44 strategy=self_verify error=ConnectionError(MaxRetryError('HTTPSConnectionPool(host=\'game.agaii.org\', port=443): Max retries exceeded with url: /mllm/v1/chat/completions (Caused by ReadTimeoutError("HTTPSConnectionPool(host=\'game.agaii.org\', port=443): Read timed out. (read timeout=180)"))'))
[ReasonBench] marked_unscorable example_id=ARC-Challenge:train:MSA_2013_5_44 strategy=self_verify error_records=79
[ReasonBench] error example_id=ARC-Challenge:train:MSA_2013_5_44 strategy=critique_refine error=ConnectionError(MaxRetryError('HTTPSConnectionPool(host=\'game.agaii.org\', port=443): Max retries exceeded with url: /mllm/v1/chat/completions (Caused by ReadTimeoutError("HTTPSConnectionPool(host=\'game.agaii.org\', port=443): Read timed out. (read timeout=180)"))'))
[ReasonBench] marked_unscorable example_id=ARC-Challenge:train:MSA_2013_5_44 strategy=critique_refine error_records=80
[ReasonBench] error example_id=ARC-Challenge:train:MSA_2013_5_44 strategy=self_consistency error=ConnectionError(MaxRetryError('HTTPSConnectionPool(host=\'game.agaii.org\', port=443): Max retries exceeded with url: /mllm/v1/chat/completions (Caused by ReadTimeoutError("HTTPSConnectionPool(host=\'game.agaii.org\', port=443): Read timed out. (read timeout=180)"))'))
[ReasonBench] marked_unscorable example_id=ARC-Challenge:train:MSA_2013_5_44 strategy=self_consistency error_records=81
[ReasonBench] error example_id=ARC-Challenge:train:MSA_2013_5_44 strategy=budgeted_cascade error=ConnectionError(MaxRetryError('HTTPSConnectionPool(host=\'game.agaii.org\', port=443): Max retries exceeded with url: /mllm/v1/chat/completions (Caused by ReadTimeoutError("HTTPSConnectionPool(host=\'game.agaii.org\', port=443): Read timed out. (read timeout=180)"))'))
[ReasonBench] marked_unscorable example_id=ARC-Challenge:train:MSA_2013_5_44 strategy=budgeted_cascade error_records=82
[ReasonBench] error example_id=ARC-Challenge:train:MSA_2013_5_44 strategy=few_shot_exemplar error=ConnectionError(MaxRetryError('HTTPSConnectionPool(host=\'game.agaii.org\', port=443): Max retries exceeded with url: /mllm/v1/chat/completions (Caused by ReadTimeoutError("HTTPSConnectionPool(host=\'game.agaii.org\', port=443): Read timed out. (read timeout=180)"))'))
[ReasonBench] marked_unscorable example_id=ARC-Challenge:train:MSA_2013_5_44 strategy=few_shot_exemplar error_records=83
[ReasonBench] error example_id=ARC-Challenge:train:NYSEDREGENTS_2004_8_31 strategy=direct error=ConnectionError(MaxRetryError('HTTPSConnectionPool(host=\'game.agaii.org\', port=443): Max retries exceeded with url: /mllm/v1/chat/completions (Caused by ReadTimeoutError("HTTPSConnectionPool(host=\'game.agaii.org\', port=443): Read timed out. (read timeout=180)"))'))
[ReasonBench] marked_unscorable example_id=ARC-Challenge:train:NYSEDREGENTS_2004_8_31 strategy=direct error_records=84
[ReasonBench] error example_id=ARC-Challenge:train:NYSEDREGENTS_2004_8_31 strategy=concise_cot error=ConnectionError(MaxRetryError('HTTPSConnectionPool(host=\'game.agaii.org\', port=443): Max retries exceeded with url: /mllm/v1/chat/completions (Caused by ReadTimeoutError("HTTPSConnectionPool(host=\'game.agaii.org\', port=443): Read timed out. (read timeout=180)"))'))
[ReasonBench] marked_unscorable example_id=ARC-Challenge:train:NYSEDREGENTS_2004_8_31 strategy=concise_cot error_records=85
[ReasonBench] error example_id=ARC-Challenge:train:NYSEDREGENTS_2004_8_31 strategy=least_to_most error=ConnectionError(MaxRetryError('HTTPSConnectionPool(host=\'game.agaii.org\', port=443): Max retries exceeded with url: /mllm/v1/chat/completions (Caused by ReadTimeoutError("HTTPSConnectionPool(host=\'game.agaii.org\', port=443): Read timed out. (read timeout=180)"))'))
[ReasonBench] marked_unscorable example_id=ARC-Challenge:train:NYSEDREGENTS_2004_8_31 strategy=least_to_most error_records=86
[ReasonBench] error example_id=ARC-Challenge:train:NYSEDREGENTS_2004_8_31 strategy=constraint_decompose error=ConnectionError(MaxRetryError('HTTPSConnectionPool(host=\'game.agaii.org\', port=443): Max retries exceeded with url: /mllm/v1/chat/completions (Caused by ReadTimeoutError("HTTPSConnectionPool(host=\'game.agaii.org\', port=443): Read timed out. (read timeout=180)"))'))
[ReasonBench] marked_unscorable example_id=ARC-Challenge:train:NYSEDREGENTS_2004_8_31 strategy=constraint_decompose error_records=87
[ReasonBench] error example_id=ARC-Challenge:train:NYSEDREGENTS_2004_8_31 strategy=self_verify error=ConnectionError(MaxRetryError('HTTPSConnectionPool(host=\'game.agaii.org\', port=443): Max retries exceeded with url: /mllm/v1/chat/completions (Caused by ReadTimeoutError("HTTPSConnectionPool(host=\'game.agaii.org\', port=443): Read timed out. (read timeout=180)"))'))
[ReasonBench] marked_unscorable example_id=ARC-Challenge:train:NYSEDREGENTS_2004_8_31 strategy=self_verify error_records=88
[ReasonBench] error example_id=ARC-Challenge:train:NYSEDREGENTS_2004_8_31 strategy=critique_refine error=ConnectionError(MaxRetryError('HTTPSConnectionPool(host=\'game.agaii.org\', port=443): Max retries exceeded with url: /mllm/v1/chat/completions (Caused by ReadTimeoutError("HTTPSConnectionPool(host=\'game.agaii.org\', port=443): Read timed out. (read timeout=180)"))'))
[ReasonBench] marked_unscorable example_id=ARC-Challenge:train:NYSEDREGENTS_2004_8_31 strategy=critique_refine error_records=89
[ReasonBench] error example_id=ARC-Challenge:train:NYSEDREGENTS_2004_8_31 strategy=self_consistency error=ConnectionError(MaxRetryError('HTTPSConnectionPool(host=\'game.agaii.org\', port=443): Max retries exceeded with url: /mllm/v1/chat/completions (Caused by ReadTimeoutError("HTTPSConnectionPool(host=\'game.agaii.org\', port=443): Read timed out. (read timeout=180)"))'))
[ReasonBench] marked_unscorable example_id=ARC-Challenge:train:NYSEDREGENTS_2004_8_31 strategy=self_consistency error_records=90
[ReasonBench] error example_id=ARC-Challenge:train:NYSEDREGENTS_2004_8_31 strategy=selective_self_consistency error=ConnectionError(MaxRetryError('HTTPSConnectionPool(host=\'game.agaii.org\', port=443): Max retries exceeded with url: /mllm/v1/chat/completions (Caused by ReadTimeoutError("HTTPSConnectionPool(host=\'game.agaii.org\', port=443): Read timed out. (read timeout=180)"))'))
[ReasonBench] marked_unscorable example_id=ARC-Challenge:train:NYSEDREGENTS_2004_8_31 strategy=selective_self_consistency error_records=91
[ReasonBench] error example_id=ARC-Challenge:train:NYSEDREGENTS_2004_8_31 strategy=few_shot_exemplar error=ConnectionError(MaxRetryError('HTTPSConnectionPool(host=\'game.agaii.org\', port=443): Max retries exceeded with url: /mllm/v1/chat/completions (Caused by ReadTimeoutError("HTTPSConnectionPool(host=\'game.agaii.org\', port=443): Read timed out. (read timeout=180)"))'))
[ReasonBench] marked_unscorable example_id=ARC-Challenge:train:NYSEDREGENTS_2004_8_31 strategy=few_shot_exemplar error_records=92
[ReasonBench] error example_id=ARC-Challenge:train:ACTAAP_2012_7_5 strategy=concise_cot error=ConnectionError(MaxRetryError('HTTPSConnectionPool(host=\'game.agaii.org\', port=443): Max retries exceeded with url: /mllm/v1/chat/completions (Caused by ReadTimeoutError("HTTPSConnectionPool(host=\'game.agaii.org\', port=443): Read timed out. (read timeout=180)"))'))
[ReasonBench] marked_unscorable example_id=ARC-Challenge:train:ACTAAP_2012_7_5 strategy=concise_cot error_records=93
[ReasonBench] error example_id=ARC-Challenge:train:ACTAAP_2012_7_5 strategy=least_to_most error=ConnectionError(MaxRetryError('HTTPSConnectionPool(host=\'game.agaii.org\', port=443): Max retries exceeded with url: /mllm/v1/chat/completions (Caused by ReadTimeoutError("HTTPSConnectionPool(host=\'game.agaii.org\', port=443): Read timed out. (read timeout=180)"))'))
[ReasonBench] marked_unscorable example_id=ARC-Challenge:train:ACTAAP_2012_7_5 strategy=least_to_most error_records=94
[ReasonBench] error example_id=ARC-Challenge:train:ACTAAP_2012_7_5 strategy=constraint_decompose error=ConnectionError(MaxRetryError('HTTPSConnectionPool(host=\'game.agaii.org\', port=443): Max retries exceeded with url: /mllm/v1/chat/completions (Caused by ReadTimeoutError("HTTPSConnectionPool(host=\'game.agaii.org\', port=443): Read timed out. (read timeout=180)"))'))
[ReasonBench] marked_unscorable example_id=ARC-Challenge:train:ACTAAP_2012_7_5 strategy=constraint_decompose error_records=95
[ReasonBench] error example_id=ARC-Challenge:train:ACTAAP_2012_7_5 strategy=self_verify error=ConnectionError(MaxRetryError('HTTPSConnectionPool(host=\'game.agaii.org\', port=443): Max retries exceeded with url: /mllm/v1/chat/completions (Caused by ReadTimeoutError("HTTPSConnectionPool(host=\'game.agaii.org\', port=443): Read timed out. (read timeout=180)"))'))
[ReasonBench] marked_unscorable example_id=ARC-Challenge:train:ACTAAP_2012_7_5 strategy=self_verify error_records=96
[ReasonBench] error example_id=ARC-Challenge:train:ACTAAP_2012_7_5 strategy=critique_refine error=ConnectionError(MaxRetryError('HTTPSConnectionPool(host=\'game.agaii.org\', port=443): Max retries exceeded with url: /mllm/v1/chat/completions (Caused by ReadTimeoutError("HTTPSConnectionPool(host=\'game.agaii.org\', port=443): Read timed out. (read timeout=180)"))'))
[ReasonBench] marked_unscorable example_id=ARC-Challenge:train:ACTAAP_2012_7_5 strategy=critique_refine error_records=97
[ReasonBench] error example_id=ARC-Challenge:train:ACTAAP_2012_7_5 strategy=self_consistency error=ConnectionError(MaxRetryError('HTTPSConnectionPool(host=\'game.agaii.org\', port=443): Max retries exceeded with url: /mllm/v1/chat/completions (Caused by ReadTimeoutError("HTTPSConnectionPool(host=\'game.agaii.org\', port=443): Read timed out. (read timeout=180)"))'))
[ReasonBench] marked_unscorable example_id=ARC-Challenge:train:ACTAAP_2012_7_5 strategy=self_consistency error_records=98
[ReasonBench] error example_id=ARC-Challenge:train:ACTAAP_2012_7_5 strategy=selective_self_consistency error=ConnectionError(MaxRetryError('HTTPSConnectionPool(host=\'game.agaii.org\', port=443): Max retries exceeded with url: /mllm/v1/chat/completions (Caused by ReadTimeoutError("HTTPSConnectionPool(host=\'game.agaii.org\', port=443): Read timed out. (read timeout=180)"))'))
[ReasonBench] marked_unscorable example_id=ARC-Challenge:train:ACTAAP_2012_7_5 strategy=selective_self_consistency error_records=99
[ReasonBench] error example_id=ARC-Challenge:train:ACTAAP_2012_7_5 strategy=few_shot_exemplar error=ConnectionError(MaxRetryError('HTTPSConnectionPool(host=\'game.agaii.org\', port=443): Max retries exceeded with url: /mllm/v1/chat/completions (Caused by ReadTimeoutError("HTTPSConnectionPool(host=\'game.agaii.org\', port=443): Read timed out. (read timeout=180)"))'))
[ReasonBench] marked_unscorable example_id=ARC-Challenge:train:ACTAAP_2012_7_5 strategy=few_shot_exemplar error_records=100
[ReasonBench] error example_id=ARC-Challenge:train:Mercury_7064208 strategy=concise_cot error=ConnectionError(MaxRetryError('HTTPSConnectionPool(host=\'game.agaii.org\', port=443): Max retries exceeded with url: /mllm/v1/chat/completions (Caused by ReadTimeoutError("HTTPSConnectionPool(host=\'game.agaii.org\', port=443): Read timed out. (read timeout=180)"))'))
[ReasonBench] marked_unscorable example_id=ARC-Challenge:train:Mercury_7064208 strategy=concise_cot error_records=101
[ReasonBench] error example_id=ARC-Challenge:train:Mercury_7064208 strategy=least_to_most error=ConnectionError(MaxRetryError('HTTPSConnectionPool(host=\'game.agaii.org\', port=443): Max retries exceeded with url: /mllm/v1/chat/completions (Caused by ReadTimeoutError("HTTPSConnectionPool(host=\'game.agaii.org\', port=443): Read timed out. (read timeout=180)"))'))
[ReasonBench] marked_unscorable example_id=ARC-Challenge:train:Mercury_7064208 strategy=least_to_most error_records=102
[ReasonBench] error example_id=ARC-Challenge:train:Mercury_7064208 strategy=constraint_decompose error=ConnectionError(MaxRetryError('HTTPSConnectionPool(host=\'game.agaii.org\', port=443): Max retries exceeded with url: /mllm/v1/chat/completions (Caused by ReadTimeoutError("HTTPSConnectionPool(host=\'game.agaii.org\', port=443): Read timed out. (read timeout=180)"))'))
[ReasonBench] marked_unscorable example_id=ARC-Challenge:train:Mercury_7064208 strategy=constraint_decompose error_records=103
[ReasonBench] error example_id=ARC-Challenge:train:Mercury_7064208 strategy=critique_refine error=ConnectionError(MaxRetryError('HTTPSConnectionPool(host=\'game.agaii.org\', port=443): Max retries exceeded with url: /mllm/v1/chat/completions (Caused by ReadTimeoutError("HTTPSConnectionPool(host=\'game.agaii.org\', port=443): Read timed out. (read timeout=180)"))'))
[ReasonBench] marked_unscorable example_id=ARC-Challenge:train:Mercury_7064208 strategy=critique_refine error_records=104
[ReasonBench] error example_id=ARC-Challenge:train:Mercury_7064208 strategy=self_verify error=ConnectionError(MaxRetryError('HTTPSConnectionPool(host=\'game.agaii.org\', port=443): Max retries exceeded with url: /mllm/v1/chat/completions (Caused by ReadTimeoutError("HTTPSConnectionPool(host=\'game.agaii.org\', port=443): Read timed out. (read timeout=180)"))'))
[ReasonBench] marked_unscorable example_id=ARC-Challenge:train:Mercury_7064208 strategy=self_verify error_records=105
[ReasonBench] error example_id=ARC-Challenge:train:Mercury_7064208 strategy=self_consistency error=ConnectionError(MaxRetryError('HTTPSConnectionPool(host=\'game.agaii.org\', port=443): Max retries exceeded with url: /mllm/v1/chat/completions (Caused by ReadTimeoutError("HTTPSConnectionPool(host=\'game.agaii.org\', port=443): Read timed out. (read timeout=180)"))'))
[ReasonBench] marked_unscorable example_id=ARC-Challenge:train:Mercury_7064208 strategy=self_consistency error_records=106
[ReasonBench] error example_id=ARC-Challenge:train:Mercury_7064208 strategy=selective_self_consistency error=ConnectionError(MaxRetryError('HTTPSConnectionPool(host=\'game.agaii.org\', port=443): Max retries exceeded with url: /mllm/v1/chat/completions (Caused by ReadTimeoutError("HTTPSConnectionPool(host=\'game.agaii.org\', port=443): Read timed out. (read timeout=180)"))'))
[ReasonBench] marked_unscorable example_id=ARC-Challenge:train:Mercury_7064208 strategy=selective_self_consistency error_records=107
[ReasonBench] error example_id=ARC-Challenge:train:Mercury_7064208 strategy=few_shot_exemplar error=ConnectionError(MaxRetryError('HTTPSConnectionPool(host=\'game.agaii.org\', port=443): Max retries exceeded with url: /mllm/v1/chat/completions (Caused by ReadTimeoutError("HTTPSConnectionPool(host=\'game.agaii.org\', port=443): Read timed out. (read timeout=180)"))'))
[ReasonBench] marked_unscorable example_id=ARC-Challenge:train:Mercury_7064208 strategy=few_shot_exemplar error_records=108
[ReasonBench] error example_id=ARC-Challenge:train:ACTAAP_2008_5_7 strategy=concise_cot error=ConnectionError(MaxRetryError('HTTPSConnectionPool(host=\'game.agaii.org\', port=443): Max retries exceeded with url: /mllm/v1/chat/completions (Caused by ReadTimeoutError("HTTPSConnectionPool(host=\'game.agaii.org\', port=443): Read timed out. (read timeout=180)"))'))
[ReasonBench] marked_unscorable example_id=ARC-Challenge:train:ACTAAP_2008_5_7 strategy=concise_cot error_records=109
[ReasonBench] error example_id=ARC-Challenge:train:ACTAAP_2008_5_7 strategy=least_to_most error=ConnectionError(MaxRetryError('HTTPSConnectionPool(host=\'game.agaii.org\', port=443): Max retries exceeded with url: /mllm/v1/chat/completions (Caused by ReadTimeoutError("HTTPSConnectionPool(host=\'game.agaii.org\', port=443): Read timed out. (read timeout=180)"))'))
[ReasonBench] marked_unscorable example_id=ARC-Challenge:train:ACTAAP_2008_5_7 strategy=least_to_most error_records=110
[ReasonBench] error example_id=ARC-Challenge:train:ACTAAP_2008_5_7 strategy=constraint_decompose error=ConnectionError(MaxRetryError('HTTPSConnectionPool(host=\'game.agaii.org\', port=443): Max retries exceeded with url: /mllm/v1/chat/completions (Caused by ReadTimeoutError("HTTPSConnectionPool(host=\'game.agaii.org\', port=443): Read timed out. (read timeout=180)"))'))
[ReasonBench] marked_unscorable example_id=ARC-Challenge:train:ACTAAP_2008_5_7 strategy=constraint_decompose error_records=111
[ReasonBench] error example_id=ARC-Challenge:train:ACTAAP_2008_5_7 strategy=self_verify error=ConnectionError(MaxRetryError('HTTPSConnectionPool(host=\'game.agaii.org\', port=443): Max retries exceeded with url: /mllm/v1/chat/completions (Caused by ReadTimeoutError("HTTPSConnectionPool(host=\'game.agaii.org\', port=443): Read timed out. (read timeout=180)"))'))
[ReasonBench] marked_unscorable example_id=ARC-Challenge:train:ACTAAP_2008_5_7 strategy=self_verify error_records=112
[ReasonBench] error example_id=ARC-Challenge:train:ACTAAP_2008_5_7 strategy=critique_refine error=ConnectionError(MaxRetryError('HTTPSConnectionPool(host=\'game.agaii.org\', port=443): Max retries exceeded with url: /mllm/v1/chat/completions (Caused by ReadTimeoutError("HTTPSConnectionPool(host=\'game.agaii.org\', port=443): Read timed out. (read timeout=180)"))'))
[ReasonBench] marked_unscorable example_id=ARC-Challenge:train:ACTAAP_2008_5_7 strategy=critique_refine error_records=113
[ReasonBench] error example_id=ARC-Challenge:train:ACTAAP_2008_5_7 strategy=self_consistency error=ConnectionError(MaxRetryError('HTTPSConnectionPool(host=\'game.agaii.org\', port=443): Max retries exceeded with url: /mllm/v1/chat/completions (Caused by ReadTimeoutError("HTTPSConnectionPool(host=\'game.agaii.org\', port=443): Read timed out. (read timeout=180)"))'))
[ReasonBench] marked_unscorable example_id=ARC-Challenge:train:ACTAAP_2008_5_7 strategy=self_consistency error_records=114
[ReasonBench] error example_id=ARC-Challenge:train:ACTAAP_2008_5_7 strategy=selective_self_consistency error=ConnectionError(MaxRetryError('HTTPSConnectionPool(host=\'game.agaii.org\', port=443): Max retries exceeded with url: /mllm/v1/chat/completions (Caused by ReadTimeoutError("HTTPSConnectionPool(host=\'game.agaii.org\', port=443): Read timed out. (read timeout=180)"))'))
[ReasonBench] marked_unscorable example_id=ARC-Challenge:train:ACTAAP_2008_5_7 strategy=selective_self_consistency error_records=115
[ReasonBench] error example_id=ARC-Challenge:train:ACTAAP_2008_5_7 strategy=few_shot_exemplar error=ConnectionError(MaxRetryError('HTTPSConnectionPool(host=\'game.agaii.org\', port=443): Max retries exceeded with url: /mllm/v1/chat/completions (Caused by ReadTimeoutError("HTTPSConnectionPool(host=\'game.agaii.org\', port=443): Read timed out. (read timeout=180)"))'))
[ReasonBench] marked_unscorable example_id=ARC-Challenge:train:ACTAAP_2008_5_7 strategy=few_shot_exemplar error_records=116
[ReasonBench] error example_id=ARC-Challenge:train:MCAS_2007_8_5171 strategy=direct error=ConnectionError(MaxRetryError('HTTPSConnectionPool(host=\'game.agaii.org\', port=443): Max retries exceeded with url: /mllm/v1/chat/completions (Caused by ReadTimeoutError("HTTPSConnectionPool(host=\'game.agaii.org\', port=443): Read timed out. (read timeout=180)"))'))
[ReasonBench] marked_unscorable example_id=ARC-Challenge:train:MCAS_2007_8_5171 strategy=direct error_records=117
[ReasonBench] error example_id=ARC-Challenge:train:MCAS_2007_8_5171 strategy=concise_cot error=ConnectionError(MaxRetryError('HTTPSConnectionPool(host=\'game.agaii.org\', port=443): Max retries exceeded with url: /mllm/v1/chat/completions (Caused by ReadTimeoutError("HTTPSConnectionPool(host=\'game.agaii.org\', port=443): Read timed out. (read timeout=180)"))'))
[ReasonBench] marked_unscorable example_id=ARC-Challenge:train:MCAS_2007_8_5171 strategy=concise_cot error_records=118
[ReasonBench] error example_id=ARC-Challenge:train:MCAS_2007_8_5171 strategy=least_to_most error=ConnectionError(MaxRetryError('HTTPSConnectionPool(host=\'game.agaii.org\', port=443): Max retries exceeded with url: /mllm/v1/chat/completions (Caused by ReadTimeoutError("HTTPSConnectionPool(host=\'game.agaii.org\', port=443): Read timed out. (read timeout=180)"))'))
[ReasonBench] marked_unscorable example_id=ARC-Challenge:train:MCAS_2007_8_5171 strategy=least_to_most error_records=119
[ReasonBench] error example_id=ARC-Challenge:train:MCAS_2007_8_5171 strategy=constraint_decompose error=ConnectionError(MaxRetryError('HTTPSConnectionPool(host=\'game.agaii.org\', port=443): Max retries exceeded with url: /mllm/v1/chat/completions (Caused by ReadTimeoutError("HTTPSConnectionPool(host=\'game.agaii.org\', port=443): Read timed out. (read timeout=180)"))'))
[ReasonBench] marked_unscorable example_id=ARC-Challenge:train:MCAS_2007_8_5171 strategy=constraint_decompose error_records=120
[ReasonBench] error example_id=ARC-Challenge:train:MCAS_2007_8_5171 strategy=self_verify error=ConnectionError(MaxRetryError('HTTPSConnectionPool(host=\'game.agaii.org\', port=443): Max retries exceeded with url: /mllm/v1/chat/completions (Caused by ReadTimeoutError("HTTPSConnectionPool(host=\'game.agaii.org\', port=443): Read timed out. (read timeout=180)"))'))
[ReasonBench] marked_unscorable example_id=ARC-Challenge:train:MCAS_2007_8_5171 strategy=self_verify error_records=121
[ReasonBench] error example_id=ARC-Challenge:train:MCAS_2007_8_5171 strategy=critique_refine error=ConnectionError(MaxRetryError('HTTPSConnectionPool(host=\'game.agaii.org\', port=443): Max retries exceeded with url: /mllm/v1/chat/completions (Caused by ReadTimeoutError("HTTPSConnectionPool(host=\'game.agaii.org\', port=443): Read timed out. (read timeout=180)"))'))
[ReasonBench] marked_unscorable example_id=ARC-Challenge:train:MCAS_2007_8_5171 strategy=critique_refine error_records=122
[ReasonBench] error example_id=ARC-Challenge:train:MCAS_2007_8_5171 strategy=self_consistency error=ConnectionError(MaxRetryError('HTTPSConnectionPool(host=\'game.agaii.org\', port=443): Max retries exceeded with url: /mllm/v1/chat/completions (Caused by ReadTimeoutError("HTTPSConnectionPool(host=\'game.agaii.org\', port=443): Read timed out. (read timeout=180)"))'))
[ReasonBench] marked_unscorable example_id=ARC-Challenge:train:MCAS_2007_8_5171 strategy=self_consistency error_records=123
[ReasonBench] error example_id=ARC-Challenge:train:MCAS_2007_8_5171 strategy=selective_self_consistency error=ConnectionError(MaxRetryError('HTTPSConnectionPool(host=\'game.agaii.org\', port=443): Max retries exceeded with url: /mllm/v1/chat/completions (Caused by ReadTimeoutError("HTTPSConnectionPool(host=\'game.agaii.org\', port=443): Read timed out. (read timeout=180)"))'))
[ReasonBench] marked_unscorable example_id=ARC-Challenge:train:MCAS_2007_8_5171 strategy=selective_self_consistency error_records=124
[ReasonBench] error example_id=ARC-Challenge:train:MCAS_2007_8_5171 strategy=budgeted_cascade error=ConnectionError(MaxRetryError('HTTPSConnectionPool(host=\'game.agaii.org\', port=443): Max retries exceeded with url: /mllm/v1/chat/completions (Caused by ReadTimeoutError("HTTPSConnectionPool(host=\'game.agaii.org\', port=443): Read timed out. (read timeout=180)"))'))
[ReasonBench] marked_unscorable example_id=ARC-Challenge:train:MCAS_2007_8_5171 strategy=budgeted_cascade error_records=125
[ReasonBench] error example_id=ARC-Challenge:train:MCAS_2007_8_5171 strategy=few_shot_exemplar error=ConnectionError(MaxRetryError('HTTPSConnectionPool(host=\'game.agaii.org\', port=443): Max retries exceeded with url: /mllm/v1/chat/completions (Caused by ReadTimeoutError("HTTPSConnectionPool(host=\'game.agaii.org\', port=443): Read timed out. (read timeout=180)"))'))
[ReasonBench] marked_unscorable example_id=ARC-Challenge:train:MCAS_2007_8_5171 strategy=few_shot_exemplar error_records=126
[ReasonBench] error example_id=ARC-Challenge:train:Mercury_7239523 strategy=direct error=ConnectionError(MaxRetryError('HTTPSConnectionPool(host=\'game.agaii.org\', port=443): Max retries exceeded with url: /mllm/v1/chat/completions (Caused by ReadTimeoutError("HTTPSConnectionPool(host=\'game.agaii.org\', port=443): Read timed out. (read timeout=180)"))'))
[ReasonBench] marked_unscorable example_id=ARC-Challenge:train:Mercury_7239523 strategy=direct error_records=127
[ReasonBench] error example_id=ARC-Challenge:train:Mercury_7239523 strategy=concise_cot error=ConnectionError(MaxRetryError('HTTPSConnectionPool(host=\'game.agaii.org\', port=443): Max retries exceeded with url: /mllm/v1/chat/completions (Caused by ReadTimeoutError("HTTPSConnectionPool(host=\'game.agaii.org\', port=443): Read timed out. (read timeout=180)"))'))
[ReasonBench] marked_unscorable example_id=ARC-Challenge:train:Mercury_7239523 strategy=concise_cot error_records=128
[ReasonBench] error example_id=ARC-Challenge:train:Mercury_7239523 strategy=least_to_most error=ConnectionError(MaxRetryError('HTTPSConnectionPool(host=\'game.agaii.org\', port=443): Max retries exceeded with url: /mllm/v1/chat/completions (Caused by ReadTimeoutError("HTTPSConnectionPool(host=\'game.agaii.org\', port=443): Read timed out. (read timeout=180)"))'))
[ReasonBench] marked_unscorable example_id=ARC-Challenge:train:Mercury_7239523 strategy=least_to_most error_records=129
[ReasonBench] error example_id=ARC-Challenge:train:Mercury_7239523 strategy=constraint_decompose error=ConnectionError(MaxRetryError('HTTPSConnectionPool(host=\'game.agaii.org\', port=443): Max retries exceeded with url: /mllm/v1/chat/completions (Caused by ReadTimeoutError("HTTPSConnectionPool(host=\'game.agaii.org\', port=443): Read timed out. (read timeout=180)"))'))
[ReasonBench] marked_unscorable example_id=ARC-Challenge:train:Mercury_7239523 strategy=constraint_decompose error_records=130
[ReasonBench] error example_id=ARC-Challenge:train:Mercury_7239523 strategy=self_verify error=ConnectionError(MaxRetryError('HTTPSConnectionPool(host=\'game.agaii.org\', port=443): Max retries exceeded with url: /mllm/v1/chat/completions (Caused by ReadTimeoutError("HTTPSConnectionPool(host=\'game.agaii.org\', port=443): Read timed out. (read timeout=180)"))'))
[ReasonBench] marked_unscorable example_id=ARC-Challenge:train:Mercury_7239523 strategy=self_verify error_records=131
[ReasonBench] error example_id=ARC-Challenge:train:Mercury_7239523 strategy=critique_refine error=ConnectionError(MaxRetryError('HTTPSConnectionPool(host=\'game.agaii.org\', port=443): Max retries exceeded with url: /mllm/v1/chat/completions (Caused by ReadTimeoutError("HTTPSConnectionPool(host=\'game.agaii.org\', port=443): Read timed out. (read timeout=180)"))'))
[ReasonBench] marked_unscorable example_id=ARC-Challenge:train:Mercury_7239523 strategy=critique_refine error_records=132
[ReasonBench] error example_id=ARC-Challenge:train:Mercury_7239523 strategy=self_consistency error=ConnectionError(MaxRetryError('HTTPSConnectionPool(host=\'game.agaii.org\', port=443): Max retries exceeded with url: /mllm/v1/chat/completions (Caused by ReadTimeoutError("HTTPSConnectionPool(host=\'game.agaii.org\', port=443): Read timed out. (read timeout=180)"))'))
[ReasonBench] marked_unscorable example_id=ARC-Challenge:train:Mercury_7239523 strategy=self_consistency error_records=133
[ReasonBench] error example_id=ARC-Challenge:train:Mercury_7239523 strategy=selective_self_consistency error=ConnectionError(MaxRetryError('HTTPSConnectionPool(host=\'game.agaii.org\', port=443): Max retries exceeded with url: /mllm/v1/chat/completions (Caused by ReadTimeoutError("HTTPSConnectionPool(host=\'game.agaii.org\', port=443): Read timed out. (read timeout=180)"))'))
[ReasonBench] marked_unscorable example_id=ARC-Challenge:train:Mercury_7239523 strategy=selective_self_consistency error_records=134
[ReasonBench] error example_id=ARC-Challenge:train:Mercury_7239523 strategy=budgeted_cascade error=ConnectionError(MaxRetryError('HTTPSConnectionPool(host=\'game.agaii.org\', port=443): Max retries exceeded with url: /mllm/v1/chat/completions (Caused by ReadTimeoutError("HTTPSConnectionPool(host=\'game.agaii.org\', port=443): Read timed out. (read timeout=180)"))'))
[ReasonBench] marked_unscorable example_id=ARC-Challenge:train:Mercury_7239523 strategy=budgeted_cascade error_records=135
[ReasonBench] error example_id=ARC-Challenge:train:Mercury_7239523 strategy=few_shot_exemplar error=ConnectionError(MaxRetryError('HTTPSConnectionPool(host=\'game.agaii.org\', port=443): Max retries exceeded with url: /mllm/v1/chat/completions (Caused by ReadTimeoutError("HTTPSConnectionPool(host=\'game.agaii.org\', port=443): Read timed out. (read timeout=180)"))'))
[ReasonBench] marked_unscorable example_id=ARC-Challenge:train:Mercury_7239523 strategy=few_shot_exemplar error_records=136
[ReasonBench] error example_id=ARC-Challenge:train:Mercury_7057733 strategy=direct error=ConnectionError(MaxRetryError('HTTPSConnectionPool(host=\'game.agaii.org\', port=443): Max retries exceeded with url: /mllm/v1/chat/completions (Caused by ReadTimeoutError("HTTPSConnectionPool(host=\'game.agaii.org\', port=443): Read timed out. (read timeout=180)"))'))
[ReasonBench] marked_unscorable example_id=ARC-Challenge:train:Mercury_7057733 strategy=direct error_records=137
[ReasonBench] error example_id=ARC-Challenge:train:Mercury_7057733 strategy=concise_cot error=ConnectionError(MaxRetryError('HTTPSConnectionPool(host=\'game.agaii.org\', port=443): Max retries exceeded with url: /mllm/v1/chat/completions (Caused by ReadTimeoutError("HTTPSConnectionPool(host=\'game.agaii.org\', port=443): Read timed out. (read timeout=180)"))'))
[ReasonBench] marked_unscorable example_id=ARC-Challenge:train:Mercury_7057733 strategy=concise_cot error_records=138
[ReasonBench] error example_id=ARC-Challenge:train:Mercury_7057733 strategy=least_to_most error=ConnectionError(MaxRetryError('HTTPSConnectionPool(host=\'game.agaii.org\', port=443): Max retries exceeded with url: /mllm/v1/chat/completions (Caused by ReadTimeoutError("HTTPSConnectionPool(host=\'game.agaii.org\', port=443): Read timed out. (read timeout=180)"))'))
[ReasonBench] marked_unscorable example_id=ARC-Challenge:train:Mercury_7057733 strategy=least_to_most error_records=139
[ReasonBench] error example_id=ARC-Challenge:train:Mercury_7057733 strategy=constraint_decompose error=ConnectionError(MaxRetryError('HTTPSConnectionPool(host=\'game.agaii.org\', port=443): Max retries exceeded with url: /mllm/v1/chat/completions (Caused by ReadTimeoutError("HTTPSConnectionPool(host=\'game.agaii.org\', port=443): Read timed out. (read timeout=180)"))'))
[ReasonBench] marked_unscorable example_id=ARC-Challenge:train:Mercury_7057733 strategy=constraint_decompose error_records=140
[ReasonBench] error example_id=ARC-Challenge:train:Mercury_7057733 strategy=self_verify error=ConnectionError(MaxRetryError('HTTPSConnectionPool(host=\'game.agaii.org\', port=443): Max retries exceeded with url: /mllm/v1/chat/completions (Caused by ReadTimeoutError("HTTPSConnectionPool(host=\'game.agaii.org\', port=443): Read timed out. (read timeout=180)"))'))
[ReasonBench] marked_unscorable example_id=ARC-Challenge:train:Mercury_7057733 strategy=self_verify error_records=141
[ReasonBench] error example_id=ARC-Challenge:train:Mercury_7057733 strategy=critique_refine error=ConnectionError(MaxRetryError('HTTPSConnectionPool(host=\'game.agaii.org\', port=443): Max retries exceeded with url: /mllm/v1/chat/completions (Caused by ReadTimeoutError("HTTPSConnectionPool(host=\'game.agaii.org\', port=443): Read timed out. (read timeout=180)"))'))
[ReasonBench] marked_unscorable example_id=ARC-Challenge:train:Mercury_7057733 strategy=critique_refine error_records=142
[ReasonBench] error example_id=ARC-Challenge:train:Mercury_7057733 strategy=self_consistency error=ConnectionError(MaxRetryError('HTTPSConnectionPool(host=\'game.agaii.org\', port=443): Max retries exceeded with url: /mllm/v1/chat/completions (Caused by ReadTimeoutError("HTTPSConnectionPool(host=\'game.agaii.org\', port=443): Read timed out. (read timeout=180)"))'))
[ReasonBench] marked_unscorable example_id=ARC-Challenge:train:Mercury_7057733 strategy=self_consistency error_records=143
[ReasonBench] error example_id=ARC-Challenge:train:Mercury_7057733 strategy=selective_self_consistency error=ConnectionError(MaxRetryError('HTTPSConnectionPool(host=\'game.agaii.org\', port=443): Max retries exceeded with url: /mllm/v1/chat/completions (Caused by ReadTimeoutError("HTTPSConnectionPool(host=\'game.agaii.org\', port=443): Read timed out. (read timeout=180)"))'))
[ReasonBench] marked_unscorable example_id=ARC-Challenge:train:Mercury_7057733 strategy=selective_self_consistency error_records=144
[ReasonBench] error example_id=ARC-Challenge:train:Mercury_7057733 strategy=budgeted_cascade error=ConnectionError(MaxRetryError('HTTPSConnectionPool(host=\'game.agaii.org\', port=443): Max retries exceeded with url: /mllm/v1/chat/completions (Caused by ReadTimeoutError("HTTPSConnectionPool(host=\'game.agaii.org\', port=443): Read timed out. (read timeout=180)"))'))
[ReasonBench] marked_unscorable example_id=ARC-Challenge:train:Mercury_7057733 strategy=budgeted_cascade error_records=145
[ReasonBench] error example_id=ARC-Challenge:train:Mercury_7057733 strategy=few_shot_exemplar error=ConnectionError(MaxRetryError('HTTPSConnectionPool(host=\'game.agaii.org\', port=443): Max retries exceeded with url: /mllm/v1/chat/completions (Caused by ReadTimeoutError("HTTPSConnectionPool(host=\'game.agaii.org\', port=443): Read timed out. (read timeout=180)"))'))
[ReasonBench] marked_unscorable example_id=ARC-Challenge:train:Mercury_7057733 strategy=few_shot_exemplar error_records=146
[ReasonBench] error example_id=ARC-Challenge:train:MEA_2011_8_8 strategy=direct error=ConnectionError(MaxRetryError('HTTPSConnectionPool(host=\'game.agaii.org\', port=443): Max retries exceeded with url: /mllm/v1/chat/completions (Caused by ReadTimeoutError("HTTPSConnectionPool(host=\'game.agaii.org\', port=443): Read timed out. (read timeout=180)"))'))
[ReasonBench] marked_unscorable example_id=ARC-Challenge:train:MEA_2011_8_8 strategy=direct error_records=147
[ReasonBench] error example_id=ARC-Challenge:train:MEA_2011_8_8 strategy=concise_cot error=ConnectionError(MaxRetryError('HTTPSConnectionPool(host=\'game.agaii.org\', port=443): Max retries exceeded with url: /mllm/v1/chat/completions (Caused by ReadTimeoutError("HTTPSConnectionPool(host=\'game.agaii.org\', port=443): Read timed out. (read timeout=180)"))'))
[ReasonBench] marked_unscorable example_id=ARC-Challenge:train:MEA_2011_8_8 strategy=concise_cot error_records=148
[ReasonBench] error example_id=ARC-Challenge:train:MEA_2011_8_8 strategy=least_to_most error=ConnectionError(MaxRetryError('HTTPSConnectionPool(host=\'game.agaii.org\', port=443): Max retries exceeded with url: /mllm/v1/chat/completions (Caused by ReadTimeoutError("HTTPSConnectionPool(host=\'game.agaii.org\', port=443): Read timed out. (read timeout=180)"))'))
[ReasonBench] marked_unscorable example_id=ARC-Challenge:train:MEA_2011_8_8 strategy=least_to_most error_records=149
[ReasonBench] error example_id=ARC-Challenge:train:MEA_2011_8_8 strategy=constraint_decompose error=ConnectionError(MaxRetryError('HTTPSConnectionPool(host=\'game.agaii.org\', port=443): Max retries exceeded with url: /mllm/v1/chat/completions (Caused by ReadTimeoutError("HTTPSConnectionPool(host=\'game.agaii.org\', port=443): Read timed out. (read timeout=180)"))'))
[ReasonBench] marked_unscorable example_id=ARC-Challenge:train:MEA_2011_8_8 strategy=constraint_decompose error_records=150
[ReasonBench] error example_id=ARC-Challenge:train:MEA_2011_8_8 strategy=self_verify error=ConnectionError(MaxRetryError('HTTPSConnectionPool(host=\'game.agaii.org\', port=443): Max retries exceeded with url: /mllm/v1/chat/completions (Caused by ReadTimeoutError("HTTPSConnectionPool(host=\'game.agaii.org\', port=443): Read timed out. (read timeout=180)"))'))
[ReasonBench] marked_unscorable example_id=ARC-Challenge:train:MEA_2011_8_8 strategy=self_verify error_records=151
[ReasonBench] error example_id=ARC-Challenge:train:MEA_2011_8_8 strategy=critique_refine error=ConnectionError(MaxRetryError('HTTPSConnectionPool(host=\'game.agaii.org\', port=443): Max retries exceeded with url: /mllm/v1/chat/completions (Caused by ReadTimeoutError("HTTPSConnectionPool(host=\'game.agaii.org\', port=443): Read timed out. (read timeout=180)"))'))
[ReasonBench] marked_unscorable example_id=ARC-Challenge:train:MEA_2011_8_8 strategy=critique_refine error_records=152
[ReasonBench] error example_id=ARC-Challenge:train:MEA_2011_8_8 strategy=self_consistency error=ConnectionError(MaxRetryError('HTTPSConnectionPool(host=\'game.agaii.org\', port=443): Max retries exceeded with url: /mllm/v1/chat/completions (Caused by ReadTimeoutError("HTTPSConnectionPool(host=\'game.agaii.org\', port=443): Read timed out. (read timeout=180)"))'))
[ReasonBench] marked_unscorable example_id=ARC-Challenge:train:MEA_2011_8_8 strategy=self_consistency error_records=153
[ReasonBench] error example_id=ARC-Challenge:train:MEA_2011_8_8 strategy=selective_self_consistency error=ConnectionError(MaxRetryError('HTTPSConnectionPool(host=\'game.agaii.org\', port=443): Max retries exceeded with url: /mllm/v1/chat/completions (Caused by ReadTimeoutError("HTTPSConnectionPool(host=\'game.agaii.org\', port=443): Read timed out. (read timeout=180)"))'))
[ReasonBench] marked_unscorable example_id=ARC-Challenge:train:MEA_2011_8_8 strategy=selective_self_consistency error_records=154
[ReasonBench] error example_id=ARC-Challenge:train:MEA_2011_8_8 strategy=budgeted_cascade error=ConnectionError(MaxRetryError('HTTPSConnectionPool(host=\'game.agaii.org\', port=443): Max retries exceeded with url: /mllm/v1/chat/completions (Caused by ReadTimeoutError("HTTPSConnectionPool(host=\'game.agaii.org\', port=443): Read timed out. (read timeout=180)"))'))
[ReasonBench] marked_unscorable example_id=ARC-Challenge:train:MEA_2011_8_8 strategy=budgeted_cascade error_records=155
[ReasonBench] error example_id=ARC-Challenge:train:MEA_2011_8_8 strategy=few_shot_exemplar error=ConnectionError(MaxRetryError('HTTPSConnectionPool(host=\'game.agaii.org\', port=443): Max retries exceeded with url: /mllm/v1/chat/completions (Caused by ReadTimeoutError("HTTPSConnectionPool(host=\'game.agaii.org\', port=443): Read timed out. (read timeout=180)"))'))
[ReasonBench] marked_unscorable example_id=ARC-Challenge:train:MEA_2011_8_8 strategy=few_shot_exemplar error_records=156
[ReasonBench] error example_id=ARC-Challenge:train:Mercury_7081270 strategy=direct error=ConnectionError(MaxRetryError('HTTPSConnectionPool(host=\'game.agaii.org\', port=443): Max retries exceeded with url: /mllm/v1/chat/completions (Caused by ReadTimeoutError("HTTPSConnectionPool(host=\'game.agaii.org\', port=443): Read timed out. (read timeout=180)"))'))
[ReasonBench] marked_unscorable example_id=ARC-Challenge:train:Mercury_7081270 strategy=direct error_records=157
[ReasonBench] error example_id=ARC-Challenge:train:Mercury_7081270 strategy=concise_cot error=ConnectionError(MaxRetryError('HTTPSConnectionPool(host=\'game.agaii.org\', port=443): Max retries exceeded with url: /mllm/v1/chat/completions (Caused by ReadTimeoutError("HTTPSConnectionPool(host=\'game.agaii.org\', port=443): Read timed out. (read timeout=180)"))'))
[ReasonBench] marked_unscorable example_id=ARC-Challenge:train:Mercury_7081270 strategy=concise_cot error_records=158
[ReasonBench] error example_id=ARC-Challenge:train:Mercury_7081270 strategy=least_to_most error=ConnectionError(MaxRetryError('HTTPSConnectionPool(host=\'game.agaii.org\', port=443): Max retries exceeded with url: /mllm/v1/chat/completions (Caused by ReadTimeoutError("HTTPSConnectionPool(host=\'game.agaii.org\', port=443): Read timed out. (read timeout=180)"))'))
[ReasonBench] marked_unscorable example_id=ARC-Challenge:train:Mercury_7081270 strategy=least_to_most error_records=159
[ReasonBench] error example_id=ARC-Challenge:train:Mercury_7081270 strategy=constraint_decompose error=ConnectionError(MaxRetryError('HTTPSConnectionPool(host=\'game.agaii.org\', port=443): Max retries exceeded with url: /mllm/v1/chat/completions (Caused by ReadTimeoutError("HTTPSConnectionPool(host=\'game.agaii.org\', port=443): Read timed out. (read timeout=180)"))'))
[ReasonBench] marked_unscorable example_id=ARC-Challenge:train:Mercury_7081270 strategy=constraint_decompose error_records=160
[ReasonBench] error example_id=ARC-Challenge:train:Mercury_7081270 strategy=self_verify error=ConnectionError(MaxRetryError('HTTPSConnectionPool(host=\'game.agaii.org\', port=443): Max retries exceeded with url: /mllm/v1/chat/completions (Caused by ReadTimeoutError("HTTPSConnectionPool(host=\'game.agaii.org\', port=443): Read timed out. (read timeout=180)"))'))
[ReasonBench] marked_unscorable example_id=ARC-Challenge:train:Mercury_7081270 strategy=self_verify error_records=161
[ReasonBench] error example_id=ARC-Challenge:train:Mercury_7081270 strategy=critique_refine error=ConnectionError(MaxRetryError('HTTPSConnectionPool(host=\'game.agaii.org\', port=443): Max retries exceeded with url: /mllm/v1/chat/completions (Caused by ReadTimeoutError("HTTPSConnectionPool(host=\'game.agaii.org\', port=443): Read timed out. (read timeout=180)"))'))
[ReasonBench] marked_unscorable example_id=ARC-Challenge:train:Mercury_7081270 strategy=critique_refine error_records=162
[ReasonBench] error example_id=ARC-Challenge:train:Mercury_7081270 strategy=self_consistency error=ConnectionError(MaxRetryError('HTTPSConnectionPool(host=\'game.agaii.org\', port=443): Max retries exceeded with url: /mllm/v1/chat/completions (Caused by ReadTimeoutError("HTTPSConnectionPool(host=\'game.agaii.org\', port=443): Read timed out. (read timeout=180)"))'))
[ReasonBench] marked_unscorable example_id=ARC-Challenge:train:Mercury_7081270 strategy=self_consistency error_records=163
[ReasonBench] error example_id=ARC-Challenge:train:Mercury_7081270 strategy=selective_self_consistency error=ConnectionError(MaxRetryError('HTTPSConnectionPool(host=\'game.agaii.org\', port=443): Max retries exceeded with url: /mllm/v1/chat/completions (Caused by ReadTimeoutError("HTTPSConnectionPool(host=\'game.agaii.org\', port=443): Read timed out. (read timeout=180)"))'))
[ReasonBench] marked_unscorable example_id=ARC-Challenge:train:Mercury_7081270 strategy=selective_self_consistency error_records=164
[ReasonBench] error example_id=ARC-Challenge:train:Mercury_7081270 strategy=budgeted_cascade error=ConnectionError(MaxRetryError('HTTPSConnectionPool(host=\'game.agaii.org\', port=443): Max retries exceeded with url: /mllm/v1/chat/completions (Caused by ReadTimeoutError("HTTPSConnectionPool(host=\'game.agaii.org\', port=443): Read timed out. (read timeout=180)"))'))
[ReasonBench] marked_unscorable example_id=ARC-Challenge:train:Mercury_7081270 strategy=budgeted_cascade error_records=165
[ReasonBench] error example_id=ARC-Challenge:train:Mercury_7086153 strategy=direct error=ConnectionError(MaxRetryError('HTTPSConnectionPool(host=\'game.agaii.org\', port=443): Max retries exceeded with url: /mllm/v1/chat/completions (Caused by ReadTimeoutError("HTTPSConnectionPool(host=\'game.agaii.org\', port=443): Read timed out. (read timeout=180)"))'))
[ReasonBench] marked_unscorable example_id=ARC-Challenge:train:Mercury_7086153 strategy=direct error_records=166
[ReasonBench] error example_id=ARC-Challenge:train:Mercury_7086153 strategy=concise_cot error=ConnectionError(MaxRetryError('HTTPSConnectionPool(host=\'game.agaii.org\', port=443): Max retries exceeded with url: /mllm/v1/chat/completions (Caused by ReadTimeoutError("HTTPSConnectionPool(host=\'game.agaii.org\', port=443): Read timed out. (read timeout=180)"))'))
[ReasonBench] marked_unscorable example_id=ARC-Challenge:train:Mercury_7086153 strategy=concise_cot error_records=167
[ReasonBench] error example_id=ARC-Challenge:train:Mercury_7086153 strategy=least_to_most error=ConnectionError(MaxRetryError('HTTPSConnectionPool(host=\'game.agaii.org\', port=443): Max retries exceeded with url: /mllm/v1/chat/completions (Caused by ReadTimeoutError("HTTPSConnectionPool(host=\'game.agaii.org\', port=443): Read timed out. (read timeout=180)"))'))
[ReasonBench] marked_unscorable example_id=ARC-Challenge:train:Mercury_7086153 strategy=least_to_most error_records=168
[ReasonBench] error example_id=ARC-Challenge:train:Mercury_7086153 strategy=constraint_decompose error=ConnectionError(MaxRetryError('HTTPSConnectionPool(host=\'game.agaii.org\', port=443): Max retries exceeded with url: /mllm/v1/chat/completions (Caused by ReadTimeoutError("HTTPSConnectionPool(host=\'game.agaii.org\', port=443): Read timed out. (read timeout=180)"))'))
[ReasonBench] marked_unscorable example_id=ARC-Challenge:train:Mercury_7086153 strategy=constraint_decompose error_records=169
[ReasonBench] error example_id=ARC-Challenge:train:Mercury_7086153 strategy=critique_refine error=ConnectionError(MaxRetryError('HTTPSConnectionPool(host=\'game.agaii.org\', port=443): Max retries exceeded with url: /mllm/v1/chat/completions (Caused by ReadTimeoutError("HTTPSConnectionPool(host=\'game.agaii.org\', port=443): Read timed out. (read timeout=180)"))'))
[ReasonBench] marked_unscorable example_id=ARC-Challenge:train:Mercury_7086153 strategy=critique_refine error_records=170
[ReasonBench] error example_id=ARC-Challenge:train:Mercury_7086153 strategy=self_verify error=ConnectionError(MaxRetryError('HTTPSConnectionPool(host=\'game.agaii.org\', port=443): Max retries exceeded with url: /mllm/v1/chat/completions (Caused by ReadTimeoutError("HTTPSConnectionPool(host=\'game.agaii.org\', port=443): Read timed out. (read timeout=180)"))'))
[ReasonBench] marked_unscorable example_id=ARC-Challenge:train:Mercury_7086153 strategy=self_verify error_records=171
[ReasonBench] error example_id=ARC-Challenge:train:Mercury_7086153 strategy=self_consistency error=ConnectionError(MaxRetryError('HTTPSConnectionPool(host=\'game.agaii.org\', port=443): Max retries exceeded with url: /mllm/v1/chat/completions (Caused by ReadTimeoutError("HTTPSConnectionPool(host=\'game.agaii.org\', port=443): Read timed out. (read timeout=180)"))'))
[ReasonBench] marked_unscorable example_id=ARC-Challenge:train:Mercury_7086153 strategy=self_consistency error_records=172
[ReasonBench] error example_id=ARC-Challenge:train:Mercury_7086153 strategy=selective_self_consistency error=ConnectionError(MaxRetryError('HTTPSConnectionPool(host=\'game.agaii.org\', port=443): Max retries exceeded with url: /mllm/v1/chat/completions (Caused by ReadTimeoutError("HTTPSConnectionPool(host=\'game.agaii.org\', port=443): Read timed out. (read timeout=180)"))'))
[ReasonBench] marked_unscorable example_id=ARC-Challenge:train:Mercury_7086153 strategy=selective_self_consistency error_records=173
[ReasonBench] error example_id=ARC-Challenge:train:Mercury_7086153 strategy=few_shot_exemplar error=ConnectionError(MaxRetryError('HTTPSConnectionPool(host=\'game.agaii.org\', port=443): Max retries exceeded with url: /mllm/v1/chat/completions (Caused by ReadTimeoutError("HTTPSConnectionPool(host=\'game.agaii.org\', port=443): Read timed out. (read timeout=180)"))'))
[ReasonBench] marked_unscorable example_id=ARC-Challenge:train:Mercury_7086153 strategy=few_shot_exemplar error_records=174
[ReasonBench] error example_id=ARC-Challenge:train:Mercury_7205818 strategy=concise_cot error=ConnectionError(MaxRetryError('HTTPSConnectionPool(host=\'game.agaii.org\', port=443): Max retries exceeded with url: /mllm/v1/chat/completions (Caused by ReadTimeoutError("HTTPSConnectionPool(host=\'game.agaii.org\', port=443): Read timed out. (read timeout=180)"))'))
[ReasonBench] marked_unscorable example_id=ARC-Challenge:train:Mercury_7205818 strategy=concise_cot error_records=175
[ReasonBench] error example_id=ARC-Challenge:train:Mercury_7205818 strategy=least_to_most error=ConnectionError(MaxRetryError('HTTPSConnectionPool(host=\'game.agaii.org\', port=443): Max retries exceeded with url: /mllm/v1/chat/completions (Caused by ReadTimeoutError("HTTPSConnectionPool(host=\'game.agaii.org\', port=443): Read timed out. (read timeout=180)"))'))
[ReasonBench] marked_unscorable example_id=ARC-Challenge:train:Mercury_7205818 strategy=least_to_most error_records=176
[ReasonBench] error example_id=ARC-Challenge:train:Mercury_7205818 strategy=constraint_decompose error=ConnectionError(MaxRetryError('HTTPSConnectionPool(host=\'game.agaii.org\', port=443): Max retries exceeded with url: /mllm/v1/chat/completions (Caused by ReadTimeoutError("HTTPSConnectionPool(host=\'game.agaii.org\', port=443): Read timed out. (read timeout=180)"))'))
[ReasonBench] marked_unscorable example_id=ARC-Challenge:train:Mercury_7205818 strategy=constraint_decompose error_records=177
[ReasonBench] error example_id=ARC-Challenge:train:Mercury_7205818 strategy=self_verify error=ConnectionError(MaxRetryError('HTTPSConnectionPool(host=\'game.agaii.org\', port=443): Max retries exceeded with url: /mllm/v1/chat/completions (Caused by ReadTimeoutError("HTTPSConnectionPool(host=\'game.agaii.org\', port=443): Read timed out. (read timeout=180)"))'))
[ReasonBench] marked_unscorable example_id=ARC-Challenge:train:Mercury_7205818 strategy=self_verify error_records=178
[ReasonBench] error example_id=ARC-Challenge:train:Mercury_7205818 strategy=critique_refine error=ConnectionError(MaxRetryError('HTTPSConnectionPool(host=\'game.agaii.org\', port=443): Max retries exceeded with url: /mllm/v1/chat/completions (Caused by ReadTimeoutError("HTTPSConnectionPool(host=\'game.agaii.org\', port=443): Read timed out. (read timeout=180)"))'))
[ReasonBench] marked_unscorable example_id=ARC-Challenge:train:Mercury_7205818 strategy=critique_refine error_records=179
[ReasonBench] error example_id=ARC-Challenge:train:Mercury_7205818 strategy=self_consistency error=ConnectionError(MaxRetryError('HTTPSConnectionPool(host=\'game.agaii.org\', port=443): Max retries exceeded with url: /mllm/v1/chat/completions (Caused by ReadTimeoutError("HTTPSConnectionPool(host=\'game.agaii.org\', port=443): Read timed out. (read timeout=180)"))'))
[ReasonBench] marked_unscorable example_id=ARC-Challenge:train:Mercury_7205818 strategy=self_consistency error_records=180
[ReasonBench] error example_id=ARC-Challenge:train:Mercury_7205818 strategy=selective_self_consistency error=ConnectionError(MaxRetryError('HTTPSConnectionPool(host=\'game.agaii.org\', port=443): Max retries exceeded with url: /mllm/v1/chat/completions (Caused by ReadTimeoutError("HTTPSConnectionPool(host=\'game.agaii.org\', port=443): Read timed out. (read timeout=180)"))'))
[ReasonBench] marked_unscorable example_id=ARC-Challenge:train:Mercury_7205818 strategy=selective_self_consistency error_records=181
[ReasonBench] error example_id=ARC-Challenge:train:Mercury_7205818 strategy=few_shot_exemplar error=ConnectionError(MaxRetryError('HTTPSConnectionPool(host=\'game.agaii.org\', port=443): Max retries exceeded with url: /mllm/v1/chat/completions (Caused by ReadTimeoutError("HTTPSConnectionPool(host=\'game.agaii.org\', port=443): Read timed out. (read timeout=180)"))'))
[ReasonBench] marked_unscorable example_id=ARC-Challenge:train:Mercury_7205818 strategy=few_shot_exemplar error_records=182
[ReasonBench] error example_id=ARC-Challenge:train:Mercury_SC_408784 strategy=direct error=ConnectionError(MaxRetryError('HTTPSConnectionPool(host=\'game.agaii.org\', port=443): Max retries exceeded with url: /mllm/v1/chat/completions (Caused by ReadTimeoutError("HTTPSConnectionPool(host=\'game.agaii.org\', port=443): Read timed out. (read timeout=180)"))'))
[ReasonBench] marked_unscorable example_id=ARC-Challenge:train:Mercury_SC_408784 strategy=direct error_records=183
[ReasonBench] error example_id=ARC-Challenge:train:Mercury_SC_408784 strategy=concise_cot error=ConnectionError(MaxRetryError('HTTPSConnectionPool(host=\'game.agaii.org\', port=443): Max retries exceeded with url: /mllm/v1/chat/completions (Caused by ReadTimeoutError("HTTPSConnectionPool(host=\'game.agaii.org\', port=443): Read timed out. (read timeout=180)"))'))
[ReasonBench] marked_unscorable example_id=ARC-Challenge:train:Mercury_SC_408784 strategy=concise_cot error_records=184
[ReasonBench] error example_id=ARC-Challenge:train:Mercury_SC_408784 strategy=least_to_most error=ConnectionError(MaxRetryError('HTTPSConnectionPool(host=\'game.agaii.org\', port=443): Max retries exceeded with url: /mllm/v1/chat/completions (Caused by ReadTimeoutError("HTTPSConnectionPool(host=\'game.agaii.org\', port=443): Read timed out. (read timeout=180)"))'))
[ReasonBench] marked_unscorable example_id=ARC-Challenge:train:Mercury_SC_408784 strategy=least_to_most error_records=185
[ReasonBench] error example_id=ARC-Challenge:train:Mercury_SC_408784 strategy=constraint_decompose error=ConnectionError(MaxRetryError('HTTPSConnectionPool(host=\'game.agaii.org\', port=443): Max retries exceeded with url: /mllm/v1/chat/completions (Caused by ReadTimeoutError("HTTPSConnectionPool(host=\'game.agaii.org\', port=443): Read timed out. (read timeout=180)"))'))
[ReasonBench] marked_unscorable example_id=ARC-Challenge:train:Mercury_SC_408784 strategy=constraint_decompose error_records=186
[ReasonBench] error example_id=ARC-Challenge:train:Mercury_SC_408784 strategy=self_verify error=ConnectionError(MaxRetryError('HTTPSConnectionPool(host=\'game.agaii.org\', port=443): Max retries exceeded with url: /mllm/v1/chat/completions (Caused by ReadTimeoutError("HTTPSConnectionPool(host=\'game.agaii.org\', port=443): Read timed out. (read timeout=180)"))'))
[ReasonBench] marked_unscorable example_id=ARC-Challenge:train:Mercury_SC_408784 strategy=self_verify error_records=187
[ReasonBench] error example_id=ARC-Challenge:train:Mercury_SC_408784 strategy=critique_refine error=ConnectionError(MaxRetryError('HTTPSConnectionPool(host=\'game.agaii.org\', port=443): Max retries exceeded with url: /mllm/v1/chat/completions (Caused by ReadTimeoutError("HTTPSConnectionPool(host=\'game.agaii.org\', port=443): Read timed out. (read timeout=180)"))'))
[ReasonBench] marked_unscorable example_id=ARC-Challenge:train:Mercury_SC_408784 strategy=critique_refine error_records=188
[ReasonBench] error example_id=ARC-Challenge:train:Mercury_SC_408784 strategy=self_consistency error=ConnectionError(MaxRetryError('HTTPSConnectionPool(host=\'game.agaii.org\', port=443): Max retries exceeded with url: /mllm/v1/chat/completions (Caused by ReadTimeoutError("HTTPSConnectionPool(host=\'game.agaii.org\', port=443): Read timed out. (read timeout=180)"))'))
[ReasonBench] marked_unscorable example_id=ARC-Challenge:train:Mercury_SC_408784 strategy=self_consistency error_records=189
[ReasonBench] error example_id=ARC-Challenge:train:Mercury_SC_408784 strategy=selective_self_consistency error=ConnectionError(MaxRetryError('HTTPSConnectionPool(host=\'game.agaii.org\', port=443): Max retries exceeded with url: /mllm/v1/chat/completions (Caused by ReadTimeoutError("HTTPSConnectionPool(host=\'game.agaii.org\', port=443): Read timed out. (read timeout=180)"))'))
[ReasonBench] marked_unscorable example_id=ARC-Challenge:train:Mercury_SC_408784 strategy=selective_self_consistency error_records=190
[ReasonBench] error example_id=ARC-Challenge:train:Mercury_SC_408784 strategy=budgeted_cascade error=ConnectionError(MaxRetryError('HTTPSConnectionPool(host=\'game.agaii.org\', port=443): Max retries exceeded with url: /mllm/v1/chat/completions (Caused by ReadTimeoutError("HTTPSConnectionPool(host=\'game.agaii.org\', port=443): Read timed out. (read timeout=180)"))'))
[ReasonBench] marked_unscorable example_id=ARC-Challenge:train:Mercury_SC_408784 strategy=budgeted_cascade error_records=191
[ReasonBench] error example_id=ARC-Challenge:train:Mercury_SC_408784 strategy=few_shot_exemplar error=ConnectionError(MaxRetryError('HTTPSConnectionPool(host=\'game.agaii.org\', port=443): Max retries exceeded with url: /mllm/v1/chat/completions (Caused by ReadTimeoutError("HTTPSConnectionPool(host=\'game.agaii.org\', port=443): Read timed out. (read timeout=180)"))'))
[ReasonBench] marked_unscorable example_id=ARC-Challenge:train:Mercury_SC_408784 strategy=few_shot_exemplar error_records=192
[ReasonBench] error example_id=ARC-Challenge:train:VASoL_2007_5_39 strategy=direct error=ConnectionError(MaxRetryError('HTTPSConnectionPool(host=\'game.agaii.org\', port=443): Max retries exceeded with url: /mllm/v1/chat/completions (Caused by ReadTimeoutError("HTTPSConnectionPool(host=\'game.agaii.org\', port=443): Read timed out. (read timeout=180)"))'))
[ReasonBench] marked_unscorable example_id=ARC-Challenge:train:VASoL_2007_5_39 strategy=direct error_records=193
[ReasonBench] error example_id=ARC-Challenge:train:VASoL_2007_5_39 strategy=concise_cot error=ConnectionError(MaxRetryError('HTTPSConnectionPool(host=\'game.agaii.org\', port=443): Max retries exceeded with url: /mllm/v1/chat/completions (Caused by ReadTimeoutError("HTTPSConnectionPool(host=\'game.agaii.org\', port=443): Read timed out. (read timeout=180)"))'))
[ReasonBench] marked_unscorable example_id=ARC-Challenge:train:VASoL_2007_5_39 strategy=concise_cot error_records=194
[ReasonBench] error example_id=ARC-Challenge:train:VASoL_2007_5_39 strategy=least_to_most error=ConnectionError(MaxRetryError('HTTPSConnectionPool(host=\'game.agaii.org\', port=443): Max retries exceeded with url: /mllm/v1/chat/completions (Caused by ReadTimeoutError("HTTPSConnectionPool(host=\'game.agaii.org\', port=443): Read timed out. (read timeout=180)"))'))
[ReasonBench] marked_unscorable example_id=ARC-Challenge:train:VASoL_2007_5_39 strategy=least_to_most error_records=195
[ReasonBench] error example_id=ARC-Challenge:train:VASoL_2007_5_39 strategy=constraint_decompose error=ConnectionError(MaxRetryError('HTTPSConnectionPool(host=\'game.agaii.org\', port=443): Max retries exceeded with url: /mllm/v1/chat/completions (Caused by ReadTimeoutError("HTTPSConnectionPool(host=\'game.agaii.org\', port=443): Read timed out. (read timeout=180)"))'))
[ReasonBench] marked_unscorable example_id=ARC-Challenge:train:VASoL_2007_5_39 strategy=constraint_decompose error_records=196
[ReasonBench] error example_id=ARC-Challenge:train:VASoL_2007_5_39 strategy=self_verify error=ConnectionError(MaxRetryError('HTTPSConnectionPool(host=\'game.agaii.org\', port=443): Max retries exceeded with url: /mllm/v1/chat/completions (Caused by ReadTimeoutError("HTTPSConnectionPool(host=\'game.agaii.org\', port=443): Read timed out. (read timeout=180)"))'))
[ReasonBench] marked_unscorable example_id=ARC-Challenge:train:VASoL_2007_5_39 strategy=self_verify error_records=197
[ReasonBench] error example_id=ARC-Challenge:train:VASoL_2007_5_39 strategy=critique_refine error=ConnectionError(MaxRetryError('HTTPSConnectionPool(host=\'game.agaii.org\', port=443): Max retries exceeded with url: /mllm/v1/chat/completions (Caused by ReadTimeoutError("HTTPSConnectionPool(host=\'game.agaii.org\', port=443): Read timed out. (read timeout=180)"))'))
[ReasonBench] marked_unscorable example_id=ARC-Challenge:train:VASoL_2007_5_39 strategy=critique_refine error_records=198
[ReasonBench] error example_id=ARC-Challenge:train:VASoL_2007_5_39 strategy=self_consistency error=ConnectionError(MaxRetryError('HTTPSConnectionPool(host=\'game.agaii.org\', port=443): Max retries exceeded with url: /mllm/v1/chat/completions (Caused by ReadTimeoutError("HTTPSConnectionPool(host=\'game.agaii.org\', port=443): Read timed out. (read timeout=180)"))'))
[ReasonBench] marked_unscorable example_id=ARC-Challenge:train:VASoL_2007_5_39 strategy=self_consistency error_records=199
[ReasonBench] error example_id=ARC-Challenge:train:VASoL_2007_5_39 strategy=selective_self_consistency error=ConnectionError(MaxRetryError('HTTPSConnectionPool(host=\'game.agaii.org\', port=443): Max retries exceeded with url: /mllm/v1/chat/completions (Caused by ReadTimeoutError("HTTPSConnectionPool(host=\'game.agaii.org\', port=443): Read timed out. (read timeout=180)"))'))
[ReasonBench] marked_unscorable example_id=ARC-Challenge:train:VASoL_2007_5_39 strategy=selective_self_consistency error_records=200
[ReasonBench] error example_id=ARC-Challenge:train:VASoL_2007_5_39 strategy=few_shot_exemplar error=ConnectionError(MaxRetryError('HTTPSConnectionPool(host=\'game.agaii.org\', port=443): Max retries exceeded with url: /mllm/v1/chat/completions (Caused by ReadTimeoutError("HTTPSConnectionPool(host=\'game.agaii.org\', port=443): Read timed out. (read timeout=180)"))'))
[ReasonBench] marked_unscorable example_id=ARC-Challenge:train:VASoL_2007_5_39 strategy=few_shot_exemplar error_records=201
[ReasonBench] error example_id=ARC-Challenge:train:Mercury_7227938 strategy=direct error=ConnectionError(MaxRetryError('HTTPSConnectionPool(host=\'game.agaii.org\', port=443): Max retries exceeded with url: /mllm/v1/chat/completions (Caused by ReadTimeoutError("HTTPSConnectionPool(host=\'game.agaii.org\', port=443): Read timed out. (read timeout=180)"))'))
[ReasonBench] marked_unscorable example_id=ARC-Challenge:train:Mercury_7227938 strategy=direct error_records=202
[ReasonBench] error example_id=ARC-Challenge:train:Mercury_7227938 strategy=concise_cot error=ConnectionError(MaxRetryError('HTTPSConnectionPool(host=\'game.agaii.org\', port=443): Max retries exceeded with url: /mllm/v1/chat/completions (Caused by ReadTimeoutError("HTTPSConnectionPool(host=\'game.agaii.org\', port=443): Read timed out. (read timeout=180)"))'))
[ReasonBench] marked_unscorable example_id=ARC-Challenge:train:Mercury_7227938 strategy=concise_cot error_records=203
[ReasonBench] error example_id=ARC-Challenge:train:Mercury_7227938 strategy=least_to_most error=ConnectionError(MaxRetryError('HTTPSConnectionPool(host=\'game.agaii.org\', port=443): Max retries exceeded with url: /mllm/v1/chat/completions (Caused by ReadTimeoutError("HTTPSConnectionPool(host=\'game.agaii.org\', port=443): Read timed out. (read timeout=180)"))'))
[ReasonBench] marked_unscorable example_id=ARC-Challenge:train:Mercury_7227938 strategy=least_to_most error_records=204
[ReasonBench] error example_id=ARC-Challenge:train:Mercury_7227938 strategy=constraint_decompose error=ConnectionError(MaxRetryError('HTTPSConnectionPool(host=\'game.agaii.org\', port=443): Max retries exceeded with url: /mllm/v1/chat/completions (Caused by ReadTimeoutError("HTTPSConnectionPool(host=\'game.agaii.org\', port=443): Read timed out. (read timeout=180)"))'))
[ReasonBench] marked_unscorable example_id=ARC-Challenge:train:Mercury_7227938 strategy=constraint_decompose error_records=205
[ReasonBench] error example_id=ARC-Challenge:train:Mercury_7227938 strategy=self_verify error=ConnectionError(MaxRetryError('HTTPSConnectionPool(host=\'game.agaii.org\', port=443): Max retries exceeded with url: /mllm/v1/chat/completions (Caused by ReadTimeoutError("HTTPSConnectionPool(host=\'game.agaii.org\', port=443): Read timed out. (read timeout=180)"))'))
[ReasonBench] marked_unscorable example_id=ARC-Challenge:train:Mercury_7227938 strategy=self_verify error_records=206
[ReasonBench] error example_id=ARC-Challenge:train:Mercury_7227938 strategy=critique_refine error=ConnectionError(MaxRetryError('HTTPSConnectionPool(host=\'game.agaii.org\', port=443): Max retries exceeded with url: /mllm/v1/chat/completions (Caused by ReadTimeoutError("HTTPSConnectionPool(host=\'game.agaii.org\', port=443): Read timed out. (read timeout=180)"))'))
[ReasonBench] marked_unscorable example_id=ARC-Challenge:train:Mercury_7227938 strategy=critique_refine error_records=207
[ReasonBench] error example_id=ARC-Challenge:train:Mercury_7227938 strategy=self_consistency error=ConnectionError(MaxRetryError('HTTPSConnectionPool(host=\'game.agaii.org\', port=443): Max retries exceeded with url: /mllm/v1/chat/completions (Caused by ReadTimeoutError("HTTPSConnectionPool(host=\'game.agaii.org\', port=443): Read timed out. (read timeout=180)"))'))
[ReasonBench] marked_unscorable example_id=ARC-Challenge:train:Mercury_7227938 strategy=self_consistency error_records=208
[ReasonBench] error example_id=ARC-Challenge:train:Mercury_7227938 strategy=selective_self_consistency error=ConnectionError(MaxRetryError('HTTPSConnectionPool(host=\'game.agaii.org\', port=443): Max retries exceeded with url: /mllm/v1/chat/completions (Caused by ReadTimeoutError("HTTPSConnectionPool(host=\'game.agaii.org\', port=443): Read timed out. (read timeout=180)"))'))
[ReasonBench] marked_unscorable example_id=ARC-Challenge:train:Mercury_7227938 strategy=selective_self_consistency error_records=209
[ReasonBench] error example_id=ARC-Challenge:train:Mercury_7227938 strategy=budgeted_cascade error=ConnectionError(MaxRetryError('HTTPSConnectionPool(host=\'game.agaii.org\', port=443): Max retries exceeded with url: /mllm/v1/chat/completions (Caused by ReadTimeoutError("HTTPSConnectionPool(host=\'game.agaii.org\', port=443): Read timed out. (read timeout=180)"))'))
[ReasonBench] marked_unscorable example_id=ARC-Challenge:train:Mercury_7227938 strategy=budgeted_cascade error_records=210
[ReasonBench] error example_id=ARC-Challenge:train:Mercury_7227938 strategy=few_shot_exemplar error=ConnectionError(MaxRetryError('HTTPSConnectionPool(host=\'game.agaii.org\', port=443): Max retries exceeded with url: /mllm/v1/chat/completions (Caused by ReadTimeoutError("HTTPSConnectionPool(host=\'game.agaii.org\', port=443): Read timed out. (read timeout=180)"))'))
[ReasonBench] marked_unscorable example_id=ARC-Challenge:train:Mercury_7227938 strategy=few_shot_exemplar error_records=211
[ReasonBench] error example_id=ARC-Challenge:train:MCAS_2009_5_6522 strategy=direct error=ConnectionError(MaxRetryError('HTTPSConnectionPool(host=\'game.agaii.org\', port=443): Max retries exceeded with url: /mllm/v1/chat/completions (Caused by ReadTimeoutError("HTTPSConnectionPool(host=\'game.agaii.org\', port=443): Read timed out. (read timeout=180)"))'))
[ReasonBench] marked_unscorable example_id=ARC-Challenge:train:MCAS_2009_5_6522 strategy=direct error_records=212
[ReasonBench] error example_id=ARC-Challenge:train:MCAS_2009_5_6522 strategy=concise_cot error=ConnectionError(MaxRetryError('HTTPSConnectionPool(host=\'game.agaii.org\', port=443): Max retries exceeded with url: /mllm/v1/chat/completions (Caused by ReadTimeoutError("HTTPSConnectionPool(host=\'game.agaii.org\', port=443): Read timed out. (read timeout=180)"))'))
[ReasonBench] marked_unscorable example_id=ARC-Challenge:train:MCAS_2009_5_6522 strategy=concise_cot error_records=213
[ReasonBench] error example_id=ARC-Challenge:train:MCAS_2009_5_6522 strategy=least_to_most error=ConnectionError(MaxRetryError('HTTPSConnectionPool(host=\'game.agaii.org\', port=443): Max retries exceeded with url: /mllm/v1/chat/completions (Caused by ReadTimeoutError("HTTPSConnectionPool(host=\'game.agaii.org\', port=443): Read timed out. (read timeout=180)"))'))
[ReasonBench] marked_unscorable example_id=ARC-Challenge:train:MCAS_2009_5_6522 strategy=least_to_most error_records=214
[ReasonBench] error example_id=ARC-Challenge:train:MCAS_2009_5_6522 strategy=critique_refine error=ConnectionError(MaxRetryError('HTTPSConnectionPool(host=\'game.agaii.org\', port=443): Max retries exceeded with url: /mllm/v1/chat/completions (Caused by ReadTimeoutError("HTTPSConnectionPool(host=\'game.agaii.org\', port=443): Read timed out. (read timeout=180)"))'))
[ReasonBench] marked_unscorable example_id=ARC-Challenge:train:MCAS_2009_5_6522 strategy=critique_refine error_records=215
[ReasonBench] error example_id=ARC-Challenge:train:MCAS_2009_5_6522 strategy=self_verify error=ConnectionError(MaxRetryError('HTTPSConnectionPool(host=\'game.agaii.org\', port=443): Max retries exceeded with url: /mllm/v1/chat/completions (Caused by ReadTimeoutError("HTTPSConnectionPool(host=\'game.agaii.org\', port=443): Read timed out. (read timeout=180)"))'))
[ReasonBench] marked_unscorable example_id=ARC-Challenge:train:MCAS_2009_5_6522 strategy=self_verify error_records=216
[ReasonBench] error example_id=ARC-Challenge:train:MCAS_2009_5_6522 strategy=self_consistency error=ConnectionError(MaxRetryError('HTTPSConnectionPool(host=\'game.agaii.org\', port=443): Max retries exceeded with url: /mllm/v1/chat/completions (Caused by ReadTimeoutError("HTTPSConnectionPool(host=\'game.agaii.org\', port=443): Read timed out. (read timeout=180)"))'))
[ReasonBench] marked_unscorable example_id=ARC-Challenge:train:MCAS_2009_5_6522 strategy=self_consistency error_records=217
[ReasonBench] error example_id=ARC-Challenge:train:MCAS_2009_5_6522 strategy=selective_self_consistency error=ConnectionError(MaxRetryError('HTTPSConnectionPool(host=\'game.agaii.org\', port=443): Max retries exceeded with url: /mllm/v1/chat/completions (Caused by ReadTimeoutError("HTTPSConnectionPool(host=\'game.agaii.org\', port=443): Read timed out. (read timeout=180)"))'))
[ReasonBench] marked_unscorable example_id=ARC-Challenge:train:MCAS_2009_5_6522 strategy=selective_self_consistency error_records=218
[ReasonBench] error example_id=ARC-Challenge:train:MCAS_2009_5_6522 strategy=budgeted_cascade error=ConnectionError(MaxRetryError('HTTPSConnectionPool(host=\'game.agaii.org\', port=443): Max retries exceeded with url: /mllm/v1/chat/completions (Caused by ReadTimeoutError("HTTPSConnectionPool(host=\'game.agaii.org\', port=443): Read timed out. (read timeout=180)"))'))
[ReasonBench] marked_unscorable example_id=ARC-Challenge:train:MCAS_2009_5_6522 strategy=budgeted_cascade error_records=219
[ReasonBench] error example_id=ARC-Challenge:train:Mercury_412642 strategy=direct error=ConnectionError(MaxRetryError('HTTPSConnectionPool(host=\'game.agaii.org\', port=443): Max retries exceeded with url: /mllm/v1/chat/completions (Caused by ReadTimeoutError("HTTPSConnectionPool(host=\'game.agaii.org\', port=443): Read timed out. (read timeout=180)"))'))
[ReasonBench] marked_unscorable example_id=ARC-Challenge:train:Mercury_412642 strategy=direct error_records=220
[ReasonBench] error example_id=ARC-Challenge:train:Mercury_412642 strategy=concise_cot error=ConnectionError(MaxRetryError('HTTPSConnectionPool(host=\'game.agaii.org\', port=443): Max retries exceeded with url: /mllm/v1/chat/completions (Caused by ReadTimeoutError("HTTPSConnectionPool(host=\'game.agaii.org\', port=443): Read timed out. (read timeout=180)"))'))
[ReasonBench] marked_unscorable example_id=ARC-Challenge:train:Mercury_412642 strategy=concise_cot error_records=221
[ReasonBench] error example_id=ARC-Challenge:train:Mercury_412642 strategy=least_to_most error=ConnectionError(MaxRetryError('HTTPSConnectionPool(host=\'game.agaii.org\', port=443): Max retries exceeded with url: /mllm/v1/chat/completions (Caused by ReadTimeoutError("HTTPSConnectionPool(host=\'game.agaii.org\', port=443): Read timed out. (read timeout=180)"))'))
[ReasonBench] marked_unscorable example_id=ARC-Challenge:train:Mercury_412642 strategy=least_to_most error_records=222
[ReasonBench] error example_id=ARC-Challenge:train:Mercury_412642 strategy=constraint_decompose error=ConnectionError(MaxRetryError('HTTPSConnectionPool(host=\'game.agaii.org\', port=443): Max retries exceeded with url: /mllm/v1/chat/completions (Caused by ReadTimeoutError("HTTPSConnectionPool(host=\'game.agaii.org\', port=443): Read timed out. (read timeout=180)"))'))
[ReasonBench] marked_unscorable example_id=ARC-Challenge:train:Mercury_412642 strategy=constraint_decompose error_records=223
[ReasonBench] error example_id=ARC-Challenge:train:Mercury_412642 strategy=self_verify error=ConnectionError(MaxRetryError('HTTPSConnectionPool(host=\'game.agaii.org\', port=443): Max retries exceeded with url: /mllm/v1/chat/completions (Caused by ReadTimeoutError("HTTPSConnectionPool(host=\'game.agaii.org\', port=443): Read timed out. (read timeout=180)"))'))
[ReasonBench] marked_unscorable example_id=ARC-Challenge:train:Mercury_412642 strategy=self_verify error_records=224
[ReasonBench] error example_id=ARC-Challenge:train:Mercury_412642 strategy=critique_refine error=ConnectionError(MaxRetryError('HTTPSConnectionPool(host=\'game.agaii.org\', port=443): Max retries exceeded with url: /mllm/v1/chat/completions (Caused by ReadTimeoutError("HTTPSConnectionPool(host=\'game.agaii.org\', port=443): Read timed out. (read timeout=180)"))'))
[ReasonBench] marked_unscorable example_id=ARC-Challenge:train:Mercury_412642 strategy=critique_refine error_records=225
[ReasonBench] error example_id=ARC-Challenge:train:Mercury_412642 strategy=self_consistency error=ConnectionError(MaxRetryError('HTTPSConnectionPool(host=\'game.agaii.org\', port=443): Max retries exceeded with url: /mllm/v1/chat/completions (Caused by ReadTimeoutError("HTTPSConnectionPool(host=\'game.agaii.org\', port=443): Read timed out. (read timeout=180)"))'))
[ReasonBench] marked_unscorable example_id=ARC-Challenge:train:Mercury_412642 strategy=self_consistency error_records=226
[ReasonBench] error example_id=ARC-Challenge:train:Mercury_412642 strategy=selective_self_consistency error=ConnectionError(MaxRetryError('HTTPSConnectionPool(host=\'game.agaii.org\', port=443): Max retries exceeded with url: /mllm/v1/chat/completions (Caused by ReadTimeoutError("HTTPSConnectionPool(host=\'game.agaii.org\', port=443): Read timed out. (read timeout=180)"))'))
[ReasonBench] marked_unscorable example_id=ARC-Challenge:train:Mercury_412642 strategy=selective_self_consistency error_records=227
[ReasonBench] error example_id=ARC-Challenge:train:Mercury_412642 strategy=budgeted_cascade error=ConnectionError(MaxRetryError('HTTPSConnectionPool(host=\'game.agaii.org\', port=443): Max retries exceeded with url: /mllm/v1/chat/completions (Caused by ReadTimeoutError("HTTPSConnectionPool(host=\'game.agaii.org\', port=443): Read timed out. (read timeout=180)"))'))
[ReasonBench] marked_unscorable example_id=ARC-Challenge:train:Mercury_412642 strategy=budgeted_cascade error_records=228
[ReasonBench] error example_id=ARC-Challenge:train:Mercury_412642 strategy=few_shot_exemplar error=ConnectionError(MaxRetryError('HTTPSConnectionPool(host=\'game.agaii.org\', port=443): Max retries exceeded with url: /mllm/v1/chat/completions (Caused by ReadTimeoutError("HTTPSConnectionPool(host=\'game.agaii.org\', port=443): Read timed out. (read timeout=180)"))'))
[ReasonBench] marked_unscorable example_id=ARC-Challenge:train:Mercury_412642 strategy=few_shot_exemplar error_records=229
[ReasonBench] error example_id=ARC-Challenge:train:Mercury_7041633 strategy=direct error=ConnectionError(MaxRetryError('HTTPSConnectionPool(host=\'game.agaii.org\', port=443): Max retries exceeded with url: /mllm/v1/chat/completions (Caused by ReadTimeoutError("HTTPSConnectionPool(host=\'game.agaii.org\', port=443): Read timed out. (read timeout=180)"))'))
[ReasonBench] marked_unscorable example_id=ARC-Challenge:train:Mercury_7041633 strategy=direct error_records=230
[ReasonBench] error example_id=ARC-Challenge:train:Mercury_7041633 strategy=concise_cot error=ConnectionError(MaxRetryError('HTTPSConnectionPool(host=\'game.agaii.org\', port=443): Max retries exceeded with url: /mllm/v1/chat/completions (Caused by ReadTimeoutError("HTTPSConnectionPool(host=\'game.agaii.org\', port=443): Read timed out. (read timeout=180)"))'))
[ReasonBench] marked_unscorable example_id=ARC-Challenge:train:Mercury_7041633 strategy=concise_cot error_records=231
[ReasonBench] error example_id=ARC-Challenge:train:Mercury_7041633 strategy=least_to_most error=ConnectionError(MaxRetryError('HTTPSConnectionPool(host=\'game.agaii.org\', port=443): Max retries exceeded with url: /mllm/v1/chat/completions (Caused by ReadTimeoutError("HTTPSConnectionPool(host=\'game.agaii.org\', port=443): Read timed out. (read timeout=180)"))'))
[ReasonBench] marked_unscorable example_id=ARC-Challenge:train:Mercury_7041633 strategy=least_to_most error_records=232
[ReasonBench] error example_id=ARC-Challenge:train:Mercury_7041633 strategy=constraint_decompose error=ConnectionError(MaxRetryError('HTTPSConnectionPool(host=\'game.agaii.org\', port=443): Max retries exceeded with url: /mllm/v1/chat/completions (Caused by ReadTimeoutError("HTTPSConnectionPool(host=\'game.agaii.org\', port=443): Read timed out. (read timeout=180)"))'))
[ReasonBench] marked_unscorable example_id=ARC-Challenge:train:Mercury_7041633 strategy=constraint_decompose error_records=233
[ReasonBench] error example_id=ARC-Challenge:train:Mercury_7041633 strategy=self_verify error=ConnectionError(MaxRetryError('HTTPSConnectionPool(host=\'game.agaii.org\', port=443): Max retries exceeded with url: /mllm/v1/chat/completions (Caused by ReadTimeoutError("HTTPSConnectionPool(host=\'game.agaii.org\', port=443): Read timed out. (read timeout=180)"))'))
[ReasonBench] marked_unscorable example_id=ARC-Challenge:train:Mercury_7041633 strategy=self_verify error_records=234
[ReasonBench] error example_id=ARC-Challenge:train:Mercury_7041633 strategy=critique_refine error=ConnectionError(MaxRetryError('HTTPSConnectionPool(host=\'game.agaii.org\', port=443): Max retries exceeded with url: /mllm/v1/chat/completions (Caused by ReadTimeoutError("HTTPSConnectionPool(host=\'game.agaii.org\', port=443): Read timed out. (read timeout=180)"))'))
[ReasonBench] marked_unscorable example_id=ARC-Challenge:train:Mercury_7041633 strategy=critique_refine error_records=235
[ReasonBench] error example_id=ARC-Challenge:train:Mercury_7041633 strategy=self_consistency error=ConnectionError(MaxRetryError('HTTPSConnectionPool(host=\'game.agaii.org\', port=443): Max retries exceeded with url: /mllm/v1/chat/completions (Caused by ReadTimeoutError("HTTPSConnectionPool(host=\'game.agaii.org\', port=443): Read timed out. (read timeout=180)"))'))
[ReasonBench] marked_unscorable example_id=ARC-Challenge:train:Mercury_7041633 strategy=self_consistency error_records=236
[ReasonBench] error example_id=ARC-Challenge:train:Mercury_7041633 strategy=selective_self_consistency error=ConnectionError(MaxRetryError('HTTPSConnectionPool(host=\'game.agaii.org\', port=443): Max retries exceeded with url: /mllm/v1/chat/completions (Caused by ReadTimeoutError("HTTPSConnectionPool(host=\'game.agaii.org\', port=443): Read timed out. (read timeout=180)"))'))
[ReasonBench] marked_unscorable example_id=ARC-Challenge:train:Mercury_7041633 strategy=selective_self_consistency error_records=237
[ReasonBench] error example_id=ARC-Challenge:train:Mercury_7041633 strategy=budgeted_cascade error=ConnectionError(MaxRetryError('HTTPSConnectionPool(host=\'game.agaii.org\', port=443): Max retries exceeded with url: /mllm/v1/chat/completions (Caused by ReadTimeoutError("HTTPSConnectionPool(host=\'game.agaii.org\', port=443): Read timed out. (read timeout=180)"))'))
[ReasonBench] marked_unscorable example_id=ARC-Challenge:train:Mercury_7041633 strategy=budgeted_cascade error_records=238
[ReasonBench] error example_id=ARC-Challenge:train:Mercury_7041633 strategy=few_shot_exemplar error=ConnectionError(MaxRetryError('HTTPSConnectionPool(host=\'game.agaii.org\', port=443): Max retries exceeded with url: /mllm/v1/chat/completions (Caused by ReadTimeoutError("HTTPSConnectionPool(host=\'game.agaii.org\', port=443): Read timed out. (read timeout=180)"))'))
[ReasonBench] marked_unscorable example_id=ARC-Challenge:train:Mercury_7041633 strategy=few_shot_exemplar error_records=239
[ReasonBench] error example_id=ARC-Challenge:train:Mercury_7154648 strategy=direct error=ConnectionError(MaxRetryError('HTTPSConnectionPool(host=\'game.agaii.org\', port=443): Max retries exceeded with url: /mllm/v1/chat/completions (Caused by ReadTimeoutError("HTTPSConnectionPool(host=\'game.agaii.org\', port=443): Read timed out. (read timeout=180)"))'))
[ReasonBench] marked_unscorable example_id=ARC-Challenge:train:Mercury_7154648 strategy=direct error_records=240
[ReasonBench] error example_id=ARC-Challenge:train:Mercury_7154648 strategy=least_to_most error=ConnectionError(MaxRetryError('HTTPSConnectionPool(host=\'game.agaii.org\', port=443): Max retries exceeded with url: /mllm/v1/chat/completions (Caused by ReadTimeoutError("HTTPSConnectionPool(host=\'game.agaii.org\', port=443): Read timed out. (read timeout=180)"))'))
[ReasonBench] marked_unscorable example_id=ARC-Challenge:train:Mercury_7154648 strategy=least_to_most error_records=241
[ReasonBench] error example_id=ARC-Challenge:train:Mercury_7154648 strategy=constraint_decompose error=ConnectionError(MaxRetryError('HTTPSConnectionPool(host=\'game.agaii.org\', port=443): Max retries exceeded with url: /mllm/v1/chat/completions (Caused by ReadTimeoutError("HTTPSConnectionPool(host=\'game.agaii.org\', port=443): Read timed out. (read timeout=180)"))'))
[ReasonBench] marked_unscorable example_id=ARC-Challenge:train:Mercury_7154648 strategy=constraint_decompose error_records=242
[ReasonBench] error example_id=ARC-Challenge:train:Mercury_7154648 strategy=self_verify error=ConnectionError(MaxRetryError('HTTPSConnectionPool(host=\'game.agaii.org\', port=443): Max retries exceeded with url: /mllm/v1/chat/completions (Caused by ReadTimeoutError("HTTPSConnectionPool(host=\'game.agaii.org\', port=443): Read timed out. (read timeout=180)"))'))
[ReasonBench] marked_unscorable example_id=ARC-Challenge:train:Mercury_7154648 strategy=self_verify error_records=243
[ReasonBench] error example_id=ARC-Challenge:train:Mercury_7154648 strategy=critique_refine error=ConnectionError(MaxRetryError('HTTPSConnectionPool(host=\'game.agaii.org\', port=443): Max retries exceeded with url: /mllm/v1/chat/completions (Caused by ReadTimeoutError("HTTPSConnectionPool(host=\'game.agaii.org\', port=443): Read timed out. (read timeout=180)"))'))
[ReasonBench] marked_unscorable example_id=ARC-Challenge:train:Mercury_7154648 strategy=critique_refine error_records=244
[ReasonBench] error example_id=ARC-Challenge:train:Mercury_7154648 strategy=self_consistency error=ConnectionError(MaxRetryError('HTTPSConnectionPool(host=\'game.agaii.org\', port=443): Max retries exceeded with url: /mllm/v1/chat/completions (Caused by ReadTimeoutError("HTTPSConnectionPool(host=\'game.agaii.org\', port=443): Read timed out. (read timeout=180)"))'))
[ReasonBench] marked_unscorable example_id=ARC-Challenge:train:Mercury_7154648 strategy=self_consistency error_records=245
[ReasonBench] error example_id=ARC-Challenge:train:Mercury_7154648 strategy=selective_self_consistency error=ConnectionError(MaxRetryError('HTTPSConnectionPool(host=\'game.agaii.org\', port=443): Max retries exceeded with url: /mllm/v1/chat/completions (Caused by ReadTimeoutError("HTTPSConnectionPool(host=\'game.agaii.org\', port=443): Read timed out. (read timeout=180)"))'))
[ReasonBench] marked_unscorable example_id=ARC-Challenge:train:Mercury_7154648 strategy=selective_self_consistency error_records=246
[ReasonBench] error example_id=ARC-Challenge:train:Mercury_7154648 strategy=budgeted_cascade error=ConnectionError(MaxRetryError('HTTPSConnectionPool(host=\'game.agaii.org\', port=443): Max retries exceeded with url: /mllm/v1/chat/completions (Caused by ReadTimeoutError("HTTPSConnectionPool(host=\'game.agaii.org\', port=443): Read timed out. (read timeout=180)"))'))
[ReasonBench] marked_unscorable example_id=ARC-Challenge:train:Mercury_7154648 strategy=budgeted_cascade error_records=247
[ReasonBench] error example_id=ARC-Challenge:train:Mercury_7154648 strategy=few_shot_exemplar error=ConnectionError(MaxRetryError('HTTPSConnectionPool(host=\'game.agaii.org\', port=443): Max retries exceeded with url: /mllm/v1/chat/completions (Caused by ReadTimeoutError("HTTPSConnectionPool(host=\'game.agaii.org\', port=443): Read timed out. (read timeout=180)"))'))
[ReasonBench] marked_unscorable example_id=ARC-Challenge:train:Mercury_7154648 strategy=few_shot_exemplar error_records=248
[ReasonBench] error example_id=ARC-Challenge:train:AKDE&ED_2008_4_21 strategy=concise_cot error=ConnectionError(MaxRetryError('HTTPSConnectionPool(host=\'game.agaii.org\', port=443): Max retries exceeded with url: /mllm/v1/chat/completions (Caused by ReadTimeoutError("HTTPSConnectionPool(host=\'game.agaii.org\', port=443): Read timed out. (read timeout=180)"))'))
[ReasonBench] marked_unscorable example_id=ARC-Challenge:train:AKDE&ED_2008_4_21 strategy=concise_cot error_records=249
[ReasonBench] error example_id=ARC-Challenge:train:AKDE&ED_2008_4_21 strategy=least_to_most error=ConnectionError(MaxRetryError('HTTPSConnectionPool(host=\'game.agaii.org\', port=443): Max retries exceeded with url: /mllm/v1/chat/completions (Caused by ReadTimeoutError("HTTPSConnectionPool(host=\'game.agaii.org\', port=443): Read timed out. (read timeout=180)"))'))
[ReasonBench] marked_unscorable example_id=ARC-Challenge:train:AKDE&ED_2008_4_21 strategy=least_to_most error_records=250
[ReasonBench] error example_id=ARC-Challenge:train:AKDE&ED_2008_4_21 strategy=constraint_decompose error=ConnectionError(MaxRetryError('HTTPSConnectionPool(host=\'game.agaii.org\', port=443): Max retries exceeded with url: /mllm/v1/chat/completions (Caused by ReadTimeoutError("HTTPSConnectionPool(host=\'game.agaii.org\', port=443): Read timed out. (read timeout=180)"))'))
[ReasonBench] marked_unscorable example_id=ARC-Challenge:train:AKDE&ED_2008_4_21 strategy=constraint_decompose error_records=251
[ReasonBench] error example_id=ARC-Challenge:train:AKDE&ED_2008_4_21 strategy=self_verify error=ConnectionError(MaxRetryError('HTTPSConnectionPool(host=\'game.agaii.org\', port=443): Max retries exceeded with url: /mllm/v1/chat/completions (Caused by ReadTimeoutError("HTTPSConnectionPool(host=\'game.agaii.org\', port=443): Read timed out. (read timeout=180)"))'))
[ReasonBench] marked_unscorable example_id=ARC-Challenge:train:AKDE&ED_2008_4_21 strategy=self_verify error_records=252
[ReasonBench] error example_id=ARC-Challenge:train:AKDE&ED_2008_4_21 strategy=critique_refine error=ConnectionError(MaxRetryError('HTTPSConnectionPool(host=\'game.agaii.org\', port=443): Max retries exceeded with url: /mllm/v1/chat/completions (Caused by ReadTimeoutError("HTTPSConnectionPool(host=\'game.agaii.org\', port=443): Read timed out. (read timeout=180)"))'))
[ReasonBench] marked_unscorable example_id=ARC-Challenge:train:AKDE&ED_2008_4_21 strategy=critique_refine error_records=253
[ReasonBench] error example_id=ARC-Challenge:train:AKDE&ED_2008_4_21 strategy=self_consistency error=ConnectionError(MaxRetryError('HTTPSConnectionPool(host=\'game.agaii.org\', port=443): Max retries exceeded with url: /mllm/v1/chat/completions (Caused by ReadTimeoutError("HTTPSConnectionPool(host=\'game.agaii.org\', port=443): Read timed out. (read timeout=180)"))'))
[ReasonBench] marked_unscorable example_id=ARC-Challenge:train:AKDE&ED_2008_4_21 strategy=self_consistency error_records=254
[ReasonBench] error example_id=ARC-Challenge:train:AKDE&ED_2008_4_21 strategy=selective_self_consistency error=ConnectionError(MaxRetryError('HTTPSConnectionPool(host=\'game.agaii.org\', port=443): Max retries exceeded with url: /mllm/v1/chat/completions (Caused by ReadTimeoutError("HTTPSConnectionPool(host=\'game.agaii.org\', port=443): Read timed out. (read timeout=180)"))'))
[ReasonBench] marked_unscorable example_id=ARC-Challenge:train:AKDE&ED_2008_4_21 strategy=selective_self_consistency error_records=255
[ReasonBench] error example_id=ARC-Challenge:train:AKDE&ED_2008_4_21 strategy=few_shot_exemplar error=ConnectionError(MaxRetryError('HTTPSConnectionPool(host=\'game.agaii.org\', port=443): Max retries exceeded with url: /mllm/v1/chat/completions (Caused by ReadTimeoutError("HTTPSConnectionPool(host=\'game.agaii.org\', port=443): Read timed out. (read timeout=180)"))'))
[ReasonBench] marked_unscorable example_id=ARC-Challenge:train:AKDE&ED_2008_4_21 strategy=few_shot_exemplar error_records=256
[ReasonBench] error example_id=ARC-Challenge:train:Mercury_7108973 strategy=direct error=ConnectionError(MaxRetryError('HTTPSConnectionPool(host=\'game.agaii.org\', port=443): Max retries exceeded with url: /mllm/v1/chat/completions (Caused by ReadTimeoutError("HTTPSConnectionPool(host=\'game.agaii.org\', port=443): Read timed out. (read timeout=180)"))'))
[ReasonBench] marked_unscorable example_id=ARC-Challenge:train:Mercury_7108973 strategy=direct error_records=257
[ReasonBench] error example_id=ARC-Challenge:train:Mercury_7108973 strategy=concise_cot error=ConnectionError(MaxRetryError('HTTPSConnectionPool(host=\'game.agaii.org\', port=443): Max retries exceeded with url: /mllm/v1/chat/completions (Caused by ReadTimeoutError("HTTPSConnectionPool(host=\'game.agaii.org\', port=443): Read timed out. (read timeout=180)"))'))
[ReasonBench] marked_unscorable example_id=ARC-Challenge:train:Mercury_7108973 strategy=concise_cot error_records=258
[ReasonBench] error example_id=ARC-Challenge:train:Mercury_7108973 strategy=least_to_most error=ConnectionError(MaxRetryError('HTTPSConnectionPool(host=\'game.agaii.org\', port=443): Max retries exceeded with url: /mllm/v1/chat/completions (Caused by ReadTimeoutError("HTTPSConnectionPool(host=\'game.agaii.org\', port=443): Read timed out. (read timeout=180)"))'))
[ReasonBench] marked_unscorable example_id=ARC-Challenge:train:Mercury_7108973 strategy=least_to_most error_records=259
[ReasonBench] error example_id=ARC-Challenge:train:Mercury_7108973 strategy=constraint_decompose error=ConnectionError(MaxRetryError('HTTPSConnectionPool(host=\'game.agaii.org\', port=443): Max retries exceeded with url: /mllm/v1/chat/completions (Caused by ReadTimeoutError("HTTPSConnectionPool(host=\'game.agaii.org\', port=443): Read timed out. (read timeout=180)"))'))
[ReasonBench] marked_unscorable example_id=ARC-Challenge:train:Mercury_7108973 strategy=constraint_decompose error_records=260
[ReasonBench] error example_id=ARC-Challenge:train:Mercury_7108973 strategy=self_verify error=ConnectionError(MaxRetryError('HTTPSConnectionPool(host=\'game.agaii.org\', port=443): Max retries exceeded with url: /mllm/v1/chat/completions (Caused by ReadTimeoutError("HTTPSConnectionPool(host=\'game.agaii.org\', port=443): Read timed out. (read timeout=180)"))'))
[ReasonBench] marked_unscorable example_id=ARC-Challenge:train:Mercury_7108973 strategy=self_verify error_records=261
[ReasonBench] error example_id=ARC-Challenge:train:Mercury_7108973 strategy=critique_refine error=ConnectionError(MaxRetryError('HTTPSConnectionPool(host=\'game.agaii.org\', port=443): Max retries exceeded with url: /mllm/v1/chat/completions (Caused by ReadTimeoutError("HTTPSConnectionPool(host=\'game.agaii.org\', port=443): Read timed out. (read timeout=180)"))'))
[ReasonBench] marked_unscorable example_id=ARC-Challenge:train:Mercury_7108973 strategy=critique_refine error_records=262
[ReasonBench] error example_id=ARC-Challenge:train:Mercury_7108973 strategy=self_consistency error=ConnectionError(MaxRetryError('HTTPSConnectionPool(host=\'game.agaii.org\', port=443): Max retries exceeded with url: /mllm/v1/chat/completions (Caused by ReadTimeoutError("HTTPSConnectionPool(host=\'game.agaii.org\', port=443): Read timed out. (read timeout=180)"))'))
[ReasonBench] marked_unscorable example_id=ARC-Challenge:train:Mercury_7108973 strategy=self_consistency error_records=263
[ReasonBench] error example_id=ARC-Challenge:train:Mercury_7108973 strategy=selective_self_consistency error=ConnectionError(MaxRetryError('HTTPSConnectionPool(host=\'game.agaii.org\', port=443): Max retries exceeded with url: /mllm/v1/chat/completions (Caused by ReadTimeoutError("HTTPSConnectionPool(host=\'game.agaii.org\', port=443): Read timed out. (read timeout=180)"))'))
[ReasonBench] marked_unscorable example_id=ARC-Challenge:train:Mercury_7108973 strategy=selective_self_consistency error_records=264
[ReasonBench] error example_id=ARC-Challenge:train:Mercury_7108973 strategy=few_shot_exemplar error=ConnectionError(MaxRetryError('HTTPSConnectionPool(host=\'game.agaii.org\', port=443): Max retries exceeded with url: /mllm/v1/chat/completions (Caused by ReadTimeoutError("HTTPSConnectionPool(host=\'game.agaii.org\', port=443): Read timed out. (read timeout=180)"))'))
[ReasonBench] marked_unscorable example_id=ARC-Challenge:train:Mercury_7108973 strategy=few_shot_exemplar error_records=265
[ReasonBench] error example_id=ARC-Challenge:train:Mercury_7143185 strategy=direct error=ConnectionError(MaxRetryError('HTTPSConnectionPool(host=\'game.agaii.org\', port=443): Max retries exceeded with url: /mllm/v1/chat/completions (Caused by ReadTimeoutError("HTTPSConnectionPool(host=\'game.agaii.org\', port=443): Read timed out. (read timeout=180)"))'))
[ReasonBench] marked_unscorable example_id=ARC-Challenge:train:Mercury_7143185 strategy=direct error_records=266
[ReasonBench] error example_id=ARC-Challenge:train:Mercury_7143185 strategy=concise_cot error=ConnectionError(MaxRetryError('HTTPSConnectionPool(host=\'game.agaii.org\', port=443): Max retries exceeded with url: /mllm/v1/chat/completions (Caused by ReadTimeoutError("HTTPSConnectionPool(host=\'game.agaii.org\', port=443): Read timed out. (read timeout=180)"))'))
[ReasonBench] marked_unscorable example_id=ARC-Challenge:train:Mercury_7143185 strategy=concise_cot error_records=267
[ReasonBench] error example_id=ARC-Challenge:train:Mercury_7143185 strategy=least_to_most error=ConnectionError(MaxRetryError('HTTPSConnectionPool(host=\'game.agaii.org\', port=443): Max retries exceeded with url: /mllm/v1/chat/completions (Caused by ReadTimeoutError("HTTPSConnectionPool(host=\'game.agaii.org\', port=443): Read timed out. (read timeout=180)"))'))
[ReasonBench] marked_unscorable example_id=ARC-Challenge:train:Mercury_7143185 strategy=least_to_most error_records=268
[ReasonBench] error example_id=ARC-Challenge:train:Mercury_7143185 strategy=constraint_decompose error=ConnectionError(MaxRetryError('HTTPSConnectionPool(host=\'game.agaii.org\', port=443): Max retries exceeded with url: /mllm/v1/chat/completions (Caused by ReadTimeoutError("HTTPSConnectionPool(host=\'game.agaii.org\', port=443): Read timed out. (read timeout=180)"))'))
[ReasonBench] marked_unscorable example_id=ARC-Challenge:train:Mercury_7143185 strategy=constraint_decompose error_records=269
[ReasonBench] error example_id=ARC-Challenge:train:Mercury_7143185 strategy=self_verify error=ConnectionError(MaxRetryError('HTTPSConnectionPool(host=\'game.agaii.org\', port=443): Max retries exceeded with url: /mllm/v1/chat/completions (Caused by ReadTimeoutError("HTTPSConnectionPool(host=\'game.agaii.org\', port=443): Read timed out. (read timeout=180)"))'))
[ReasonBench] marked_unscorable example_id=ARC-Challenge:train:Mercury_7143185 strategy=self_verify error_records=270
[ReasonBench] error example_id=ARC-Challenge:train:Mercury_7143185 strategy=critique_refine error=ConnectionError(MaxRetryError('HTTPSConnectionPool(host=\'game.agaii.org\', port=443): Max retries exceeded with url: /mllm/v1/chat/completions (Caused by ReadTimeoutError("HTTPSConnectionPool(host=\'game.agaii.org\', port=443): Read timed out. (read timeout=180)"))'))
[ReasonBench] marked_unscorable example_id=ARC-Challenge:train:Mercury_7143185 strategy=critique_refine error_records=271
[ReasonBench] error example_id=ARC-Challenge:train:Mercury_7143185 strategy=self_consistency error=ConnectionError(MaxRetryError('HTTPSConnectionPool(host=\'game.agaii.org\', port=443): Max retries exceeded with url: /mllm/v1/chat/completions (Caused by ReadTimeoutError("HTTPSConnectionPool(host=\'game.agaii.org\', port=443): Read timed out. (read timeout=180)"))'))
[ReasonBench] marked_unscorable example_id=ARC-Challenge:train:Mercury_7143185 strategy=self_consistency error_records=272
[ReasonBench] error example_id=ARC-Challenge:train:Mercury_7143185 strategy=selective_self_consistency error=ConnectionError(MaxRetryError('HTTPSConnectionPool(host=\'game.agaii.org\', port=443): Max retries exceeded with url: /mllm/v1/chat/completions (Caused by ReadTimeoutError("HTTPSConnectionPool(host=\'game.agaii.org\', port=443): Read timed out. (read timeout=180)"))'))
[ReasonBench] marked_unscorable example_id=ARC-Challenge:train:Mercury_7143185 strategy=selective_self_consistency error_records=273
[ReasonBench] error example_id=ARC-Challenge:train:Mercury_7143185 strategy=budgeted_cascade error=ConnectionError(MaxRetryError('HTTPSConnectionPool(host=\'game.agaii.org\', port=443): Max retries exceeded with url: /mllm/v1/chat/completions (Caused by ReadTimeoutError("HTTPSConnectionPool(host=\'game.agaii.org\', port=443): Read timed out. (read timeout=180)"))'))
[ReasonBench] marked_unscorable example_id=ARC-Challenge:train:Mercury_7143185 strategy=budgeted_cascade error_records=274
[ReasonBench] error example_id=ARC-Challenge:train:Mercury_7143185 strategy=few_shot_exemplar error=ConnectionError(MaxRetryError('HTTPSConnectionPool(host=\'game.agaii.org\', port=443): Max retries exceeded with url: /mllm/v1/chat/completions (Caused by ReadTimeoutError("HTTPSConnectionPool(host=\'game.agaii.org\', port=443): Read timed out. (read timeout=180)"))'))
[ReasonBench] marked_unscorable example_id=ARC-Challenge:train:Mercury_7143185 strategy=few_shot_exemplar error_records=275
[ReasonBench] error example_id=ARC-Challenge:train:Mercury_7024483 strategy=direct error=ConnectionError(MaxRetryError('HTTPSConnectionPool(host=\'game.agaii.org\', port=443): Max retries exceeded with url: /mllm/v1/chat/completions (Caused by ReadTimeoutError("HTTPSConnectionPool(host=\'game.agaii.org\', port=443): Read timed out. (read timeout=180)"))'))
[ReasonBench] marked_unscorable example_id=ARC-Challenge:train:Mercury_7024483 strategy=direct error_records=276
[ReasonBench] error example_id=ARC-Challenge:train:Mercury_7024483 strategy=concise_cot error=ConnectionError(MaxRetryError('HTTPSConnectionPool(host=\'game.agaii.org\', port=443): Max retries exceeded with url: /mllm/v1/chat/completions (Caused by ReadTimeoutError("HTTPSConnectionPool(host=\'game.agaii.org\', port=443): Read timed out. (read timeout=180)"))'))
[ReasonBench] marked_unscorable example_id=ARC-Challenge:train:Mercury_7024483 strategy=concise_cot error_records=277
[ReasonBench] error example_id=ARC-Challenge:train:Mercury_7024483 strategy=least_to_most error=ConnectionError(MaxRetryError('HTTPSConnectionPool(host=\'game.agaii.org\', port=443): Max retries exceeded with url: /mllm/v1/chat/completions (Caused by ReadTimeoutError("HTTPSConnectionPool(host=\'game.agaii.org\', port=443): Read timed out. (read timeout=180)"))'))
[ReasonBench] marked_unscorable example_id=ARC-Challenge:train:Mercury_7024483 strategy=least_to_most error_records=278
[ReasonBench] error example_id=ARC-Challenge:train:Mercury_7024483 strategy=constraint_decompose error=ConnectionError(MaxRetryError('HTTPSConnectionPool(host=\'game.agaii.org\', port=443): Max retries exceeded with url: /mllm/v1/chat/completions (Caused by ReadTimeoutError("HTTPSConnectionPool(host=\'game.agaii.org\', port=443): Read timed out. (read timeout=180)"))'))
[ReasonBench] marked_unscorable example_id=ARC-Challenge:train:Mercury_7024483 strategy=constraint_decompose error_records=279
[ReasonBench] error example_id=ARC-Challenge:train:Mercury_7024483 strategy=self_verify error=ConnectionError(MaxRetryError('HTTPSConnectionPool(host=\'game.agaii.org\', port=443): Max retries exceeded with url: /mllm/v1/chat/completions (Caused by ReadTimeoutError("HTTPSConnectionPool(host=\'game.agaii.org\', port=443): Read timed out. (read timeout=180)"))'))
[ReasonBench] marked_unscorable example_id=ARC-Challenge:train:Mercury_7024483 strategy=self_verify error_records=280
[ReasonBench] error example_id=ARC-Challenge:train:Mercury_7024483 strategy=critique_refine error=ConnectionError(MaxRetryError('HTTPSConnectionPool(host=\'game.agaii.org\', port=443): Max retries exceeded with url: /mllm/v1/chat/completions (Caused by ReadTimeoutError("HTTPSConnectionPool(host=\'game.agaii.org\', port=443): Read timed out. (read timeout=180)"))'))
[ReasonBench] marked_unscorable example_id=ARC-Challenge:train:Mercury_7024483 strategy=critique_refine error_records=281
[ReasonBench] error example_id=ARC-Challenge:train:Mercury_7024483 strategy=self_consistency error=ConnectionError(MaxRetryError('HTTPSConnectionPool(host=\'game.agaii.org\', port=443): Max retries exceeded with url: /mllm/v1/chat/completions (Caused by ReadTimeoutError("HTTPSConnectionPool(host=\'game.agaii.org\', port=443): Read timed out. (read timeout=180)"))'))
[ReasonBench] marked_unscorable example_id=ARC-Challenge:train:Mercury_7024483 strategy=self_consistency error_records=282
[ReasonBench] error example_id=ARC-Challenge:train:Mercury_7024483 strategy=selective_self_consistency error=ConnectionError(MaxRetryError('HTTPSConnectionPool(host=\'game.agaii.org\', port=443): Max retries exceeded with url: /mllm/v1/chat/completions (Caused by ReadTimeoutError("HTTPSConnectionPool(host=\'game.agaii.org\', port=443): Read timed out. (read timeout=180)"))'))
[ReasonBench] marked_unscorable example_id=ARC-Challenge:train:Mercury_7024483 strategy=selective_self_consistency error_records=283
[ReasonBench] error example_id=ARC-Challenge:train:Mercury_7024483 strategy=budgeted_cascade error=ConnectionError(MaxRetryError('HTTPSConnectionPool(host=\'game.agaii.org\', port=443): Max retries exceeded with url: /mllm/v1/chat/completions (Caused by ReadTimeoutError("HTTPSConnectionPool(host=\'game.agaii.org\', port=443): Read timed out. (read timeout=180)"))'))
[ReasonBench] marked_unscorable example_id=ARC-Challenge:train:Mercury_7024483 strategy=budgeted_cascade error_records=284
[ReasonBench] error example_id=ARC-Challenge:train:Mercury_7024483 strategy=few_shot_exemplar error=ConnectionError(MaxRetryError('HTTPSConnectionPool(host=\'game.agaii.org\', port=443): Max retries exceeded with url: /mllm/v1/chat/completions (Caused by ReadTimeoutError("HTTPSConnectionPool(host=\'game.agaii.org\', port=443): Read timed out. (read timeout=180)"))'))
[ReasonBench] marked_unscorable example_id=ARC-Challenge:train:Mercury_7024483 strategy=few_shot_exemplar error_records=285
[ReasonBench] error example_id=ARC-Challenge:train:Mercury_407675 strategy=direct error=ConnectionError(MaxRetryError('HTTPSConnectionPool(host=\'game.agaii.org\', port=443): Max retries exceeded with url: /mllm/v1/chat/completions (Caused by ReadTimeoutError("HTTPSConnectionPool(host=\'game.agaii.org\', port=443): Read timed out. (read timeout=180)"))'))
[ReasonBench] marked_unscorable example_id=ARC-Challenge:train:Mercury_407675 strategy=direct error_records=286
[ReasonBench] error example_id=ARC-Challenge:train:Mercury_407675 strategy=concise_cot error=ConnectionError(MaxRetryError('HTTPSConnectionPool(host=\'game.agaii.org\', port=443): Max retries exceeded with url: /mllm/v1/chat/completions (Caused by ReadTimeoutError("HTTPSConnectionPool(host=\'game.agaii.org\', port=443): Read timed out. (read timeout=180)"))'))
[ReasonBench] marked_unscorable example_id=ARC-Challenge:train:Mercury_407675 strategy=concise_cot error_records=287
[ReasonBench] error example_id=ARC-Challenge:train:Mercury_407675 strategy=least_to_most error=ConnectionError(MaxRetryError('HTTPSConnectionPool(host=\'game.agaii.org\', port=443): Max retries exceeded with url: /mllm/v1/chat/completions (Caused by ReadTimeoutError("HTTPSConnectionPool(host=\'game.agaii.org\', port=443): Read timed out. (read timeout=180)"))'))
[ReasonBench] marked_unscorable example_id=ARC-Challenge:train:Mercury_407675 strategy=least_to_most error_records=288
[ReasonBench] error example_id=ARC-Challenge:train:Mercury_407675 strategy=constraint_decompose error=ConnectionError(MaxRetryError('HTTPSConnectionPool(host=\'game.agaii.org\', port=443): Max retries exceeded with url: /mllm/v1/chat/completions (Caused by ReadTimeoutError("HTTPSConnectionPool(host=\'game.agaii.org\', port=443): Read timed out. (read timeout=180)"))'))
[ReasonBench] marked_unscorable example_id=ARC-Challenge:train:Mercury_407675 strategy=constraint_decompose error_records=289
[ReasonBench] error example_id=ARC-Challenge:train:Mercury_407675 strategy=self_verify error=ConnectionError(MaxRetryError('HTTPSConnectionPool(host=\'game.agaii.org\', port=443): Max retries exceeded with url: /mllm/v1/chat/completions (Caused by ReadTimeoutError("HTTPSConnectionPool(host=\'game.agaii.org\', port=443): Read timed out. (read timeout=180)"))'))
[ReasonBench] marked_unscorable example_id=ARC-Challenge:train:Mercury_407675 strategy=self_verify error_records=290
[ReasonBench] progress total=414/77870 (0.53%) new=389/77845 elapsed_s=97461.7
[ReasonBench] progress total=803/77870 (1.03%) new=778/77845 elapsed_s=102707.9
[ReasonBench] progress total=1192/77870 (1.53%) new=1167/77845 elapsed_s=108228.5
[ReasonBench] progress total=1581/77870 (2.03%) new=1556/77845 elapsed_s=113756.3
[ReasonBench] progress total=1970/77870 (2.53%) new=1945/77845 elapsed_s=118756.3
[ReasonBench] progress total=2359/77870 (3.03%) new=2334/77845 elapsed_s=124007.8
[ReasonBench] progress total=2748/77870 (3.53%) new=2723/77845 elapsed_s=129083.8
[ReasonBench] progress total=3137/77870 (4.03%) new=3112/77845 elapsed_s=134025.5
[ReasonBench] progress total=3526/77870 (4.53%) new=3501/77845 elapsed_s=139233.9
[ReasonBench] progress total=3915/77870 (5.03%) new=3890/77845 elapsed_s=144206.9
[ReasonBench] error example_id=ARC-Challenge:train:MCAS_2008_8_5711 strategy=direct error=ConnectionError(MaxRetryError('HTTPSConnectionPool(host=\'game.agaii.org\', port=443): Max retries exceeded with url: /mllm/v1/chat/completions (Caused by ReadTimeoutError("HTTPSConnectionPool(host=\'game.agaii.org\', port=443): Read timed out. (read timeout=180)"))'))
[ReasonBench] marked_unscorable example_id=ARC-Challenge:train:MCAS_2008_8_5711 strategy=direct error_records=291
[ReasonBench] error example_id=ARC-Challenge:train:MCAS_2008_8_5711 strategy=concise_cot error=ConnectionError(MaxRetryError('HTTPSConnectionPool(host=\'game.agaii.org\', port=443): Max retries exceeded with url: /mllm/v1/chat/completions (Caused by ReadTimeoutError("HTTPSConnectionPool(host=\'game.agaii.org\', port=443): Read timed out. (read timeout=180)"))'))
[ReasonBench] marked_unscorable example_id=ARC-Challenge:train:MCAS_2008_8_5711 strategy=concise_cot error_records=292
[ReasonBench] error example_id=ARC-Challenge:train:MCAS_2008_8_5711 strategy=least_to_most error=ConnectionError(MaxRetryError('HTTPSConnectionPool(host=\'game.agaii.org\', port=443): Max retries exceeded with url: /mllm/v1/chat/completions (Caused by ReadTimeoutError("HTTPSConnectionPool(host=\'game.agaii.org\', port=443): Read timed out. (read timeout=180)"))'))
[ReasonBench] marked_unscorable example_id=ARC-Challenge:train:MCAS_2008_8_5711 strategy=least_to_most error_records=293
[ReasonBench] error example_id=ARC-Challenge:train:MCAS_2008_8_5711 strategy=constraint_decompose error=ConnectionError(MaxRetryError('HTTPSConnectionPool(host=\'game.agaii.org\', port=443): Max retries exceeded with url: /mllm/v1/chat/completions (Caused by ReadTimeoutError("HTTPSConnectionPool(host=\'game.agaii.org\', port=443): Read timed out. (read timeout=180)"))'))
[ReasonBench] marked_unscorable example_id=ARC-Challenge:train:MCAS_2008_8_5711 strategy=constraint_decompose error_records=294
[ReasonBench] error example_id=ARC-Challenge:train:MCAS_2008_8_5711 strategy=self_verify error=ConnectionError(MaxRetryError('HTTPSConnectionPool(host=\'game.agaii.org\', port=443): Max retries exceeded with url: /mllm/v1/chat/completions (Caused by ReadTimeoutError("HTTPSConnectionPool(host=\'game.agaii.org\', port=443): Read timed out. (read timeout=180)"))'))
[ReasonBench] marked_unscorable example_id=ARC-Challenge:train:MCAS_2008_8_5711 strategy=self_verify error_records=295
[ReasonBench] error example_id=ARC-Challenge:train:MCAS_2008_8_5711 strategy=critique_refine error=ConnectionError(MaxRetryError('HTTPSConnectionPool(host=\'game.agaii.org\', port=443): Max retries exceeded with url: /mllm/v1/chat/completions (Caused by ReadTimeoutError("HTTPSConnectionPool(host=\'game.agaii.org\', port=443): Read timed out. (read timeout=180)"))'))
[ReasonBench] marked_unscorable example_id=ARC-Challenge:train:MCAS_2008_8_5711 strategy=critique_refine error_records=296
[ReasonBench] error example_id=ARC-Challenge:train:MCAS_2008_8_5711 strategy=self_consistency error=ConnectionError(MaxRetryError('HTTPSConnectionPool(host=\'game.agaii.org\', port=443): Max retries exceeded with url: /mllm/v1/chat/completions (Caused by ReadTimeoutError("HTTPSConnectionPool(host=\'game.agaii.org\', port=443): Read timed out. (read timeout=180)"))'))
[ReasonBench] marked_unscorable example_id=ARC-Challenge:train:MCAS_2008_8_5711 strategy=self_consistency error_records=297
[ReasonBench] error example_id=ARC-Challenge:train:MCAS_2008_8_5711 strategy=selective_self_consistency error=ConnectionError(MaxRetryError('HTTPSConnectionPool(host=\'game.agaii.org\', port=443): Max retries exceeded with url: /mllm/v1/chat/completions (Caused by ReadTimeoutError("HTTPSConnectionPool(host=\'game.agaii.org\', port=443): Read timed out. (read timeout=180)"))'))
[ReasonBench] marked_unscorable example_id=ARC-Challenge:train:MCAS_2008_8_5711 strategy=selective_self_consistency error_records=298
[ReasonBench] error example_id=ARC-Challenge:train:MCAS_2008_8_5711 strategy=budgeted_cascade error=ConnectionError(MaxRetryError('HTTPSConnectionPool(host=\'game.agaii.org\', port=443): Max retries exceeded with url: /mllm/v1/chat/completions (Caused by ReadTimeoutError("HTTPSConnectionPool(host=\'game.agaii.org\', port=443): Read timed out. (read timeout=180)"))'))
[ReasonBench] marked_unscorable example_id=ARC-Challenge:train:MCAS_2008_8_5711 strategy=budgeted_cascade error_records=299
[ReasonBench] error example_id=ARC-Challenge:train:MCAS_2008_8_5711 strategy=few_shot_exemplar error=ConnectionError(MaxRetryError('HTTPSConnectionPool(host=\'game.agaii.org\', port=443): Max retries exceeded with url: /mllm/v1/chat/completions (Caused by ReadTimeoutError("HTTPSConnectionPool(host=\'game.agaii.org\', port=443): Read timed out. (read timeout=180)"))'))
[ReasonBench] marked_unscorable example_id=ARC-Challenge:train:MCAS_2008_8_5711 strategy=few_shot_exemplar error_records=300
[ReasonBench] error example_id=ARC-Challenge:train:Mercury_7009923 strategy=direct error=ConnectionError(MaxRetryError('HTTPSConnectionPool(host=\'game.agaii.org\', port=443): Max retries exceeded with url: /mllm/v1/chat/completions (Caused by ReadTimeoutError("HTTPSConnectionPool(host=\'game.agaii.org\', port=443): Read timed out. (read timeout=180)"))'))
[ReasonBench] marked_unscorable example_id=ARC-Challenge:train:Mercury_7009923 strategy=direct error_records=301
[ReasonBench] error example_id=ARC-Challenge:train:Mercury_7009923 strategy=concise_cot error=ConnectionError(MaxRetryError('HTTPSConnectionPool(host=\'game.agaii.org\', port=443): Max retries exceeded with url: /mllm/v1/chat/completions (Caused by ReadTimeoutError("HTTPSConnectionPool(host=\'game.agaii.org\', port=443): Read timed out. (read timeout=180)"))'))
[ReasonBench] marked_unscorable example_id=ARC-Challenge:train:Mercury_7009923 strategy=concise_cot error_records=302
[ReasonBench] error example_id=ARC-Challenge:train:Mercury_7009923 strategy=least_to_most error=ConnectionError(MaxRetryError('HTTPSConnectionPool(host=\'game.agaii.org\', port=443): Max retries exceeded with url: /mllm/v1/chat/completions (Caused by ReadTimeoutError("HTTPSConnectionPool(host=\'game.agaii.org\', port=443): Read timed out. (read timeout=180)"))'))
[ReasonBench] marked_unscorable example_id=ARC-Challenge:train:Mercury_7009923 strategy=least_to_most error_records=303
[ReasonBench] error example_id=ARC-Challenge:train:Mercury_7009923 strategy=constraint_decompose error=ConnectionError(MaxRetryError('HTTPSConnectionPool(host=\'game.agaii.org\', port=443): Max retries exceeded with url: /mllm/v1/chat/completions (Caused by ReadTimeoutError("HTTPSConnectionPool(host=\'game.agaii.org\', port=443): Read timed out. (read timeout=180)"))'))
[ReasonBench] marked_unscorable example_id=ARC-Challenge:train:Mercury_7009923 strategy=constraint_decompose error_records=304
[ReasonBench] error example_id=ARC-Challenge:train:Mercury_7009923 strategy=self_verify error=ConnectionError(MaxRetryError('HTTPSConnectionPool(host=\'game.agaii.org\', port=443): Max retries exceeded with url: /mllm/v1/chat/completions (Caused by ReadTimeoutError("HTTPSConnectionPool(host=\'game.agaii.org\', port=443): Read timed out. (read timeout=180)"))'))
[ReasonBench] marked_unscorable example_id=ARC-Challenge:train:Mercury_7009923 strategy=self_verify error_records=305
[ReasonBench] error example_id=ARC-Challenge:train:Mercury_7009923 strategy=critique_refine error=ConnectionError(MaxRetryError('HTTPSConnectionPool(host=\'game.agaii.org\', port=443): Max retries exceeded with url: /mllm/v1/chat/completions (Caused by ReadTimeoutError("HTTPSConnectionPool(host=\'game.agaii.org\', port=443): Read timed out. (read timeout=180)"))'))
[ReasonBench] marked_unscorable example_id=ARC-Challenge:train:Mercury_7009923 strategy=critique_refine error_records=306
[ReasonBench] error example_id=ARC-Challenge:train:Mercury_7009923 strategy=self_consistency error=ConnectionError(MaxRetryError('HTTPSConnectionPool(host=\'game.agaii.org\', port=443): Max retries exceeded with url: /mllm/v1/chat/completions (Caused by ReadTimeoutError("HTTPSConnectionPool(host=\'game.agaii.org\', port=443): Read timed out. (read timeout=180)"))'))
[ReasonBench] marked_unscorable example_id=ARC-Challenge:train:Mercury_7009923 strategy=self_consistency error_records=307
[ReasonBench] error example_id=ARC-Challenge:train:Mercury_7009923 strategy=selective_self_consistency error=ConnectionError(MaxRetryError('HTTPSConnectionPool(host=\'game.agaii.org\', port=443): Max retries exceeded with url: /mllm/v1/chat/completions (Caused by ReadTimeoutError("HTTPSConnectionPool(host=\'game.agaii.org\', port=443): Read timed out. (read timeout=180)"))'))
[ReasonBench] marked_unscorable example_id=ARC-Challenge:train:Mercury_7009923 strategy=selective_self_consistency error_records=308
[ReasonBench] error example_id=ARC-Challenge:train:Mercury_7009923 strategy=budgeted_cascade error=ConnectionError(MaxRetryError('HTTPSConnectionPool(host=\'game.agaii.org\', port=443): Max retries exceeded with url: /mllm/v1/chat/completions (Caused by ReadTimeoutError("HTTPSConnectionPool(host=\'game.agaii.org\', port=443): Read timed out. (read timeout=180)"))'))
[ReasonBench] marked_unscorable example_id=ARC-Challenge:train:Mercury_7009923 strategy=budgeted_cascade error_records=309
[ReasonBench] error example_id=ARC-Challenge:train:Mercury_7009923 strategy=few_shot_exemplar error=ConnectionError(MaxRetryError('HTTPSConnectionPool(host=\'game.agaii.org\', port=443): Max retries exceeded with url: /mllm/v1/chat/completions (Caused by ReadTimeoutError("HTTPSConnectionPool(host=\'game.agaii.org\', port=443): Read timed out. (read timeout=180)"))'))
[ReasonBench] marked_unscorable example_id=ARC-Challenge:train:Mercury_7009923 strategy=few_shot_exemplar error_records=310
[ReasonBench] error example_id=ARC-Challenge:train:Mercury_SC_413300 strategy=direct error=ConnectionError(MaxRetryError('HTTPSConnectionPool(host=\'game.agaii.org\', port=443): Max retries exceeded with url: /mllm/v1/chat/completions (Caused by ReadTimeoutError("HTTPSConnectionPool(host=\'game.agaii.org\', port=443): Read timed out. (read timeout=180)"))'))
[ReasonBench] marked_unscorable example_id=ARC-Challenge:train:Mercury_SC_413300 strategy=direct error_records=311
[ReasonBench] error example_id=ARC-Challenge:train:Mercury_SC_413300 strategy=concise_cot error=ConnectionError(MaxRetryError('HTTPSConnectionPool(host=\'game.agaii.org\', port=443): Max retries exceeded with url: /mllm/v1/chat/completions (Caused by ReadTimeoutError("HTTPSConnectionPool(host=\'game.agaii.org\', port=443): Read timed out. (read timeout=180)"))'))
[ReasonBench] marked_unscorable example_id=ARC-Challenge:train:Mercury_SC_413300 strategy=concise_cot error_records=312
[ReasonBench] error example_id=ARC-Challenge:train:Mercury_SC_413300 strategy=least_to_most error=ConnectionError(MaxRetryError('HTTPSConnectionPool(host=\'game.agaii.org\', port=443): Max retries exceeded with url: /mllm/v1/chat/completions (Caused by ReadTimeoutError("HTTPSConnectionPool(host=\'game.agaii.org\', port=443): Read timed out. (read timeout=180)"))'))
[ReasonBench] marked_unscorable example_id=ARC-Challenge:train:Mercury_SC_413300 strategy=least_to_most error_records=313
[ReasonBench] error example_id=ARC-Challenge:train:Mercury_SC_413300 strategy=constraint_decompose error=ConnectionError(MaxRetryError('HTTPSConnectionPool(host=\'game.agaii.org\', port=443): Max retries exceeded with url: /mllm/v1/chat/completions (Caused by ReadTimeoutError("HTTPSConnectionPool(host=\'game.agaii.org\', port=443): Read timed out. (read timeout=180)"))'))
[ReasonBench] marked_unscorable example_id=ARC-Challenge:train:Mercury_SC_413300 strategy=constraint_decompose error_records=314
[ReasonBench] error example_id=ARC-Challenge:train:Mercury_SC_413300 strategy=critique_refine error=ConnectionError(MaxRetryError('HTTPSConnectionPool(host=\'game.agaii.org\', port=443): Max retries exceeded with url: /mllm/v1/chat/completions (Caused by ReadTimeoutError("HTTPSConnectionPool(host=\'game.agaii.org\', port=443): Read timed out. (read timeout=180)"))'))
[ReasonBench] marked_unscorable example_id=ARC-Challenge:train:Mercury_SC_413300 strategy=critique_refine error_records=315
[ReasonBench] error example_id=ARC-Challenge:train:Mercury_SC_413300 strategy=self_verify error=ConnectionError(MaxRetryError('HTTPSConnectionPool(host=\'game.agaii.org\', port=443): Max retries exceeded with url: /mllm/v1/chat/completions (Caused by ReadTimeoutError("HTTPSConnectionPool(host=\'game.agaii.org\', port=443): Read timed out. (read timeout=180)"))'))
[ReasonBench] marked_unscorable example_id=ARC-Challenge:train:Mercury_SC_413300 strategy=self_verify error_records=316
[ReasonBench] error example_id=ARC-Challenge:train:Mercury_SC_413300 strategy=self_consistency error=ConnectionError(MaxRetryError('HTTPSConnectionPool(host=\'game.agaii.org\', port=443): Max retries exceeded with url: /mllm/v1/chat/completions (Caused by ReadTimeoutError("HTTPSConnectionPool(host=\'game.agaii.org\', port=443): Read timed out. (read timeout=180)"))'))
[ReasonBench] marked_unscorable example_id=ARC-Challenge:train:Mercury_SC_413300 strategy=self_consistency error_records=317
[ReasonBench] error example_id=ARC-Challenge:train:Mercury_SC_413300 strategy=selective_self_consistency error=ConnectionError(MaxRetryError('HTTPSConnectionPool(host=\'game.agaii.org\', port=443): Max retries exceeded with url: /mllm/v1/chat/completions (Caused by ReadTimeoutError("HTTPSConnectionPool(host=\'game.agaii.org\', port=443): Read timed out. (read timeout=180)"))'))
[ReasonBench] marked_unscorable example_id=ARC-Challenge:train:Mercury_SC_413300 strategy=selective_self_consistency error_records=318
[ReasonBench] error example_id=ARC-Challenge:train:Mercury_SC_413300 strategy=budgeted_cascade error=ConnectionError(MaxRetryError('HTTPSConnectionPool(host=\'game.agaii.org\', port=443): Max retries exceeded with url: /mllm/v1/chat/completions (Caused by ReadTimeoutError("HTTPSConnectionPool(host=\'game.agaii.org\', port=443): Read timed out. (read timeout=180)"))'))
[ReasonBench] marked_unscorable example_id=ARC-Challenge:train:Mercury_SC_413300 strategy=budgeted_cascade error_records=319
[ReasonBench] error example_id=ARC-Challenge:train:Mercury_SC_413300 strategy=few_shot_exemplar error=ConnectionError(MaxRetryError('HTTPSConnectionPool(host=\'game.agaii.org\', port=443): Max retries exceeded with url: /mllm/v1/chat/completions (Caused by ReadTimeoutError("HTTPSConnectionPool(host=\'game.agaii.org\', port=443): Read timed out. (read timeout=180)"))'))
[ReasonBench] marked_unscorable example_id=ARC-Challenge:train:Mercury_SC_413300 strategy=few_shot_exemplar error_records=320
[ReasonBench] error example_id=ARC-Challenge:train:Mercury_7033863 strategy=least_to_most error=ConnectionError(MaxRetryError('HTTPSConnectionPool(host=\'game.agaii.org\', port=443): Max retries exceeded with url: /mllm/v1/chat/completions (Caused by ReadTimeoutError("HTTPSConnectionPool(host=\'game.agaii.org\', port=443): Read timed out. (read timeout=180)"))'))
[ReasonBench] marked_unscorable example_id=ARC-Challenge:train:Mercury_7033863 strategy=least_to_most error_records=321
[ReasonBench] error example_id=ARC-Challenge:train:Mercury_7033863 strategy=constraint_decompose error=ConnectionError(MaxRetryError('HTTPSConnectionPool(host=\'game.agaii.org\', port=443): Max retries exceeded with url: /mllm/v1/chat/completions (Caused by ReadTimeoutError("HTTPSConnectionPool(host=\'game.agaii.org\', port=443): Read timed out. (read timeout=180)"))'))
[ReasonBench] marked_unscorable example_id=ARC-Challenge:train:Mercury_7033863 strategy=constraint_decompose error_records=322
[ReasonBench] error example_id=ARC-Challenge:train:Mercury_7033863 strategy=self_verify error=ConnectionError(MaxRetryError('HTTPSConnectionPool(host=\'game.agaii.org\', port=443): Max retries exceeded with url: /mllm/v1/chat/completions (Caused by ReadTimeoutError("HTTPSConnectionPool(host=\'game.agaii.org\', port=443): Read timed out. (read timeout=180)"))'))
[ReasonBench] marked_unscorable example_id=ARC-Challenge:train:Mercury_7033863 strategy=self_verify error_records=323
[ReasonBench] error example_id=ARC-Challenge:train:Mercury_7033863 strategy=critique_refine error=ConnectionError(MaxRetryError('HTTPSConnectionPool(host=\'game.agaii.org\', port=443): Max retries exceeded with url: /mllm/v1/chat/completions (Caused by ReadTimeoutError("HTTPSConnectionPool(host=\'game.agaii.org\', port=443): Read timed out. (read timeout=180)"))'))
[ReasonBench] marked_unscorable example_id=ARC-Challenge:train:Mercury_7033863 strategy=critique_refine error_records=324
[ReasonBench] error example_id=ARC-Challenge:train:Mercury_7033863 strategy=self_consistency error=ConnectionError(MaxRetryError('HTTPSConnectionPool(host=\'game.agaii.org\', port=443): Max retries exceeded with url: /mllm/v1/chat/completions (Caused by ReadTimeoutError("HTTPSConnectionPool(host=\'game.agaii.org\', port=443): Read timed out. (read timeout=180)"))'))
[ReasonBench] marked_unscorable example_id=ARC-Challenge:train:Mercury_7033863 strategy=self_consistency error_records=325
[ReasonBench] error example_id=ARC-Challenge:train:Mercury_7033863 strategy=selective_self_consistency error=ConnectionError(MaxRetryError('HTTPSConnectionPool(host=\'game.agaii.org\', port=443): Max retries exceeded with url: /mllm/v1/chat/completions (Caused by ReadTimeoutError("HTTPSConnectionPool(host=\'game.agaii.org\', port=443): Read timed out. (read timeout=180)"))'))
[ReasonBench] marked_unscorable example_id=ARC-Challenge:train:Mercury_7033863 strategy=selective_self_consistency error_records=326
[ReasonBench] error example_id=ARC-Challenge:train:Mercury_7033863 strategy=few_shot_exemplar error=ConnectionError(MaxRetryError('HTTPSConnectionPool(host=\'game.agaii.org\', port=443): Max retries exceeded with url: /mllm/v1/chat/completions (Caused by ReadTimeoutError("HTTPSConnectionPool(host=\'game.agaii.org\', port=443): Read timed out. (read timeout=180)"))'))
[ReasonBench] marked_unscorable example_id=ARC-Challenge:train:Mercury_7033863 strategy=few_shot_exemplar error_records=327
[ReasonBench] error example_id=ARC-Challenge:train:Mercury_7185448 strategy=direct error=ConnectionError(MaxRetryError('HTTPSConnectionPool(host=\'game.agaii.org\', port=443): Max retries exceeded with url: /mllm/v1/chat/completions (Caused by ReadTimeoutError("HTTPSConnectionPool(host=\'game.agaii.org\', port=443): Read timed out. (read timeout=180)"))'))
[ReasonBench] marked_unscorable example_id=ARC-Challenge:train:Mercury_7185448 strategy=direct error_records=328
[ReasonBench] error example_id=ARC-Challenge:train:Mercury_7185448 strategy=concise_cot error=ConnectionError(MaxRetryError('HTTPSConnectionPool(host=\'game.agaii.org\', port=443): Max retries exceeded with url: /mllm/v1/chat/completions (Caused by ReadTimeoutError("HTTPSConnectionPool(host=\'game.agaii.org\', port=443): Read timed out. (read timeout=180)"))'))
[ReasonBench] marked_unscorable example_id=ARC-Challenge:train:Mercury_7185448 strategy=concise_cot error_records=329
[ReasonBench] error example_id=ARC-Challenge:train:Mercury_7185448 strategy=least_to_most error=ConnectionError(MaxRetryError('HTTPSConnectionPool(host=\'game.agaii.org\', port=443): Max retries exceeded with url: /mllm/v1/chat/completions (Caused by ReadTimeoutError("HTTPSConnectionPool(host=\'game.agaii.org\', port=443): Read timed out. (read timeout=180)"))'))
[ReasonBench] marked_unscorable example_id=ARC-Challenge:train:Mercury_7185448 strategy=least_to_most error_records=330
[ReasonBench] error example_id=ARC-Challenge:train:Mercury_7185448 strategy=constraint_decompose error=ConnectionError(MaxRetryError('HTTPSConnectionPool(host=\'game.agaii.org\', port=443): Max retries exceeded with url: /mllm/v1/chat/completions (Caused by ReadTimeoutError("HTTPSConnectionPool(host=\'game.agaii.org\', port=443): Read timed out. (read timeout=180)"))'))
[ReasonBench] marked_unscorable example_id=ARC-Challenge:train:Mercury_7185448 strategy=constraint_decompose error_records=331
[ReasonBench] error example_id=ARC-Challenge:train:Mercury_7185448 strategy=self_verify error=ConnectionError(MaxRetryError('HTTPSConnectionPool(host=\'game.agaii.org\', port=443): Max retries exceeded with url: /mllm/v1/chat/completions (Caused by ReadTimeoutError("HTTPSConnectionPool(host=\'game.agaii.org\', port=443): Read timed out. (read timeout=180)"))'))
[ReasonBench] marked_unscorable example_id=ARC-Challenge:train:Mercury_7185448 strategy=self_verify error_records=332
[ReasonBench] error example_id=ARC-Challenge:train:Mercury_7185448 strategy=critique_refine error=ConnectionError(MaxRetryError('HTTPSConnectionPool(host=\'game.agaii.org\', port=443): Max retries exceeded with url: /mllm/v1/chat/completions (Caused by ReadTimeoutError("HTTPSConnectionPool(host=\'game.agaii.org\', port=443): Read timed out. (read timeout=180)"))'))
[ReasonBench] marked_unscorable example_id=ARC-Challenge:train:Mercury_7185448 strategy=critique_refine error_records=333
[ReasonBench] error example_id=ARC-Challenge:train:Mercury_7185448 strategy=selective_self_consistency error=ConnectionError(MaxRetryError('HTTPSConnectionPool(host=\'game.agaii.org\', port=443): Max retries exceeded with url: /mllm/v1/chat/completions (Caused by ReadTimeoutError("HTTPSConnectionPool(host=\'game.agaii.org\', port=443): Read timed out. (read timeout=180)"))'))
[ReasonBench] marked_unscorable example_id=ARC-Challenge:train:Mercury_7185448 strategy=selective_self_consistency error_records=334
[ReasonBench] error example_id=ARC-Challenge:train:Mercury_7185448 strategy=budgeted_cascade error=ConnectionError(MaxRetryError('HTTPSConnectionPool(host=\'game.agaii.org\', port=443): Max retries exceeded with url: /mllm/v1/chat/completions (Caused by ReadTimeoutError("HTTPSConnectionPool(host=\'game.agaii.org\', port=443): Read timed out. (read timeout=180)"))'))
[ReasonBench] marked_unscorable example_id=ARC-Challenge:train:Mercury_7185448 strategy=budgeted_cascade error_records=335
[ReasonBench] error example_id=ARC-Challenge:train:Mercury_7185448 strategy=few_shot_exemplar error=ConnectionError(MaxRetryError('HTTPSConnectionPool(host=\'game.agaii.org\', port=443): Max retries exceeded with url: /mllm/v1/chat/completions (Caused by ReadTimeoutError("HTTPSConnectionPool(host=\'game.agaii.org\', port=443): Read timed out. (read timeout=180)"))'))
[ReasonBench] marked_unscorable example_id=ARC-Challenge:train:Mercury_7185448 strategy=few_shot_exemplar error_records=336
[ReasonBench] error example_id=ARC-Challenge:train:MCAS_2013_5_29408 strategy=direct error=ConnectionError(MaxRetryError('HTTPSConnectionPool(host=\'game.agaii.org\', port=443): Max retries exceeded with url: /mllm/v1/chat/completions (Caused by ReadTimeoutError("HTTPSConnectionPool(host=\'game.agaii.org\', port=443): Read timed out. (read timeout=180)"))'))
[ReasonBench] marked_unscorable example_id=ARC-Challenge:train:MCAS_2013_5_29408 strategy=direct error_records=337
[ReasonBench] error example_id=ARC-Challenge:train:MCAS_2013_5_29408 strategy=concise_cot error=ConnectionError(MaxRetryError('HTTPSConnectionPool(host=\'game.agaii.org\', port=443): Max retries exceeded with url: /mllm/v1/chat/completions (Caused by ReadTimeoutError("HTTPSConnectionPool(host=\'game.agaii.org\', port=443): Read timed out. (read timeout=180)"))'))
[ReasonBench] marked_unscorable example_id=ARC-Challenge:train:MCAS_2013_5_29408 strategy=concise_cot error_records=338
[ReasonBench] error example_id=ARC-Challenge:train:MCAS_2013_5_29408 strategy=least_to_most error=ConnectionError(MaxRetryError('HTTPSConnectionPool(host=\'game.agaii.org\', port=443): Max retries exceeded with url: /mllm/v1/chat/completions (Caused by ReadTimeoutError("HTTPSConnectionPool(host=\'game.agaii.org\', port=443): Read timed out. (read timeout=180)"))'))
[ReasonBench] marked_unscorable example_id=ARC-Challenge:train:MCAS_2013_5_29408 strategy=least_to_most error_records=339
[ReasonBench] error example_id=ARC-Challenge:train:MCAS_2013_5_29408 strategy=constraint_decompose error=ConnectionError(MaxRetryError('HTTPSConnectionPool(host=\'game.agaii.org\', port=443): Max retries exceeded with url: /mllm/v1/chat/completions (Caused by ReadTimeoutError("HTTPSConnectionPool(host=\'game.agaii.org\', port=443): Read timed out. (read timeout=180)"))'))
[ReasonBench] marked_unscorable example_id=ARC-Challenge:train:MCAS_2013_5_29408 strategy=constraint_decompose error_records=340
[ReasonBench] error example_id=ARC-Challenge:train:MCAS_2013_5_29408 strategy=self_verify error=ConnectionError(MaxRetryError('HTTPSConnectionPool(host=\'game.agaii.org\', port=443): Max retries exceeded with url: /mllm/v1/chat/completions (Caused by ReadTimeoutError("HTTPSConnectionPool(host=\'game.agaii.org\', port=443): Read timed out. (read timeout=180)"))'))
[ReasonBench] marked_unscorable example_id=ARC-Challenge:train:MCAS_2013_5_29408 strategy=self_verify error_records=341
[ReasonBench] error example_id=ARC-Challenge:train:MCAS_2013_5_29408 strategy=critique_refine error=ConnectionError(MaxRetryError('HTTPSConnectionPool(host=\'game.agaii.org\', port=443): Max retries exceeded with url: /mllm/v1/chat/completions (Caused by ReadTimeoutError("HTTPSConnectionPool(host=\'game.agaii.org\', port=443): Read timed out. (read timeout=180)"))'))
[ReasonBench] marked_unscorable example_id=ARC-Challenge:train:MCAS_2013_5_29408 strategy=critique_refine error_records=342
[ReasonBench] error example_id=ARC-Challenge:train:MCAS_2013_5_29408 strategy=self_consistency error=ConnectionError(MaxRetryError('HTTPSConnectionPool(host=\'game.agaii.org\', port=443): Max retries exceeded with url: /mllm/v1/chat/completions (Caused by ReadTimeoutError("HTTPSConnectionPool(host=\'game.agaii.org\', port=443): Read timed out. (read timeout=180)"))'))
[ReasonBench] marked_unscorable example_id=ARC-Challenge:train:MCAS_2013_5_29408 strategy=self_consistency error_records=343
[ReasonBench] error example_id=ARC-Challenge:train:MCAS_2013_5_29408 strategy=selective_self_consistency error=ConnectionError(MaxRetryError('HTTPSConnectionPool(host=\'game.agaii.org\', port=443): Max retries exceeded with url: /mllm/v1/chat/completions (Caused by ReadTimeoutError("HTTPSConnectionPool(host=\'game.agaii.org\', port=443): Read timed out. (read timeout=180)"))'))
[ReasonBench] marked_unscorable example_id=ARC-Challenge:train:MCAS_2013_5_29408 strategy=selective_self_consistency error_records=344
[ReasonBench] error example_id=ARC-Challenge:train:MCAS_2013_5_29408 strategy=budgeted_cascade error=ConnectionError(MaxRetryError('HTTPSConnectionPool(host=\'game.agaii.org\', port=443): Max retries exceeded with url: /mllm/v1/chat/completions (Caused by ReadTimeoutError("HTTPSConnectionPool(host=\'game.agaii.org\', port=443): Read timed out. (read timeout=180)"))'))
[ReasonBench] marked_unscorable example_id=ARC-Challenge:train:MCAS_2013_5_29408 strategy=budgeted_cascade error_records=345
[ReasonBench] error example_id=ARC-Challenge:train:MCAS_2013_5_29408 strategy=few_shot_exemplar error=ConnectionError(MaxRetryError('HTTPSConnectionPool(host=\'game.agaii.org\', port=443): Max retries exceeded with url: /mllm/v1/chat/completions (Caused by ReadTimeoutError("HTTPSConnectionPool(host=\'game.agaii.org\', port=443): Read timed out. (read timeout=180)"))'))
[ReasonBench] marked_unscorable example_id=ARC-Challenge:train:MCAS_2013_5_29408 strategy=few_shot_exemplar error_records=346
[ReasonBench] error example_id=ARC-Challenge:train:Mercury_7234430 strategy=direct error=ConnectionError(MaxRetryError('HTTPSConnectionPool(host=\'game.agaii.org\', port=443): Max retries exceeded with url: /mllm/v1/chat/completions (Caused by ReadTimeoutError("HTTPSConnectionPool(host=\'game.agaii.org\', port=443): Read timed out. (read timeout=180)"))'))
[ReasonBench] marked_unscorable example_id=ARC-Challenge:train:Mercury_7234430 strategy=direct error_records=347
[ReasonBench] error example_id=ARC-Challenge:train:Mercury_7234430 strategy=concise_cot error=ConnectionError(MaxRetryError('HTTPSConnectionPool(host=\'game.agaii.org\', port=443): Max retries exceeded with url: /mllm/v1/chat/completions (Caused by ReadTimeoutError("HTTPSConnectionPool(host=\'game.agaii.org\', port=443): Read timed out. (read timeout=180)"))'))
[ReasonBench] marked_unscorable example_id=ARC-Challenge:train:Mercury_7234430 strategy=concise_cot error_records=348
[ReasonBench] error example_id=ARC-Challenge:train:Mercury_7234430 strategy=least_to_most error=ConnectionError(MaxRetryError('HTTPSConnectionPool(host=\'game.agaii.org\', port=443): Max retries exceeded with url: /mllm/v1/chat/completions (Caused by ReadTimeoutError("HTTPSConnectionPool(host=\'game.agaii.org\', port=443): Read timed out. (read timeout=180)"))'))
[ReasonBench] marked_unscorable example_id=ARC-Challenge:train:Mercury_7234430 strategy=least_to_most error_records=349
[ReasonBench] error example_id=ARC-Challenge:train:Mercury_7234430 strategy=constraint_decompose error=ConnectionError(MaxRetryError('HTTPSConnectionPool(host=\'game.agaii.org\', port=443): Max retries exceeded with url: /mllm/v1/chat/completions (Caused by ReadTimeoutError("HTTPSConnectionPool(host=\'game.agaii.org\', port=443): Read timed out. (read timeout=180)"))'))
[ReasonBench] marked_unscorable example_id=ARC-Challenge:train:Mercury_7234430 strategy=constraint_decompose error_records=350
[ReasonBench] error example_id=ARC-Challenge:train:Mercury_7234430 strategy=self_verify error=ConnectionError(MaxRetryError('HTTPSConnectionPool(host=\'game.agaii.org\', port=443): Max retries exceeded with url: /mllm/v1/chat/completions (Caused by ReadTimeoutError("HTTPSConnectionPool(host=\'game.agaii.org\', port=443): Read timed out. (read timeout=180)"))'))
[ReasonBench] marked_unscorable example_id=ARC-Challenge:train:Mercury_7234430 strategy=self_verify error_records=351
[ReasonBench] error example_id=ARC-Challenge:train:Mercury_7234430 strategy=critique_refine error=ConnectionError(MaxRetryError('HTTPSConnectionPool(host=\'game.agaii.org\', port=443): Max retries exceeded with url: /mllm/v1/chat/completions (Caused by ReadTimeoutError("HTTPSConnectionPool(host=\'game.agaii.org\', port=443): Read timed out. (read timeout=180)"))'))
[ReasonBench] marked_unscorable example_id=ARC-Challenge:train:Mercury_7234430 strategy=critique_refine error_records=352
[ReasonBench] error example_id=ARC-Challenge:train:Mercury_7234430 strategy=self_consistency error=ConnectionError(MaxRetryError('HTTPSConnectionPool(host=\'game.agaii.org\', port=443): Max retries exceeded with url: /mllm/v1/chat/completions (Caused by ReadTimeoutError("HTTPSConnectionPool(host=\'game.agaii.org\', port=443): Read timed out. (read timeout=180)"))'))
[ReasonBench] marked_unscorable example_id=ARC-Challenge:train:Mercury_7234430 strategy=self_consistency error_records=353
[ReasonBench] error example_id=ARC-Challenge:train:Mercury_7234430 strategy=selective_self_consistency error=ConnectionError(MaxRetryError('HTTPSConnectionPool(host=\'game.agaii.org\', port=443): Max retries exceeded with url: /mllm/v1/chat/completions (Caused by ReadTimeoutError("HTTPSConnectionPool(host=\'game.agaii.org\', port=443): Read timed out. (read timeout=180)"))'))
[ReasonBench] marked_unscorable example_id=ARC-Challenge:train:Mercury_7234430 strategy=selective_self_consistency error_records=354
[ReasonBench] error example_id=ARC-Challenge:train:Mercury_7234430 strategy=budgeted_cascade error=ConnectionError(MaxRetryError('HTTPSConnectionPool(host=\'game.agaii.org\', port=443): Max retries exceeded with url: /mllm/v1/chat/completions (Caused by ReadTimeoutError("HTTPSConnectionPool(host=\'game.agaii.org\', port=443): Read timed out. (read timeout=180)"))'))
[ReasonBench] marked_unscorable example_id=ARC-Challenge:train:Mercury_7234430 strategy=budgeted_cascade error_records=355
[ReasonBench] error example_id=ARC-Challenge:train:Mercury_7234430 strategy=few_shot_exemplar error=ConnectionError(MaxRetryError('HTTPSConnectionPool(host=\'game.agaii.org\', port=443): Max retries exceeded with url: /mllm/v1/chat/completions (Caused by ReadTimeoutError("HTTPSConnectionPool(host=\'game.agaii.org\', port=443): Read timed out. (read timeout=180)"))'))
[ReasonBench] marked_unscorable example_id=ARC-Challenge:train:Mercury_7234430 strategy=few_shot_exemplar error_records=356
[ReasonBench] error example_id=ARC-Challenge:train:ACTAAP_2009_7_11 strategy=direct error=ConnectionError(MaxRetryError('HTTPSConnectionPool(host=\'game.agaii.org\', port=443): Max retries exceeded with url: /mllm/v1/chat/completions (Caused by ReadTimeoutError("HTTPSConnectionPool(host=\'game.agaii.org\', port=443): Read timed out. (read timeout=180)"))'))
[ReasonBench] marked_unscorable example_id=ARC-Challenge:train:ACTAAP_2009_7_11 strategy=direct error_records=357
[ReasonBench] error example_id=ARC-Challenge:train:ACTAAP_2009_7_11 strategy=concise_cot error=ConnectionError(MaxRetryError('HTTPSConnectionPool(host=\'game.agaii.org\', port=443): Max retries exceeded with url: /mllm/v1/chat/completions (Caused by ReadTimeoutError("HTTPSConnectionPool(host=\'game.agaii.org\', port=443): Read timed out. (read timeout=180)"))'))
[ReasonBench] marked_unscorable example_id=ARC-Challenge:train:ACTAAP_2009_7_11 strategy=concise_cot error_records=358
[ReasonBench] error example_id=ARC-Challenge:train:ACTAAP_2009_7_11 strategy=least_to_most error=ConnectionError(MaxRetryError('HTTPSConnectionPool(host=\'game.agaii.org\', port=443): Max retries exceeded with url: /mllm/v1/chat/completions (Caused by ReadTimeoutError("HTTPSConnectionPool(host=\'game.agaii.org\', port=443): Read timed out. (read timeout=180)"))'))
[ReasonBench] marked_unscorable example_id=ARC-Challenge:train:ACTAAP_2009_7_11 strategy=least_to_most error_records=359
[ReasonBench] error example_id=ARC-Challenge:train:ACTAAP_2009_7_11 strategy=constraint_decompose error=ConnectionError(MaxRetryError('HTTPSConnectionPool(host=\'game.agaii.org\', port=443): Max retries exceeded with url: /mllm/v1/chat/completions (Caused by ReadTimeoutError("HTTPSConnectionPool(host=\'game.agaii.org\', port=443): Read timed out. (read timeout=180)"))'))
[ReasonBench] marked_unscorable example_id=ARC-Challenge:train:ACTAAP_2009_7_11 strategy=constraint_decompose error_records=360
[ReasonBench] error example_id=ARC-Challenge:train:ACTAAP_2009_7_11 strategy=self_verify error=ConnectTimeout(MaxRetryError("HTTPSConnectionPool(host='game.agaii.org', port=443): Max retries exceeded with url: /mllm/v1/chat/completions (Caused by ConnectTimeoutError(<urllib3.connection.HTTPSConnection object at 0x77c7ee6763c0>, 'Connection to game.agaii.org timed out. (connect timeout=180)'))"))
[ReasonBench] marked_unscorable example_id=ARC-Challenge:train:ACTAAP_2009_7_11 strategy=self_verify error_records=361
[ReasonBench] error example_id=ARC-Challenge:train:ACTAAP_2009_7_11 strategy=critique_refine error=ConnectionError(MaxRetryError("HTTPSConnectionPool(host='game.agaii.org', port=443): Max retries exceeded with url: /mllm/v1/chat/completions (Caused by NewConnectionError('<urllib3.connection.HTTPSConnection object at 0x77c7ee6b8410>: Failed to establish a new connection: [Errno 113] No route to host'))"))
[ReasonBench] marked_unscorable example_id=ARC-Challenge:train:ACTAAP_2009_7_11 strategy=critique_refine error_records=362
[ReasonBench] error example_id=ARC-Challenge:train:ACTAAP_2009_7_11 strategy=selective_self_consistency error=ConnectionError(MaxRetryError("HTTPSConnectionPool(host='game.agaii.org', port=443): Max retries exceeded with url: /mllm/v1/chat/completions (Caused by NewConnectionError('<urllib3.connection.HTTPSConnection object at 0x77c7ee6b8f80>: Failed to establish a new connection: [Errno 113] No route to host'))"))
[ReasonBench] marked_unscorable example_id=ARC-Challenge:train:ACTAAP_2009_7_11 strategy=selective_self_consistency error_records=363
[ReasonBench] error example_id=ARC-Challenge:train:ACTAAP_2009_7_11 strategy=self_consistency error=ConnectionError(MaxRetryError("HTTPSConnectionPool(host='game.agaii.org', port=443): Max retries exceeded with url: /mllm/v1/chat/completions (Caused by NewConnectionError('<urllib3.connection.HTTPSConnection object at 0x77c7ee6b9d00>: Failed to establish a new connection: [Errno 113] No route to host'))"))
[ReasonBench] marked_unscorable example_id=ARC-Challenge:train:ACTAAP_2009_7_11 strategy=self_consistency error_records=364
[ReasonBench] error example_id=ARC-Challenge:train:ACTAAP_2009_7_11 strategy=budgeted_cascade error=ConnectionError(MaxRetryError("HTTPSConnectionPool(host='game.agaii.org', port=443): Max retries exceeded with url: /mllm/v1/chat/completions (Caused by NewConnectionError('<urllib3.connection.HTTPSConnection object at 0x77c7ee6ba480>: Failed to establish a new connection: [Errno 113] No route to host'))"))
[ReasonBench] marked_unscorable example_id=ARC-Challenge:train:ACTAAP_2009_7_11 strategy=budgeted_cascade error_records=365
[ReasonBench] error example_id=ARC-Challenge:train:ACTAAP_2009_7_11 strategy=few_shot_exemplar error=ConnectionError(MaxRetryError("HTTPSConnectionPool(host='game.agaii.org', port=443): Max retries exceeded with url: /mllm/v1/chat/completions (Caused by NewConnectionError('<urllib3.connection.HTTPSConnection object at 0x77c7ee6bb410>: Failed to establish a new connection: [Errno 113] No route to host'))"))
[ReasonBench] marked_unscorable example_id=ARC-Challenge:train:ACTAAP_2009_7_11 strategy=few_shot_exemplar error_records=366
[ReasonBench] error example_id=ARC-Challenge:train:Mercury_7228043 strategy=concise_cot error=ConnectionError(MaxRetryError("HTTPSConnectionPool(host='game.agaii.org', port=443): Max retries exceeded with url: /mllm/v1/chat/completions (Caused by NewConnectionError('<urllib3.connection.HTTPSConnection object at 0x77c7ee6bbf50>: Failed to establish a new connection: [Errno 113] No route to host'))"))
[ReasonBench] marked_unscorable example_id=ARC-Challenge:train:Mercury_7228043 strategy=concise_cot error_records=367
[ReasonBench] error example_id=ARC-Challenge:train:Mercury_7228043 strategy=direct error=ConnectTimeout(MaxRetryError("HTTPSConnectionPool(host='game.agaii.org', port=443): Max retries exceeded with url: /mllm/v1/chat/completions (Caused by ConnectTimeoutError(<urllib3.connection.HTTPSConnection object at 0x77c7ee6bb260>, 'Connection to game.agaii.org timed out. (connect timeout=180)'))"))
[ReasonBench] marked_unscorable example_id=ARC-Challenge:train:Mercury_7228043 strategy=direct error_records=368
[ReasonBench] error example_id=ARC-Challenge:train:Mercury_7228043 strategy=constraint_decompose error=ConnectionError(MaxRetryError("HTTPSConnectionPool(host='game.agaii.org', port=443): Max retries exceeded with url: /mllm/v1/chat/completions (Caused by NewConnectionError('<urllib3.connection.HTTPSConnection object at 0x77c7ee6f52b0>: Failed to establish a new connection: [Errno 113] No route to host'))"))
[ReasonBench] marked_unscorable example_id=ARC-Challenge:train:Mercury_7228043 strategy=constraint_decompose error_records=369
[ReasonBench] error example_id=ARC-Challenge:train:Mercury_7228043 strategy=self_verify error=ConnectionError(MaxRetryError("HTTPSConnectionPool(host='game.agaii.org', port=443): Max retries exceeded with url: /mllm/v1/chat/completions (Caused by NewConnectionError('<urllib3.connection.HTTPSConnection object at 0x77c7ee6f5e80>: Failed to establish a new connection: [Errno 113] No route to host'))"))
[ReasonBench] marked_unscorable example_id=ARC-Challenge:train:Mercury_7228043 strategy=self_verify error_records=370
[ReasonBench] error example_id=ARC-Challenge:train:Mercury_7228043 strategy=critique_refine error=ConnectionError(MaxRetryError("HTTPSConnectionPool(host='game.agaii.org', port=443): Max retries exceeded with url: /mllm/v1/chat/completions (Caused by NewConnectionError('<urllib3.connection.HTTPSConnection object at 0x77c7ee6f69c0>: Failed to establish a new connection: [Errno 113] No route to host'))"))
[ReasonBench] marked_unscorable example_id=ARC-Challenge:train:Mercury_7228043 strategy=critique_refine error_records=371
[ReasonBench] error example_id=ARC-Challenge:train:Mercury_7228043 strategy=self_consistency error=ConnectionError(MaxRetryError("HTTPSConnectionPool(host='game.agaii.org', port=443): Max retries exceeded with url: /mllm/v1/chat/completions (Caused by NewConnectionError('<urllib3.connection.HTTPSConnection object at 0x77c7ee6f7560>: Failed to establish a new connection: [Errno 113] No route to host'))"))
[ReasonBench] marked_unscorable example_id=ARC-Challenge:train:Mercury_7228043 strategy=self_consistency error_records=372
[ReasonBench] error example_id=ARC-Challenge:train:Mercury_7228043 strategy=least_to_most error=ConnectTimeout(MaxRetryError("HTTPSConnectionPool(host='game.agaii.org', port=443): Max retries exceeded with url: /mllm/v1/chat/completions (Caused by ConnectTimeoutError(<urllib3.connection.HTTPSConnection object at 0x77c7ee6f6000>, 'Connection to game.agaii.org timed out. (connect timeout=180)'))"))
[ReasonBench] marked_unscorable example_id=ARC-Challenge:train:Mercury_7228043 strategy=least_to_most error_records=373
[ReasonBench] error example_id=ARC-Challenge:train:Mercury_7228043 strategy=selective_self_consistency error=ConnectTimeout(MaxRetryError("HTTPSConnectionPool(host='game.agaii.org', port=443): Max retries exceeded with url: /mllm/v1/chat/completions (Caused by ConnectTimeoutError(<urllib3.connection.HTTPSConnection object at 0x77c7ee5380e0>, 'Connection to game.agaii.org timed out. (connect timeout=180)'))"))
[ReasonBench] marked_unscorable example_id=ARC-Challenge:train:Mercury_7228043 strategy=selective_self_consistency error_records=374
[ReasonBench] error example_id=ARC-Challenge:train:Mercury_7228043 strategy=few_shot_exemplar error=ConnectionError(MaxRetryError("HTTPSConnectionPool(host='game.agaii.org', port=443): Max retries exceeded with url: /mllm/v1/chat/completions (Caused by NewConnectionError('<urllib3.connection.HTTPSConnection object at 0x77c7ee539400>: Failed to establish a new connection: [Errno 113] No route to host'))"))
[ReasonBench] marked_unscorable example_id=ARC-Challenge:train:Mercury_7228043 strategy=few_shot_exemplar error_records=375
[ReasonBench] error example_id=ARC-Challenge:train:Mercury_7071943 strategy=direct error=ConnectionError(MaxRetryError("HTTPSConnectionPool(host='game.agaii.org', port=443): Max retries exceeded with url: /mllm/v1/chat/completions (Caused by NewConnectionError('<urllib3.connection.HTTPSConnection object at 0x77c7ee539f70>: Failed to establish a new connection: [Errno 113] No route to host'))"))
[ReasonBench] marked_unscorable example_id=ARC-Challenge:train:Mercury_7071943 strategy=direct error_records=376
[ReasonBench] error example_id=ARC-Challenge:train:Mercury_7228043 strategy=budgeted_cascade error=ConnectionError(MaxRetryError("HTTPSConnectionPool(host='game.agaii.org', port=443): Max retries exceeded with url: /mllm/v1/chat/completions (Caused by NewConnectionError('<urllib3.connection.HTTPSConnection object at 0x77c7ee53a7b0>: Failed to establish a new connection: [Errno 113] No route to host'))"))
[ReasonBench] marked_unscorable example_id=ARC-Challenge:train:Mercury_7228043 strategy=budgeted_cascade error_records=377
[ReasonBench] error example_id=ARC-Challenge:train:Mercury_7071943 strategy=least_to_most error=ConnectionError(MaxRetryError("HTTPSConnectionPool(host='game.agaii.org', port=443): Max retries exceeded with url: /mllm/v1/chat/completions (Caused by NewConnectionError('<urllib3.connection.HTTPSConnection object at 0x77c7ee53b320>: Failed to establish a new connection: [Errno 113] No route to host'))"))
[ReasonBench] marked_unscorable example_id=ARC-Challenge:train:Mercury_7071943 strategy=least_to_most error_records=378
[ReasonBench] error example_id=ARC-Challenge:train:Mercury_7071943 strategy=constraint_decompose error=ConnectionError(MaxRetryError("HTTPSConnectionPool(host='game.agaii.org', port=443): Max retries exceeded with url: /mllm/v1/chat/completions (Caused by NewConnectionError('<urllib3.connection.HTTPSConnection object at 0x77c7ee53aa20>: Failed to establish a new connection: [Errno 113] No route to host'))"))
[ReasonBench] marked_unscorable example_id=ARC-Challenge:train:Mercury_7071943 strategy=constraint_decompose error_records=379
[ReasonBench] error example_id=ARC-Challenge:train:Mercury_7071943 strategy=self_verify error=ConnectionError(MaxRetryError("HTTPSConnectionPool(host='game.agaii.org', port=443): Max retries exceeded with url: /mllm/v1/chat/completions (Caused by NewConnectionError('<urllib3.connection.HTTPSConnection object at 0x77c7ee570890>: Failed to establish a new connection: [Errno 113] No route to host'))"))
[ReasonBench] marked_unscorable example_id=ARC-Challenge:train:Mercury_7071943 strategy=self_verify error_records=380
[ReasonBench] error example_id=ARC-Challenge:train:Mercury_7071943 strategy=concise_cot error=ConnectTimeout(MaxRetryError("HTTPSConnectionPool(host='game.agaii.org', port=443): Max retries exceeded with url: /mllm/v1/chat/completions (Caused by ConnectTimeoutError(<urllib3.connection.HTTPSConnection object at 0x77c7ee5711c0>, 'Connection to game.agaii.org timed out. (connect timeout=180)'))"))
[ReasonBench] marked_unscorable example_id=ARC-Challenge:train:Mercury_7071943 strategy=concise_cot error_records=381
[ReasonBench] error example_id=ARC-Challenge:train:Mercury_7071943 strategy=critique_refine error=ConnectionError(MaxRetryError("HTTPSConnectionPool(host='game.agaii.org', port=443): Max retries exceeded with url: /mllm/v1/chat/completions (Caused by NewConnectionError('<urllib3.connection.HTTPSConnection object at 0x77c7ee571b20>: Failed to establish a new connection: [Errno 113] No route to host'))"))
[ReasonBench] marked_unscorable example_id=ARC-Challenge:train:Mercury_7071943 strategy=critique_refine error_records=382
[ReasonBench] error example_id=ARC-Challenge:train:Mercury_7071943 strategy=self_consistency error=ConnectionError(MaxRetryError("HTTPSConnectionPool(host='game.agaii.org', port=443): Max retries exceeded with url: /mllm/v1/chat/completions (Caused by NewConnectionError('<urllib3.connection.HTTPSConnection object at 0x77c7ee572c30>: Failed to establish a new connection: [Errno 113] No route to host'))"))
[ReasonBench] marked_unscorable example_id=ARC-Challenge:train:Mercury_7071943 strategy=self_consistency error_records=383
[ReasonBench] error example_id=ARC-Challenge:train:Mercury_7071943 strategy=selective_self_consistency error=ConnectTimeout(MaxRetryError("HTTPSConnectionPool(host='game.agaii.org', port=443): Max retries exceeded with url: /mllm/v1/chat/completions (Caused by ConnectTimeoutError(<urllib3.connection.HTTPSConnection object at 0x77c7ee572690>, 'Connection to game.agaii.org timed out. (connect timeout=180)'))"))
[ReasonBench] marked_unscorable example_id=ARC-Challenge:train:Mercury_7071943 strategy=selective_self_consistency error_records=384
[ReasonBench] error example_id=ARC-Challenge:train:Mercury_7071943 strategy=few_shot_exemplar error=ConnectionError(MaxRetryError("HTTPSConnectionPool(host='game.agaii.org', port=443): Max retries exceeded with url: /mllm/v1/chat/completions (Caused by NewConnectionError('<urllib3.connection.HTTPSConnection object at 0x77c7ee573da0>: Failed to establish a new connection: [Errno 113] No route to host'))"))
[ReasonBench] marked_unscorable example_id=ARC-Challenge:train:Mercury_7071943 strategy=few_shot_exemplar error_records=385
[ReasonBench] error example_id=ARC-Challenge:train:MCAS_2007_8_5168 strategy=direct error=RetryError(MaxRetryError("HTTPSConnectionPool(host='game.agaii.org', port=443): Max retries exceeded with url: /mllm/v1/chat/completions (Caused by ResponseError('too many 502 error responses'))"))
[ReasonBench] marked_unscorable example_id=ARC-Challenge:train:MCAS_2007_8_5168 strategy=direct error_records=386
[ReasonBench] error example_id=ARC-Challenge:train:MCAS_2007_8_5168 strategy=concise_cot error=RetryError(MaxRetryError("HTTPSConnectionPool(host='game.agaii.org', port=443): Max retries exceeded with url: /mllm/v1/chat/completions (Caused by ResponseError('too many 502 error responses'))"))
[ReasonBench] marked_unscorable example_id=ARC-Challenge:train:MCAS_2007_8_5168 strategy=concise_cot error_records=387
[ReasonBench] error example_id=ARC-Challenge:train:MCAS_2007_8_5168 strategy=least_to_most error=RetryError(MaxRetryError("HTTPSConnectionPool(host='game.agaii.org', port=443): Max retries exceeded with url: /mllm/v1/chat/completions (Caused by ResponseError('too many 502 error responses'))"))
[ReasonBench] marked_unscorable example_id=ARC-Challenge:train:MCAS_2007_8_5168 strategy=least_to_most error_records=388
[ReasonBench] error example_id=ARC-Challenge:train:Mercury_7071943 strategy=budgeted_cascade error=RetryError(MaxRetryError("HTTPSConnectionPool(host='game.agaii.org', port=443): Max retries exceeded with url: /mllm/v1/chat/completions (Caused by ResponseError('too many 502 error responses'))"))
[ReasonBench] marked_unscorable example_id=ARC-Challenge:train:Mercury_7071943 strategy=budgeted_cascade error_records=389
[ReasonBench] error example_id=ARC-Challenge:train:MCAS_2007_8_5168 strategy=constraint_decompose error=RetryError(MaxRetryError("HTTPSConnectionPool(host='game.agaii.org', port=443): Max retries exceeded with url: /mllm/v1/chat/completions (Caused by ResponseError('too many 502 error responses'))"))
[ReasonBench] marked_unscorable example_id=ARC-Challenge:train:MCAS_2007_8_5168 strategy=constraint_decompose error_records=390
[ReasonBench] error example_id=ARC-Challenge:train:MCAS_2007_8_5168 strategy=self_verify error=RetryError(MaxRetryError("HTTPSConnectionPool(host='game.agaii.org', port=443): Max retries exceeded with url: /mllm/v1/chat/completions (Caused by ResponseError('too many 502 error responses'))"))
[ReasonBench] marked_unscorable example_id=ARC-Challenge:train:MCAS_2007_8_5168 strategy=self_verify error_records=391
[ReasonBench] error example_id=ARC-Challenge:train:MCAS_2007_8_5168 strategy=critique_refine error=RetryError(MaxRetryError("HTTPSConnectionPool(host='game.agaii.org', port=443): Max retries exceeded with url: /mllm/v1/chat/completions (Caused by ResponseError('too many 502 error responses'))"))
[ReasonBench] marked_unscorable example_id=ARC-Challenge:train:MCAS_2007_8_5168 strategy=critique_refine error_records=392
[ReasonBench] error example_id=ARC-Challenge:train:MCAS_2007_8_5168 strategy=self_consistency error=RetryError(MaxRetryError("HTTPSConnectionPool(host='game.agaii.org', port=443): Max retries exceeded with url: /mllm/v1/chat/completions (Caused by ResponseError('too many 502 error responses'))"))
[ReasonBench] marked_unscorable example_id=ARC-Challenge:train:MCAS_2007_8_5168 strategy=self_consistency error_records=393
[ReasonBench] error example_id=ARC-Challenge:train:MCAS_2007_8_5168 strategy=selective_self_consistency error=RetryError(MaxRetryError("HTTPSConnectionPool(host='game.agaii.org', port=443): Max retries exceeded with url: /mllm/v1/chat/completions (Caused by ResponseError('too many 502 error responses'))"))
[ReasonBench] marked_unscorable example_id=ARC-Challenge:train:MCAS_2007_8_5168 strategy=selective_self_consistency error_records=394
[ReasonBench] error example_id=ARC-Challenge:train:MCAS_2007_8_5168 strategy=budgeted_cascade error=RetryError(MaxRetryError("HTTPSConnectionPool(host='game.agaii.org', port=443): Max retries exceeded with url: /mllm/v1/chat/completions (Caused by ResponseError('too many 502 error responses'))"))
[ReasonBench] marked_unscorable example_id=ARC-Challenge:train:MCAS_2007_8_5168 strategy=budgeted_cascade error_records=395
[ReasonBench] error example_id=ARC-Challenge:train:MCAS_2007_8_5168 strategy=few_shot_exemplar error=RetryError(MaxRetryError("HTTPSConnectionPool(host='game.agaii.org', port=443): Max retries exceeded with url: /mllm/v1/chat/completions (Caused by ResponseError('too many 502 error responses'))"))
[ReasonBench] marked_unscorable example_id=ARC-Challenge:train:MCAS_2007_8_5168 strategy=few_shot_exemplar error_records=396
[ReasonBench] error example_id=ARC-Challenge:train:Mercury_SC_400696 strategy=direct error=RetryError(MaxRetryError("HTTPSConnectionPool(host='game.agaii.org', port=443): Max retries exceeded with url: /mllm/v1/chat/completions (Caused by ResponseError('too many 502 error responses'))"))
[ReasonBench] marked_unscorable example_id=ARC-Challenge:train:Mercury_SC_400696 strategy=direct error_records=397
[ReasonBench] error example_id=ARC-Challenge:train:Mercury_SC_400696 strategy=concise_cot error=RetryError(MaxRetryError("HTTPSConnectionPool(host='game.agaii.org', port=443): Max retries exceeded with url: /mllm/v1/chat/completions (Caused by ResponseError('too many 502 error responses'))"))
[ReasonBench] marked_unscorable example_id=ARC-Challenge:train:Mercury_SC_400696 strategy=concise_cot error_records=398
[ReasonBench] error example_id=ARC-Challenge:train:Mercury_SC_400696 strategy=least_to_most error=RetryError(MaxRetryError("HTTPSConnectionPool(host='game.agaii.org', port=443): Max retries exceeded with url: /mllm/v1/chat/completions (Caused by ResponseError('too many 502 error responses'))"))
[ReasonBench] marked_unscorable example_id=ARC-Challenge:train:Mercury_SC_400696 strategy=least_to_most error_records=399
[ReasonBench] error example_id=ARC-Challenge:train:Mercury_SC_400696 strategy=constraint_decompose error=RetryError(MaxRetryError("HTTPSConnectionPool(host='game.agaii.org', port=443): Max retries exceeded with url: /mllm/v1/chat/completions (Caused by ResponseError('too many 502 error responses'))"))
[ReasonBench] marked_unscorable example_id=ARC-Challenge:train:Mercury_SC_400696 strategy=constraint_decompose error_records=400
[ReasonBench] error example_id=ARC-Challenge:train:Mercury_SC_400696 strategy=self_verify error=RetryError(MaxRetryError("HTTPSConnectionPool(host='game.agaii.org', port=443): Max retries exceeded with url: /mllm/v1/chat/completions (Caused by ResponseError('too many 502 error responses'))"))
[ReasonBench] marked_unscorable example_id=ARC-Challenge:train:Mercury_SC_400696 strategy=self_verify error_records=401
[ReasonBench] error example_id=ARC-Challenge:train:Mercury_SC_400696 strategy=critique_refine error=RetryError(MaxRetryError("HTTPSConnectionPool(host='game.agaii.org', port=443): Max retries exceeded with url: /mllm/v1/chat/completions (Caused by ResponseError('too many 502 error responses'))"))
[ReasonBench] marked_unscorable example_id=ARC-Challenge:train:Mercury_SC_400696 strategy=critique_refine error_records=402
[ReasonBench] error example_id=ARC-Challenge:train:Mercury_SC_400696 strategy=self_consistency error=RetryError(MaxRetryError("HTTPSConnectionPool(host='game.agaii.org', port=443): Max retries exceeded with url: /mllm/v1/chat/completions (Caused by ResponseError('too many 502 error responses'))"))
[ReasonBench] marked_unscorable example_id=ARC-Challenge:train:Mercury_SC_400696 strategy=self_consistency error_records=403
[ReasonBench] error example_id=ARC-Challenge:train:Mercury_SC_400696 strategy=selective_self_consistency error=RetryError(MaxRetryError("HTTPSConnectionPool(host='game.agaii.org', port=443): Max retries exceeded with url: /mllm/v1/chat/completions (Caused by ResponseError('too many 502 error responses'))"))
[ReasonBench] marked_unscorable example_id=ARC-Challenge:train:Mercury_SC_400696 strategy=selective_self_consistency error_records=404
[ReasonBench] error example_id=ARC-Challenge:train:Mercury_412647 strategy=self_verify error=ConnectionError(MaxRetryError('HTTPSConnectionPool(host=\'game.agaii.org\', port=443): Max retries exceeded with url: /mllm/v1/chat/completions (Caused by ReadTimeoutError("HTTPSConnectionPool(host=\'game.agaii.org\', port=443): Read timed out. (read timeout=180)"))'))
[ReasonBench] marked_unscorable example_id=ARC-Challenge:train:Mercury_412647 strategy=self_verify error_records=405
[ReasonBench] error example_id=ARC-Challenge:train:Mercury_412647 strategy=critique_refine error=ConnectionError(MaxRetryError('HTTPSConnectionPool(host=\'game.agaii.org\', port=443): Max retries exceeded with url: /mllm/v1/chat/completions (Caused by ReadTimeoutError("HTTPSConnectionPool(host=\'game.agaii.org\', port=443): Read timed out. (read timeout=180)"))'))
[ReasonBench] marked_unscorable example_id=ARC-Challenge:train:Mercury_412647 strategy=critique_refine error_records=406
[ReasonBench] error example_id=ARC-Challenge:train:Mercury_412647 strategy=self_consistency error=ConnectionError(MaxRetryError('HTTPSConnectionPool(host=\'game.agaii.org\', port=443): Max retries exceeded with url: /mllm/v1/chat/completions (Caused by ReadTimeoutError("HTTPSConnectionPool(host=\'game.agaii.org\', port=443): Read timed out. (read timeout=180)"))'))
[ReasonBench] marked_unscorable example_id=ARC-Challenge:train:Mercury_412647 strategy=self_consistency error_records=407
[ReasonBench] error example_id=ARC-Challenge:train:Mercury_412647 strategy=selective_self_consistency error=ConnectionError(MaxRetryError('HTTPSConnectionPool(host=\'game.agaii.org\', port=443): Max retries exceeded with url: /mllm/v1/chat/completions (Caused by ReadTimeoutError("HTTPSConnectionPool(host=\'game.agaii.org\', port=443): Read timed out. (read timeout=180)"))'))
[ReasonBench] marked_unscorable example_id=ARC-Challenge:train:Mercury_412647 strategy=selective_self_consistency error_records=408
[ReasonBench] error example_id=ARC-Challenge:train:Mercury_412647 strategy=few_shot_exemplar error=ConnectionError(MaxRetryError('HTTPSConnectionPool(host=\'game.agaii.org\', port=443): Max retries exceeded with url: /mllm/v1/chat/completions (Caused by ReadTimeoutError("HTTPSConnectionPool(host=\'game.agaii.org\', port=443): Read timed out. (read timeout=180)"))'))
[ReasonBench] marked_unscorable example_id=ARC-Challenge:train:Mercury_412647 strategy=few_shot_exemplar error_records=409
[ReasonBench] error example_id=ARC-Challenge:train:LEAP__7_10344 strategy=direct error=ConnectionError(MaxRetryError('HTTPSConnectionPool(host=\'game.agaii.org\', port=443): Max retries exceeded with url: /mllm/v1/chat/completions (Caused by ReadTimeoutError("HTTPSConnectionPool(host=\'game.agaii.org\', port=443): Read timed out. (read timeout=180)"))'))
[ReasonBench] marked_unscorable example_id=ARC-Challenge:train:LEAP__7_10344 strategy=direct error_records=410
[ReasonBench] error example_id=ARC-Challenge:train:LEAP__7_10344 strategy=concise_cot error=ConnectionError(MaxRetryError('HTTPSConnectionPool(host=\'game.agaii.org\', port=443): Max retries exceeded with url: /mllm/v1/chat/completions (Caused by ReadTimeoutError("HTTPSConnectionPool(host=\'game.agaii.org\', port=443): Read timed out. (read timeout=180)"))'))
[ReasonBench] marked_unscorable example_id=ARC-Challenge:train:LEAP__7_10344 strategy=concise_cot error_records=411
[ReasonBench] error example_id=ARC-Challenge:train:LEAP__7_10344 strategy=least_to_most error=ConnectionError(MaxRetryError('HTTPSConnectionPool(host=\'game.agaii.org\', port=443): Max retries exceeded with url: /mllm/v1/chat/completions (Caused by ReadTimeoutError("HTTPSConnectionPool(host=\'game.agaii.org\', port=443): Read timed out. (read timeout=180)"))'))
[ReasonBench] marked_unscorable example_id=ARC-Challenge:train:LEAP__7_10344 strategy=least_to_most error_records=412
[ReasonBench] error example_id=ARC-Challenge:train:LEAP__7_10344 strategy=constraint_decompose error=ConnectionError(MaxRetryError('HTTPSConnectionPool(host=\'game.agaii.org\', port=443): Max retries exceeded with url: /mllm/v1/chat/completions (Caused by ReadTimeoutError("HTTPSConnectionPool(host=\'game.agaii.org\', port=443): Read timed out. (read timeout=180)"))'))
[ReasonBench] marked_unscorable example_id=ARC-Challenge:train:LEAP__7_10344 strategy=constraint_decompose error_records=413
[ReasonBench] error example_id=ARC-Challenge:train:LEAP__7_10344 strategy=self_verify error=ConnectionError(MaxRetryError('HTTPSConnectionPool(host=\'game.agaii.org\', port=443): Max retries exceeded with url: /mllm/v1/chat/completions (Caused by ReadTimeoutError("HTTPSConnectionPool(host=\'game.agaii.org\', port=443): Read timed out. (read timeout=180)"))'))
[ReasonBench] marked_unscorable example_id=ARC-Challenge:train:LEAP__7_10344 strategy=self_verify error_records=414
[ReasonBench] error example_id=ARC-Challenge:train:LEAP__7_10344 strategy=critique_refine error=ConnectionError(MaxRetryError('HTTPSConnectionPool(host=\'game.agaii.org\', port=443): Max retries exceeded with url: /mllm/v1/chat/completions (Caused by ReadTimeoutError("HTTPSConnectionPool(host=\'game.agaii.org\', port=443): Read timed out. (read timeout=180)"))'))
[ReasonBench] marked_unscorable example_id=ARC-Challenge:train:LEAP__7_10344 strategy=critique_refine error_records=415
[ReasonBench] error example_id=ARC-Challenge:train:LEAP__7_10344 strategy=self_consistency error=ConnectionError(MaxRetryError('HTTPSConnectionPool(host=\'game.agaii.org\', port=443): Max retries exceeded with url: /mllm/v1/chat/completions (Caused by ReadTimeoutError("HTTPSConnectionPool(host=\'game.agaii.org\', port=443): Read timed out. (read timeout=180)"))'))
[ReasonBench] marked_unscorable example_id=ARC-Challenge:train:LEAP__7_10344 strategy=self_consistency error_records=416
[ReasonBench] error example_id=ARC-Challenge:train:LEAP__7_10344 strategy=selective_self_consistency error=ConnectionError(MaxRetryError('HTTPSConnectionPool(host=\'game.agaii.org\', port=443): Max retries exceeded with url: /mllm/v1/chat/completions (Caused by ReadTimeoutError("HTTPSConnectionPool(host=\'game.agaii.org\', port=443): Read timed out. (read timeout=180)"))'))
[ReasonBench] marked_unscorable example_id=ARC-Challenge:train:LEAP__7_10344 strategy=selective_self_consistency error_records=417
[ReasonBench] error example_id=ARC-Challenge:train:LEAP__7_10344 strategy=budgeted_cascade error=ConnectionError(MaxRetryError('HTTPSConnectionPool(host=\'game.agaii.org\', port=443): Max retries exceeded with url: /mllm/v1/chat/completions (Caused by ReadTimeoutError("HTTPSConnectionPool(host=\'game.agaii.org\', port=443): Read timed out. (read timeout=180)"))'))
[ReasonBench] marked_unscorable example_id=ARC-Challenge:train:LEAP__7_10344 strategy=budgeted_cascade error_records=418
[ReasonBench] error example_id=ARC-Challenge:train:LEAP__7_10344 strategy=few_shot_exemplar error=ConnectionError(MaxRetryError('HTTPSConnectionPool(host=\'game.agaii.org\', port=443): Max retries exceeded with url: /mllm/v1/chat/completions (Caused by ReadTimeoutError("HTTPSConnectionPool(host=\'game.agaii.org\', port=443): Read timed out. (read timeout=180)"))'))
[ReasonBench] marked_unscorable example_id=ARC-Challenge:train:LEAP__7_10344 strategy=few_shot_exemplar error_records=419
[ReasonBench] error example_id=ARC-Challenge:train:Mercury_SC_407397 strategy=direct error=ConnectionError(MaxRetryError('HTTPSConnectionPool(host=\'game.agaii.org\', port=443): Max retries exceeded with url: /mllm/v1/chat/completions (Caused by ReadTimeoutError("HTTPSConnectionPool(host=\'game.agaii.org\', port=443): Read timed out. (read timeout=180)"))'))
[ReasonBench] marked_unscorable example_id=ARC-Challenge:train:Mercury_SC_407397 strategy=direct error_records=420
[ReasonBench] error example_id=ARC-Challenge:train:Mercury_SC_407397 strategy=concise_cot error=ConnectionError(MaxRetryError('HTTPSConnectionPool(host=\'game.agaii.org\', port=443): Max retries exceeded with url: /mllm/v1/chat/completions (Caused by ReadTimeoutError("HTTPSConnectionPool(host=\'game.agaii.org\', port=443): Read timed out. (read timeout=180)"))'))
[ReasonBench] marked_unscorable example_id=ARC-Challenge:train:Mercury_SC_407397 strategy=concise_cot error_records=421
[ReasonBench] error example_id=ARC-Challenge:train:Mercury_SC_407397 strategy=least_to_most error=ConnectionError(MaxRetryError('HTTPSConnectionPool(host=\'game.agaii.org\', port=443): Max retries exceeded with url: /mllm/v1/chat/completions (Caused by ReadTimeoutError("HTTPSConnectionPool(host=\'game.agaii.org\', port=443): Read timed out. (read timeout=180)"))'))
[ReasonBench] marked_unscorable example_id=ARC-Challenge:train:Mercury_SC_407397 strategy=least_to_most error_records=422
[ReasonBench] error example_id=ARC-Challenge:train:Mercury_SC_407397 strategy=constraint_decompose error=ConnectionError(MaxRetryError('HTTPSConnectionPool(host=\'game.agaii.org\', port=443): Max retries exceeded with url: /mllm/v1/chat/completions (Caused by ReadTimeoutError("HTTPSConnectionPool(host=\'game.agaii.org\', port=443): Read timed out. (read timeout=180)"))'))
[ReasonBench] marked_unscorable example_id=ARC-Challenge:train:Mercury_SC_407397 strategy=constraint_decompose error_records=423
[ReasonBench] error example_id=ARC-Challenge:train:Mercury_SC_407397 strategy=self_verify error=ConnectionError(MaxRetryError('HTTPSConnectionPool(host=\'game.agaii.org\', port=443): Max retries exceeded with url: /mllm/v1/chat/completions (Caused by ReadTimeoutError("HTTPSConnectionPool(host=\'game.agaii.org\', port=443): Read timed out. (read timeout=180)"))'))
[ReasonBench] marked_unscorable example_id=ARC-Challenge:train:Mercury_SC_407397 strategy=self_verify error_records=424
[ReasonBench] error example_id=ARC-Challenge:train:Mercury_SC_407397 strategy=critique_refine error=ConnectionError(MaxRetryError('HTTPSConnectionPool(host=\'game.agaii.org\', port=443): Max retries exceeded with url: /mllm/v1/chat/completions (Caused by ReadTimeoutError("HTTPSConnectionPool(host=\'game.agaii.org\', port=443): Read timed out. (read timeout=180)"))'))
[ReasonBench] marked_unscorable example_id=ARC-Challenge:train:Mercury_SC_407397 strategy=critique_refine error_records=425
[ReasonBench] error example_id=ARC-Challenge:train:Mercury_SC_407397 strategy=self_consistency error=ConnectionError(MaxRetryError('HTTPSConnectionPool(host=\'game.agaii.org\', port=443): Max retries exceeded with url: /mllm/v1/chat/completions (Caused by ReadTimeoutError("HTTPSConnectionPool(host=\'game.agaii.org\', port=443): Read timed out. (read timeout=180)"))'))
[ReasonBench] marked_unscorable example_id=ARC-Challenge:train:Mercury_SC_407397 strategy=self_consistency error_records=426
[ReasonBench] error example_id=ARC-Challenge:train:Mercury_SC_407397 strategy=selective_self_consistency error=ConnectionError(MaxRetryError('HTTPSConnectionPool(host=\'game.agaii.org\', port=443): Max retries exceeded with url: /mllm/v1/chat/completions (Caused by ReadTimeoutError("HTTPSConnectionPool(host=\'game.agaii.org\', port=443): Read timed out. (read timeout=180)"))'))
[ReasonBench] marked_unscorable example_id=ARC-Challenge:train:Mercury_SC_407397 strategy=selective_self_consistency error_records=427
[ReasonBench] error example_id=ARC-Challenge:train:Mercury_SC_407397 strategy=budgeted_cascade error=ConnectionError(MaxRetryError('HTTPSConnectionPool(host=\'game.agaii.org\', port=443): Max retries exceeded with url: /mllm/v1/chat/completions (Caused by ReadTimeoutError("HTTPSConnectionPool(host=\'game.agaii.org\', port=443): Read timed out. (read timeout=180)"))'))
[ReasonBench] marked_unscorable example_id=ARC-Challenge:train:Mercury_SC_407397 strategy=budgeted_cascade error_records=428
[ReasonBench] error example_id=ARC-Challenge:train:Mercury_SC_401207 strategy=direct error=ConnectionError(MaxRetryError('HTTPSConnectionPool(host=\'game.agaii.org\', port=443): Max retries exceeded with url: /mllm/v1/chat/completions (Caused by ReadTimeoutError("HTTPSConnectionPool(host=\'game.agaii.org\', port=443): Read timed out. (read timeout=180)"))'))
[ReasonBench] marked_unscorable example_id=ARC-Challenge:train:Mercury_SC_401207 strategy=direct error_records=429
[ReasonBench] error example_id=ARC-Challenge:train:Mercury_SC_401207 strategy=least_to_most error=ConnectionError(MaxRetryError('HTTPSConnectionPool(host=\'game.agaii.org\', port=443): Max retries exceeded with url: /mllm/v1/chat/completions (Caused by ReadTimeoutError("HTTPSConnectionPool(host=\'game.agaii.org\', port=443): Read timed out. (read timeout=180)"))'))
[ReasonBench] marked_unscorable example_id=ARC-Challenge:train:Mercury_SC_401207 strategy=least_to_most error_records=430
[ReasonBench] error example_id=ARC-Challenge:train:Mercury_SC_401207 strategy=constraint_decompose error=ConnectionError(MaxRetryError('HTTPSConnectionPool(host=\'game.agaii.org\', port=443): Max retries exceeded with url: /mllm/v1/chat/completions (Caused by ReadTimeoutError("HTTPSConnectionPool(host=\'game.agaii.org\', port=443): Read timed out. (read timeout=180)"))'))
[ReasonBench] marked_unscorable example_id=ARC-Challenge:train:Mercury_SC_401207 strategy=constraint_decompose error_records=431
[ReasonBench] error example_id=ARC-Challenge:train:Mercury_SC_401207 strategy=self_verify error=ConnectionError(MaxRetryError('HTTPSConnectionPool(host=\'game.agaii.org\', port=443): Max retries exceeded with url: /mllm/v1/chat/completions (Caused by ReadTimeoutError("HTTPSConnectionPool(host=\'game.agaii.org\', port=443): Read timed out. (read timeout=180)"))'))
[ReasonBench] marked_unscorable example_id=ARC-Challenge:train:Mercury_SC_401207 strategy=self_verify error_records=432
[ReasonBench] error example_id=ARC-Challenge:train:Mercury_SC_401207 strategy=critique_refine error=ConnectionError(MaxRetryError('HTTPSConnectionPool(host=\'game.agaii.org\', port=443): Max retries exceeded with url: /mllm/v1/chat/completions (Caused by ReadTimeoutError("HTTPSConnectionPool(host=\'game.agaii.org\', port=443): Read timed out. (read timeout=180)"))'))
[ReasonBench] marked_unscorable example_id=ARC-Challenge:train:Mercury_SC_401207 strategy=critique_refine error_records=433
[ReasonBench] error example_id=ARC-Challenge:train:Mercury_SC_401207 strategy=self_consistency error=ConnectionError(MaxRetryError('HTTPSConnectionPool(host=\'game.agaii.org\', port=443): Max retries exceeded with url: /mllm/v1/chat/completions (Caused by ReadTimeoutError("HTTPSConnectionPool(host=\'game.agaii.org\', port=443): Read timed out. (read timeout=180)"))'))
[ReasonBench] marked_unscorable example_id=ARC-Challenge:train:Mercury_SC_401207 strategy=self_consistency error_records=434
[ReasonBench] error example_id=ARC-Challenge:train:Mercury_SC_401207 strategy=selective_self_consistency error=ConnectionError(MaxRetryError('HTTPSConnectionPool(host=\'game.agaii.org\', port=443): Max retries exceeded with url: /mllm/v1/chat/completions (Caused by ReadTimeoutError("HTTPSConnectionPool(host=\'game.agaii.org\', port=443): Read timed out. (read timeout=180)"))'))
[ReasonBench] marked_unscorable example_id=ARC-Challenge:train:Mercury_SC_401207 strategy=selective_self_consistency error_records=435
[ReasonBench] error example_id=ARC-Challenge:train:Mercury_SC_401207 strategy=budgeted_cascade error=ConnectionError(MaxRetryError('HTTPSConnectionPool(host=\'game.agaii.org\', port=443): Max retries exceeded with url: /mllm/v1/chat/completions (Caused by ReadTimeoutError("HTTPSConnectionPool(host=\'game.agaii.org\', port=443): Read timed out. (read timeout=180)"))'))
[ReasonBench] marked_unscorable example_id=ARC-Challenge:train:Mercury_SC_401207 strategy=budgeted_cascade error_records=436
[ReasonBench] error example_id=ARC-Challenge:train:Mercury_SC_401207 strategy=few_shot_exemplar error=ConnectionError(MaxRetryError('HTTPSConnectionPool(host=\'game.agaii.org\', port=443): Max retries exceeded with url: /mllm/v1/chat/completions (Caused by ReadTimeoutError("HTTPSConnectionPool(host=\'game.agaii.org\', port=443): Read timed out. (read timeout=180)"))'))
[ReasonBench] marked_unscorable example_id=ARC-Challenge:train:Mercury_SC_401207 strategy=few_shot_exemplar error_records=437
[ReasonBench] error example_id=ARC-Challenge:train:MSA_2013_8_5 strategy=direct error=ConnectionError(MaxRetryError('HTTPSConnectionPool(host=\'game.agaii.org\', port=443): Max retries exceeded with url: /mllm/v1/chat/completions (Caused by ReadTimeoutError("HTTPSConnectionPool(host=\'game.agaii.org\', port=443): Read timed out. (read timeout=180)"))'))
[ReasonBench] marked_unscorable example_id=ARC-Challenge:train:MSA_2013_8_5 strategy=direct error_records=438
[ReasonBench] error example_id=ARC-Challenge:train:MSA_2013_8_5 strategy=concise_cot error=ConnectionError(MaxRetryError('HTTPSConnectionPool(host=\'game.agaii.org\', port=443): Max retries exceeded with url: /mllm/v1/chat/completions (Caused by ReadTimeoutError("HTTPSConnectionPool(host=\'game.agaii.org\', port=443): Read timed out. (read timeout=180)"))'))
[ReasonBench] marked_unscorable example_id=ARC-Challenge:train:MSA_2013_8_5 strategy=concise_cot error_records=439
[ReasonBench] error example_id=ARC-Challenge:train:MSA_2013_8_5 strategy=least_to_most error=ConnectionError(MaxRetryError('HTTPSConnectionPool(host=\'game.agaii.org\', port=443): Max retries exceeded with url: /mllm/v1/chat/completions (Caused by ReadTimeoutError("HTTPSConnectionPool(host=\'game.agaii.org\', port=443): Read timed out. (read timeout=180)"))'))
[ReasonBench] marked_unscorable example_id=ARC-Challenge:train:MSA_2013_8_5 strategy=least_to_most error_records=440
[ReasonBench] error example_id=ARC-Challenge:train:MSA_2013_8_5 strategy=constraint_decompose error=ConnectionError(MaxRetryError('HTTPSConnectionPool(host=\'game.agaii.org\', port=443): Max retries exceeded with url: /mllm/v1/chat/completions (Caused by ReadTimeoutError("HTTPSConnectionPool(host=\'game.agaii.org\', port=443): Read timed out. (read timeout=180)"))'))
[ReasonBench] marked_unscorable example_id=ARC-Challenge:train:MSA_2013_8_5 strategy=constraint_decompose error_records=441
[ReasonBench] error example_id=ARC-Challenge:train:MSA_2013_8_5 strategy=self_verify error=ConnectionError(MaxRetryError('HTTPSConnectionPool(host=\'game.agaii.org\', port=443): Max retries exceeded with url: /mllm/v1/chat/completions (Caused by ReadTimeoutError("HTTPSConnectionPool(host=\'game.agaii.org\', port=443): Read timed out. (read timeout=180)"))'))
[ReasonBench] marked_unscorable example_id=ARC-Challenge:train:MSA_2013_8_5 strategy=self_verify error_records=442
[ReasonBench] error example_id=ARC-Challenge:train:MSA_2013_8_5 strategy=critique_refine error=ConnectionError(MaxRetryError('HTTPSConnectionPool(host=\'game.agaii.org\', port=443): Max retries exceeded with url: /mllm/v1/chat/completions (Caused by ReadTimeoutError("HTTPSConnectionPool(host=\'game.agaii.org\', port=443): Read timed out. (read timeout=180)"))'))
[ReasonBench] marked_unscorable example_id=ARC-Challenge:train:MSA_2013_8_5 strategy=critique_refine error_records=443
[ReasonBench] error example_id=ARC-Challenge:train:MSA_2013_8_5 strategy=self_consistency error=ConnectionError(MaxRetryError('HTTPSConnectionPool(host=\'game.agaii.org\', port=443): Max retries exceeded with url: /mllm/v1/chat/completions (Caused by ReadTimeoutError("HTTPSConnectionPool(host=\'game.agaii.org\', port=443): Read timed out. (read timeout=180)"))'))
[ReasonBench] marked_unscorable example_id=ARC-Challenge:train:MSA_2013_8_5 strategy=self_consistency error_records=444
[ReasonBench] error example_id=ARC-Challenge:train:MSA_2013_8_5 strategy=selective_self_consistency error=ConnectionError(MaxRetryError('HTTPSConnectionPool(host=\'game.agaii.org\', port=443): Max retries exceeded with url: /mllm/v1/chat/completions (Caused by ReadTimeoutError("HTTPSConnectionPool(host=\'game.agaii.org\', port=443): Read timed out. (read timeout=180)"))'))
[ReasonBench] marked_unscorable example_id=ARC-Challenge:train:MSA_2013_8_5 strategy=selective_self_consistency error_records=445
[ReasonBench] error example_id=ARC-Challenge:train:MSA_2013_8_5 strategy=budgeted_cascade error=ConnectionError(MaxRetryError('HTTPSConnectionPool(host=\'game.agaii.org\', port=443): Max retries exceeded with url: /mllm/v1/chat/completions (Caused by ReadTimeoutError("HTTPSConnectionPool(host=\'game.agaii.org\', port=443): Read timed out. (read timeout=180)"))'))
[ReasonBench] marked_unscorable example_id=ARC-Challenge:train:MSA_2013_8_5 strategy=budgeted_cascade error_records=446
[ReasonBench] error example_id=ARC-Challenge:train:MSA_2013_8_5 strategy=few_shot_exemplar error=ConnectionError(MaxRetryError('HTTPSConnectionPool(host=\'game.agaii.org\', port=443): Max retries exceeded with url: /mllm/v1/chat/completions (Caused by ReadTimeoutError("HTTPSConnectionPool(host=\'game.agaii.org\', port=443): Read timed out. (read timeout=180)"))'))
[ReasonBench] marked_unscorable example_id=ARC-Challenge:train:MSA_2013_8_5 strategy=few_shot_exemplar error_records=447
[ReasonBench] error example_id=ARC-Challenge:train:ACTAAP_2008_7_2 strategy=direct error=ConnectionError(MaxRetryError('HTTPSConnectionPool(host=\'game.agaii.org\', port=443): Max retries exceeded with url: /mllm/v1/chat/completions (Caused by ReadTimeoutError("HTTPSConnectionPool(host=\'game.agaii.org\', port=443): Read timed out. (read timeout=180)"))'))
[ReasonBench] marked_unscorable example_id=ARC-Challenge:train:ACTAAP_2008_7_2 strategy=direct error_records=448
[ReasonBench] error example_id=ARC-Challenge:train:ACTAAP_2008_7_2 strategy=concise_cot error=ConnectionError(MaxRetryError('HTTPSConnectionPool(host=\'game.agaii.org\', port=443): Max retries exceeded with url: /mllm/v1/chat/completions (Caused by ReadTimeoutError("HTTPSConnectionPool(host=\'game.agaii.org\', port=443): Read timed out. (read timeout=180)"))'))
[ReasonBench] marked_unscorable example_id=ARC-Challenge:train:ACTAAP_2008_7_2 strategy=concise_cot error_records=449
[ReasonBench] error example_id=ARC-Challenge:train:ACTAAP_2008_7_2 strategy=least_to_most error=ConnectionError(MaxRetryError('HTTPSConnectionPool(host=\'game.agaii.org\', port=443): Max retries exceeded with url: /mllm/v1/chat/completions (Caused by ReadTimeoutError("HTTPSConnectionPool(host=\'game.agaii.org\', port=443): Read timed out. (read timeout=180)"))'))
[ReasonBench] marked_unscorable example_id=ARC-Challenge:train:ACTAAP_2008_7_2 strategy=least_to_most error_records=450
[ReasonBench] error example_id=ARC-Challenge:train:ACTAAP_2008_7_2 strategy=constraint_decompose error=ConnectionError(MaxRetryError('HTTPSConnectionPool(host=\'game.agaii.org\', port=443): Max retries exceeded with url: /mllm/v1/chat/completions (Caused by ReadTimeoutError("HTTPSConnectionPool(host=\'game.agaii.org\', port=443): Read timed out. (read timeout=180)"))'))
[ReasonBench] marked_unscorable example_id=ARC-Challenge:train:ACTAAP_2008_7_2 strategy=constraint_decompose error_records=451
[ReasonBench] error example_id=ARC-Challenge:train:ACTAAP_2008_7_2 strategy=critique_refine error=ConnectionError(MaxRetryError('HTTPSConnectionPool(host=\'game.agaii.org\', port=443): Max retries exceeded with url: /mllm/v1/chat/completions (Caused by ReadTimeoutError("HTTPSConnectionPool(host=\'game.agaii.org\', port=443): Read timed out. (read timeout=180)"))'))
[ReasonBench] marked_unscorable example_id=ARC-Challenge:train:ACTAAP_2008_7_2 strategy=critique_refine error_records=452
[ReasonBench] error example_id=ARC-Challenge:train:ACTAAP_2008_7_2 strategy=self_verify error=ConnectionError(MaxRetryError('HTTPSConnectionPool(host=\'game.agaii.org\', port=443): Max retries exceeded with url: /mllm/v1/chat/completions (Caused by ReadTimeoutError("HTTPSConnectionPool(host=\'game.agaii.org\', port=443): Read timed out. (read timeout=180)"))'))
[ReasonBench] marked_unscorable example_id=ARC-Challenge:train:ACTAAP_2008_7_2 strategy=self_verify error_records=453
[ReasonBench] error example_id=ARC-Challenge:train:ACTAAP_2008_7_2 strategy=self_consistency error=ConnectionError(MaxRetryError('HTTPSConnectionPool(host=\'game.agaii.org\', port=443): Max retries exceeded with url: /mllm/v1/chat/completions (Caused by ReadTimeoutError("HTTPSConnectionPool(host=\'game.agaii.org\', port=443): Read timed out. (read timeout=180)"))'))
[ReasonBench] marked_unscorable example_id=ARC-Challenge:train:ACTAAP_2008_7_2 strategy=self_consistency error_records=454
[ReasonBench] error example_id=ARC-Challenge:train:ACTAAP_2008_7_2 strategy=selective_self_consistency error=ConnectionError(MaxRetryError('HTTPSConnectionPool(host=\'game.agaii.org\', port=443): Max retries exceeded with url: /mllm/v1/chat/completions (Caused by ReadTimeoutError("HTTPSConnectionPool(host=\'game.agaii.org\', port=443): Read timed out. (read timeout=180)"))'))
[ReasonBench] marked_unscorable example_id=ARC-Challenge:train:ACTAAP_2008_7_2 strategy=selective_self_consistency error_records=455
[ReasonBench] error example_id=ARC-Challenge:train:ACTAAP_2008_7_2 strategy=budgeted_cascade error=ConnectionError(MaxRetryError('HTTPSConnectionPool(host=\'game.agaii.org\', port=443): Max retries exceeded with url: /mllm/v1/chat/completions (Caused by ReadTimeoutError("HTTPSConnectionPool(host=\'game.agaii.org\', port=443): Read timed out. (read timeout=180)"))'))
[ReasonBench] marked_unscorable example_id=ARC-Challenge:train:ACTAAP_2008_7_2 strategy=budgeted_cascade error_records=456
[ReasonBench] error example_id=ARC-Challenge:train:Mercury_SC_401284 strategy=direct error=ConnectionError(MaxRetryError('HTTPSConnectionPool(host=\'game.agaii.org\', port=443): Max retries exceeded with url: /mllm/v1/chat/completions (Caused by ReadTimeoutError("HTTPSConnectionPool(host=\'game.agaii.org\', port=443): Read timed out. (read timeout=180)"))'))
[ReasonBench] marked_unscorable example_id=ARC-Challenge:train:Mercury_SC_401284 strategy=direct error_records=457
[ReasonBench] error example_id=ARC-Challenge:train:Mercury_SC_401284 strategy=concise_cot error=ConnectionError(MaxRetryError('HTTPSConnectionPool(host=\'game.agaii.org\', port=443): Max retries exceeded with url: /mllm/v1/chat/completions (Caused by ReadTimeoutError("HTTPSConnectionPool(host=\'game.agaii.org\', port=443): Read timed out. (read timeout=180)"))'))
[ReasonBench] marked_unscorable example_id=ARC-Challenge:train:Mercury_SC_401284 strategy=concise_cot error_records=458
[ReasonBench] error example_id=ARC-Challenge:train:Mercury_SC_401284 strategy=least_to_most error=ConnectionError(MaxRetryError('HTTPSConnectionPool(host=\'game.agaii.org\', port=443): Max retries exceeded with url: /mllm/v1/chat/completions (Caused by ReadTimeoutError("HTTPSConnectionPool(host=\'game.agaii.org\', port=443): Read timed out. (read timeout=180)"))'))
[ReasonBench] marked_unscorable example_id=ARC-Challenge:train:Mercury_SC_401284 strategy=least_to_most error_records=459
[ReasonBench] error example_id=ARC-Challenge:train:Mercury_SC_401284 strategy=constraint_decompose error=ConnectionError(MaxRetryError('HTTPSConnectionPool(host=\'game.agaii.org\', port=443): Max retries exceeded with url: /mllm/v1/chat/completions (Caused by ReadTimeoutError("HTTPSConnectionPool(host=\'game.agaii.org\', port=443): Read timed out. (read timeout=180)"))'))
[ReasonBench] marked_unscorable example_id=ARC-Challenge:train:Mercury_SC_401284 strategy=constraint_decompose error_records=460
[ReasonBench] error example_id=ARC-Challenge:train:Mercury_SC_401284 strategy=self_verify error=ConnectionError(MaxRetryError('HTTPSConnectionPool(host=\'game.agaii.org\', port=443): Max retries exceeded with url: /mllm/v1/chat/completions (Caused by ReadTimeoutError("HTTPSConnectionPool(host=\'game.agaii.org\', port=443): Read timed out. (read timeout=180)"))'))
[ReasonBench] marked_unscorable example_id=ARC-Challenge:train:Mercury_SC_401284 strategy=self_verify error_records=461
[ReasonBench] error example_id=ARC-Challenge:train:Mercury_SC_401284 strategy=critique_refine error=ConnectionError(MaxRetryError('HTTPSConnectionPool(host=\'game.agaii.org\', port=443): Max retries exceeded with url: /mllm/v1/chat/completions (Caused by ReadTimeoutError("HTTPSConnectionPool(host=\'game.agaii.org\', port=443): Read timed out. (read timeout=180)"))'))
[ReasonBench] marked_unscorable example_id=ARC-Challenge:train:Mercury_SC_401284 strategy=critique_refine error_records=462
[ReasonBench] error example_id=ARC-Challenge:train:Mercury_SC_401284 strategy=self_consistency error=ConnectionError(MaxRetryError('HTTPSConnectionPool(host=\'game.agaii.org\', port=443): Max retries exceeded with url: /mllm/v1/chat/completions (Caused by ReadTimeoutError("HTTPSConnectionPool(host=\'game.agaii.org\', port=443): Read timed out. (read timeout=180)"))'))
[ReasonBench] marked_unscorable example_id=ARC-Challenge:train:Mercury_SC_401284 strategy=self_consistency error_records=463
[ReasonBench] error example_id=ARC-Challenge:train:Mercury_SC_401284 strategy=selective_self_consistency error=ConnectionError(MaxRetryError('HTTPSConnectionPool(host=\'game.agaii.org\', port=443): Max retries exceeded with url: /mllm/v1/chat/completions (Caused by ReadTimeoutError("HTTPSConnectionPool(host=\'game.agaii.org\', port=443): Read timed out. (read timeout=180)"))'))
[ReasonBench] marked_unscorable example_id=ARC-Challenge:train:Mercury_SC_401284 strategy=selective_self_consistency error_records=464
[ReasonBench] error example_id=ARC-Challenge:train:MCAS_2008_5_5634 strategy=direct error=ConnectionError(MaxRetryError('HTTPSConnectionPool(host=\'game.agaii.org\', port=443): Max retries exceeded with url: /mllm/v1/chat/completions (Caused by ReadTimeoutError("HTTPSConnectionPool(host=\'game.agaii.org\', port=443): Read timed out. (read timeout=180)"))'))
[ReasonBench] marked_unscorable example_id=ARC-Challenge:train:MCAS_2008_5_5634 strategy=direct error_records=465
[ReasonBench] error example_id=ARC-Challenge:train:MCAS_2008_5_5634 strategy=concise_cot error=ConnectionError(MaxRetryError('HTTPSConnectionPool(host=\'game.agaii.org\', port=443): Max retries exceeded with url: /mllm/v1/chat/completions (Caused by ReadTimeoutError("HTTPSConnectionPool(host=\'game.agaii.org\', port=443): Read timed out. (read timeout=180)"))'))
[ReasonBench] marked_unscorable example_id=ARC-Challenge:train:MCAS_2008_5_5634 strategy=concise_cot error_records=466
[ReasonBench] error example_id=ARC-Challenge:train:MCAS_2008_5_5634 strategy=least_to_most error=ConnectionError(MaxRetryError('HTTPSConnectionPool(host=\'game.agaii.org\', port=443): Max retries exceeded with url: /mllm/v1/chat/completions (Caused by ReadTimeoutError("HTTPSConnectionPool(host=\'game.agaii.org\', port=443): Read timed out. (read timeout=180)"))'))
[ReasonBench] marked_unscorable example_id=ARC-Challenge:train:MCAS_2008_5_5634 strategy=least_to_most error_records=467
[ReasonBench] error example_id=ARC-Challenge:train:MCAS_2008_5_5634 strategy=constraint_decompose error=ConnectionError(MaxRetryError('HTTPSConnectionPool(host=\'game.agaii.org\', port=443): Max retries exceeded with url: /mllm/v1/chat/completions (Caused by ReadTimeoutError("HTTPSConnectionPool(host=\'game.agaii.org\', port=443): Read timed out. (read timeout=180)"))'))
[ReasonBench] marked_unscorable example_id=ARC-Challenge:train:MCAS_2008_5_5634 strategy=constraint_decompose error_records=468
[ReasonBench] error example_id=ARC-Challenge:train:MCAS_2008_5_5634 strategy=self_verify error=ConnectionError(MaxRetryError('HTTPSConnectionPool(host=\'game.agaii.org\', port=443): Max retries exceeded with url: /mllm/v1/chat/completions (Caused by ReadTimeoutError("HTTPSConnectionPool(host=\'game.agaii.org\', port=443): Read timed out. (read timeout=180)"))'))
[ReasonBench] marked_unscorable example_id=ARC-Challenge:train:MCAS_2008_5_5634 strategy=self_verify error_records=469
[ReasonBench] error example_id=ARC-Challenge:train:MCAS_2008_5_5634 strategy=critique_refine error=ConnectionError(MaxRetryError('HTTPSConnectionPool(host=\'game.agaii.org\', port=443): Max retries exceeded with url: /mllm/v1/chat/completions (Caused by ReadTimeoutError("HTTPSConnectionPool(host=\'game.agaii.org\', port=443): Read timed out. (read timeout=180)"))'))
[ReasonBench] marked_unscorable example_id=ARC-Challenge:train:MCAS_2008_5_5634 strategy=critique_refine error_records=470
[ReasonBench] error example_id=ARC-Challenge:train:MCAS_2008_5_5634 strategy=self_consistency error=ConnectionError(MaxRetryError('HTTPSConnectionPool(host=\'game.agaii.org\', port=443): Max retries exceeded with url: /mllm/v1/chat/completions (Caused by ReadTimeoutError("HTTPSConnectionPool(host=\'game.agaii.org\', port=443): Read timed out. (read timeout=180)"))'))
[ReasonBench] marked_unscorable example_id=ARC-Challenge:train:MCAS_2008_5_5634 strategy=self_consistency error_records=471
[ReasonBench] error example_id=ARC-Challenge:train:MCAS_2008_5_5634 strategy=selective_self_consistency error=ConnectionError(MaxRetryError('HTTPSConnectionPool(host=\'game.agaii.org\', port=443): Max retries exceeded with url: /mllm/v1/chat/completions (Caused by ReadTimeoutError("HTTPSConnectionPool(host=\'game.agaii.org\', port=443): Read timed out. (read timeout=180)"))'))
[ReasonBench] marked_unscorable example_id=ARC-Challenge:train:MCAS_2008_5_5634 strategy=selective_self_consistency error_records=472
[ReasonBench] error example_id=ARC-Challenge:train:MCAS_2008_5_5634 strategy=budgeted_cascade error=ConnectionError(MaxRetryError('HTTPSConnectionPool(host=\'game.agaii.org\', port=443): Max retries exceeded with url: /mllm/v1/chat/completions (Caused by ReadTimeoutError("HTTPSConnectionPool(host=\'game.agaii.org\', port=443): Read timed out. (read timeout=180)"))'))
[ReasonBench] marked_unscorable example_id=ARC-Challenge:train:MCAS_2008_5_5634 strategy=budgeted_cascade error_records=473
[ReasonBench] error example_id=ARC-Challenge:train:MCAS_2008_5_5634 strategy=few_shot_exemplar error=ConnectionError(MaxRetryError('HTTPSConnectionPool(host=\'game.agaii.org\', port=443): Max retries exceeded with url: /mllm/v1/chat/completions (Caused by ReadTimeoutError("HTTPSConnectionPool(host=\'game.agaii.org\', port=443): Read timed out. (read timeout=180)"))'))
[ReasonBench] marked_unscorable example_id=ARC-Challenge:train:MCAS_2008_5_5634 strategy=few_shot_exemplar error_records=474
[ReasonBench] error example_id=ARC-Challenge:train:ACTAAP_2014_7_11 strategy=direct error=ConnectionError(MaxRetryError('HTTPSConnectionPool(host=\'game.agaii.org\', port=443): Max retries exceeded with url: /mllm/v1/chat/completions (Caused by ReadTimeoutError("HTTPSConnectionPool(host=\'game.agaii.org\', port=443): Read timed out. (read timeout=180)"))'))
[ReasonBench] marked_unscorable example_id=ARC-Challenge:train:ACTAAP_2014_7_11 strategy=direct error_records=475
[ReasonBench] error example_id=ARC-Challenge:train:ACTAAP_2014_7_11 strategy=concise_cot error=ConnectionError(MaxRetryError('HTTPSConnectionPool(host=\'game.agaii.org\', port=443): Max retries exceeded with url: /mllm/v1/chat/completions (Caused by ReadTimeoutError("HTTPSConnectionPool(host=\'game.agaii.org\', port=443): Read timed out. (read timeout=180)"))'))
[ReasonBench] marked_unscorable example_id=ARC-Challenge:train:ACTAAP_2014_7_11 strategy=concise_cot error_records=476
[ReasonBench] error example_id=ARC-Challenge:train:ACTAAP_2014_7_11 strategy=least_to_most error=ConnectionError(MaxRetryError('HTTPSConnectionPool(host=\'game.agaii.org\', port=443): Max retries exceeded with url: /mllm/v1/chat/completions (Caused by ReadTimeoutError("HTTPSConnectionPool(host=\'game.agaii.org\', port=443): Read timed out. (read timeout=180)"))'))
[ReasonBench] marked_unscorable example_id=ARC-Challenge:train:ACTAAP_2014_7_11 strategy=least_to_most error_records=477
[ReasonBench] error example_id=ARC-Challenge:train:ACTAAP_2014_7_11 strategy=constraint_decompose error=ConnectionError(MaxRetryError('HTTPSConnectionPool(host=\'game.agaii.org\', port=443): Max retries exceeded with url: /mllm/v1/chat/completions (Caused by ReadTimeoutError("HTTPSConnectionPool(host=\'game.agaii.org\', port=443): Read timed out. (read timeout=180)"))'))
[ReasonBench] marked_unscorable example_id=ARC-Challenge:train:ACTAAP_2014_7_11 strategy=constraint_decompose error_records=478
[ReasonBench] error example_id=ARC-Challenge:train:ACTAAP_2014_7_11 strategy=self_verify error=ConnectionError(MaxRetryError('HTTPSConnectionPool(host=\'game.agaii.org\', port=443): Max retries exceeded with url: /mllm/v1/chat/completions (Caused by ReadTimeoutError("HTTPSConnectionPool(host=\'game.agaii.org\', port=443): Read timed out. (read timeout=180)"))'))
[ReasonBench] marked_unscorable example_id=ARC-Challenge:train:ACTAAP_2014_7_11 strategy=self_verify error_records=479
[ReasonBench] error example_id=ARC-Challenge:train:ACTAAP_2014_7_11 strategy=critique_refine error=ConnectionError(MaxRetryError('HTTPSConnectionPool(host=\'game.agaii.org\', port=443): Max retries exceeded with url: /mllm/v1/chat/completions (Caused by ReadTimeoutError("HTTPSConnectionPool(host=\'game.agaii.org\', port=443): Read timed out. (read timeout=180)"))'))
[ReasonBench] marked_unscorable example_id=ARC-Challenge:train:ACTAAP_2014_7_11 strategy=critique_refine error_records=480
[ReasonBench] error example_id=ARC-Challenge:train:ACTAAP_2014_7_11 strategy=self_consistency error=ConnectionError(MaxRetryError('HTTPSConnectionPool(host=\'game.agaii.org\', port=443): Max retries exceeded with url: /mllm/v1/chat/completions (Caused by ReadTimeoutError("HTTPSConnectionPool(host=\'game.agaii.org\', port=443): Read timed out. (read timeout=180)"))'))
[ReasonBench] marked_unscorable example_id=ARC-Challenge:train:ACTAAP_2014_7_11 strategy=self_consistency error_records=481
[ReasonBench] error example_id=ARC-Challenge:train:ACTAAP_2014_7_11 strategy=selective_self_consistency error=ConnectionError(MaxRetryError('HTTPSConnectionPool(host=\'game.agaii.org\', port=443): Max retries exceeded with url: /mllm/v1/chat/completions (Caused by ReadTimeoutError("HTTPSConnectionPool(host=\'game.agaii.org\', port=443): Read timed out. (read timeout=180)"))'))
[ReasonBench] marked_unscorable example_id=ARC-Challenge:train:ACTAAP_2014_7_11 strategy=selective_self_consistency error_records=482
[ReasonBench] error example_id=ARC-Challenge:train:ACTAAP_2014_7_11 strategy=budgeted_cascade error=ConnectionError(MaxRetryError('HTTPSConnectionPool(host=\'game.agaii.org\', port=443): Max retries exceeded with url: /mllm/v1/chat/completions (Caused by ReadTimeoutError("HTTPSConnectionPool(host=\'game.agaii.org\', port=443): Read timed out. (read timeout=180)"))'))
[ReasonBench] marked_unscorable example_id=ARC-Challenge:train:ACTAAP_2014_7_11 strategy=budgeted_cascade error_records=483
[ReasonBench] error example_id=ARC-Challenge:train:ACTAAP_2014_7_11 strategy=few_shot_exemplar error=ConnectionError(MaxRetryError('HTTPSConnectionPool(host=\'game.agaii.org\', port=443): Max retries exceeded with url: /mllm/v1/chat/completions (Caused by ReadTimeoutError("HTTPSConnectionPool(host=\'game.agaii.org\', port=443): Read timed out. (read timeout=180)"))'))
[ReasonBench] marked_unscorable example_id=ARC-Challenge:train:ACTAAP_2014_7_11 strategy=few_shot_exemplar error_records=484
[ReasonBench] error example_id=ARC-Challenge:train:Mercury_7120785 strategy=direct error=ConnectionError(MaxRetryError('HTTPSConnectionPool(host=\'game.agaii.org\', port=443): Max retries exceeded with url: /mllm/v1/chat/completions (Caused by ReadTimeoutError("HTTPSConnectionPool(host=\'game.agaii.org\', port=443): Read timed out. (read timeout=180)"))'))
[ReasonBench] marked_unscorable example_id=ARC-Challenge:train:Mercury_7120785 strategy=direct error_records=485
[ReasonBench] error example_id=ARC-Challenge:train:Mercury_7120785 strategy=concise_cot error=ConnectionError(MaxRetryError('HTTPSConnectionPool(host=\'game.agaii.org\', port=443): Max retries exceeded with url: /mllm/v1/chat/completions (Caused by ReadTimeoutError("HTTPSConnectionPool(host=\'game.agaii.org\', port=443): Read timed out. (read timeout=180)"))'))
[ReasonBench] marked_unscorable example_id=ARC-Challenge:train:Mercury_7120785 strategy=concise_cot error_records=486
[ReasonBench] error example_id=ARC-Challenge:train:Mercury_7120785 strategy=least_to_most error=ConnectionError(MaxRetryError('HTTPSConnectionPool(host=\'game.agaii.org\', port=443): Max retries exceeded with url: /mllm/v1/chat/completions (Caused by ReadTimeoutError("HTTPSConnectionPool(host=\'game.agaii.org\', port=443): Read timed out. (read timeout=180)"))'))
[ReasonBench] marked_unscorable example_id=ARC-Challenge:train:Mercury_7120785 strategy=least_to_most error_records=487
[ReasonBench] error example_id=ARC-Challenge:train:Mercury_7120785 strategy=constraint_decompose error=ConnectionError(MaxRetryError('HTTPSConnectionPool(host=\'game.agaii.org\', port=443): Max retries exceeded with url: /mllm/v1/chat/completions (Caused by ReadTimeoutError("HTTPSConnectionPool(host=\'game.agaii.org\', port=443): Read timed out. (read timeout=180)"))'))
[ReasonBench] marked_unscorable example_id=ARC-Challenge:train:Mercury_7120785 strategy=constraint_decompose error_records=488
[ReasonBench] error example_id=ARC-Challenge:train:Mercury_7120785 strategy=self_verify error=ConnectionError(MaxRetryError('HTTPSConnectionPool(host=\'game.agaii.org\', port=443): Max retries exceeded with url: /mllm/v1/chat/completions (Caused by ReadTimeoutError("HTTPSConnectionPool(host=\'game.agaii.org\', port=443): Read timed out. (read timeout=180)"))'))
[ReasonBench] marked_unscorable example_id=ARC-Challenge:train:Mercury_7120785 strategy=self_verify error_records=489
[ReasonBench] error example_id=ARC-Challenge:train:Mercury_7120785 strategy=critique_refine error=ConnectionError(MaxRetryError('HTTPSConnectionPool(host=\'game.agaii.org\', port=443): Max retries exceeded with url: /mllm/v1/chat/completions (Caused by ReadTimeoutError("HTTPSConnectionPool(host=\'game.agaii.org\', port=443): Read timed out. (read timeout=180)"))'))
[ReasonBench] marked_unscorable example_id=ARC-Challenge:train:Mercury_7120785 strategy=critique_refine error_records=490
[ReasonBench] error example_id=ARC-Challenge:train:Mercury_7120785 strategy=self_consistency error=ConnectionError(MaxRetryError('HTTPSConnectionPool(host=\'game.agaii.org\', port=443): Max retries exceeded with url: /mllm/v1/chat/completions (Caused by ReadTimeoutError("HTTPSConnectionPool(host=\'game.agaii.org\', port=443): Read timed out. (read timeout=180)"))'))
[ReasonBench] marked_unscorable example_id=ARC-Challenge:train:Mercury_7120785 strategy=self_consistency error_records=491
[ReasonBench] error example_id=ARC-Challenge:train:Mercury_7120785 strategy=selective_self_consistency error=ConnectionError(MaxRetryError('HTTPSConnectionPool(host=\'game.agaii.org\', port=443): Max retries exceeded with url: /mllm/v1/chat/completions (Caused by ReadTimeoutError("HTTPSConnectionPool(host=\'game.agaii.org\', port=443): Read timed out. (read timeout=180)"))'))
[ReasonBench] marked_unscorable example_id=ARC-Challenge:train:Mercury_7120785 strategy=selective_self_consistency error_records=492
[ReasonBench] error example_id=ARC-Challenge:train:Mercury_7120785 strategy=budgeted_cascade error=ConnectionError(MaxRetryError('HTTPSConnectionPool(host=\'game.agaii.org\', port=443): Max retries exceeded with url: /mllm/v1/chat/completions (Caused by ReadTimeoutError("HTTPSConnectionPool(host=\'game.agaii.org\', port=443): Read timed out. (read timeout=180)"))'))
[ReasonBench] marked_unscorable example_id=ARC-Challenge:train:Mercury_7120785 strategy=budgeted_cascade error_records=493
[ReasonBench] error example_id=ARC-Challenge:train:Mercury_7120785 strategy=few_shot_exemplar error=ConnectionError(MaxRetryError('HTTPSConnectionPool(host=\'game.agaii.org\', port=443): Max retries exceeded with url: /mllm/v1/chat/completions (Caused by ReadTimeoutError("HTTPSConnectionPool(host=\'game.agaii.org\', port=443): Read timed out. (read timeout=180)"))'))
[ReasonBench] marked_unscorable example_id=ARC-Challenge:train:Mercury_7120785 strategy=few_shot_exemplar error_records=494
[ReasonBench] error example_id=ARC-Challenge:train:TIMSS_2011_4_pg67 strategy=direct error=ConnectionError(MaxRetryError('HTTPSConnectionPool(host=\'game.agaii.org\', port=443): Max retries exceeded with url: /mllm/v1/chat/completions (Caused by ReadTimeoutError("HTTPSConnectionPool(host=\'game.agaii.org\', port=443): Read timed out. (read timeout=180)"))'))
[ReasonBench] marked_unscorable example_id=ARC-Challenge:train:TIMSS_2011_4_pg67 strategy=direct error_records=495
[ReasonBench] error example_id=ARC-Challenge:train:TIMSS_2011_4_pg67 strategy=concise_cot error=ConnectionError(MaxRetryError('HTTPSConnectionPool(host=\'game.agaii.org\', port=443): Max retries exceeded with url: /mllm/v1/chat/completions (Caused by ReadTimeoutError("HTTPSConnectionPool(host=\'game.agaii.org\', port=443): Read timed out. (read timeout=180)"))'))
[ReasonBench] marked_unscorable example_id=ARC-Challenge:train:TIMSS_2011_4_pg67 strategy=concise_cot error_records=496
[ReasonBench] error example_id=ARC-Challenge:train:TIMSS_2011_4_pg67 strategy=least_to_most error=ConnectionError(MaxRetryError('HTTPSConnectionPool(host=\'game.agaii.org\', port=443): Max retries exceeded with url: /mllm/v1/chat/completions (Caused by ReadTimeoutError("HTTPSConnectionPool(host=\'game.agaii.org\', port=443): Read timed out. (read timeout=180)"))'))
[ReasonBench] marked_unscorable example_id=ARC-Challenge:train:TIMSS_2011_4_pg67 strategy=least_to_most error_records=497
[ReasonBench] error example_id=ARC-Challenge:train:TIMSS_2011_4_pg67 strategy=constraint_decompose error=ConnectionError(MaxRetryError('HTTPSConnectionPool(host=\'game.agaii.org\', port=443): Max retries exceeded with url: /mllm/v1/chat/completions (Caused by ReadTimeoutError("HTTPSConnectionPool(host=\'game.agaii.org\', port=443): Read timed out. (read timeout=180)"))'))
[ReasonBench] marked_unscorable example_id=ARC-Challenge:train:TIMSS_2011_4_pg67 strategy=constraint_decompose error_records=498
[ReasonBench] error example_id=ARC-Challenge:train:TIMSS_2011_4_pg67 strategy=self_verify error=ConnectionError(MaxRetryError('HTTPSConnectionPool(host=\'game.agaii.org\', port=443): Max retries exceeded with url: /mllm/v1/chat/completions (Caused by ReadTimeoutError("HTTPSConnectionPool(host=\'game.agaii.org\', port=443): Read timed out. (read timeout=180)"))'))
[ReasonBench] marked_unscorable example_id=ARC-Challenge:train:TIMSS_2011_4_pg67 strategy=self_verify error_records=499
[ReasonBench] error example_id=ARC-Challenge:train:TIMSS_2011_4_pg67 strategy=critique_refine error=ConnectionError(MaxRetryError('HTTPSConnectionPool(host=\'game.agaii.org\', port=443): Max retries exceeded with url: /mllm/v1/chat/completions (Caused by ReadTimeoutError("HTTPSConnectionPool(host=\'game.agaii.org\', port=443): Read timed out. (read timeout=180)"))'))
[ReasonBench] marked_unscorable example_id=ARC-Challenge:train:TIMSS_2011_4_pg67 strategy=critique_refine error_records=500
[ReasonBench] error example_id=ARC-Challenge:train:TIMSS_2011_4_pg67 strategy=self_consistency error=ConnectionError(MaxRetryError('HTTPSConnectionPool(host=\'game.agaii.org\', port=443): Max retries exceeded with url: /mllm/v1/chat/completions (Caused by ReadTimeoutError("HTTPSConnectionPool(host=\'game.agaii.org\', port=443): Read timed out. (read timeout=180)"))'))
[ReasonBench] marked_unscorable example_id=ARC-Challenge:train:TIMSS_2011_4_pg67 strategy=self_consistency error_records=501
[ReasonBench] error example_id=ARC-Challenge:train:TIMSS_2011_4_pg67 strategy=selective_self_consistency error=ConnectionError(MaxRetryError('HTTPSConnectionPool(host=\'game.agaii.org\', port=443): Max retries exceeded with url: /mllm/v1/chat/completions (Caused by ReadTimeoutError("HTTPSConnectionPool(host=\'game.agaii.org\', port=443): Read timed out. (read timeout=180)"))'))
[ReasonBench] marked_unscorable example_id=ARC-Challenge:train:TIMSS_2011_4_pg67 strategy=selective_self_consistency error_records=502
[ReasonBench] error example_id=ARC-Challenge:train:TIMSS_2011_4_pg67 strategy=budgeted_cascade error=ConnectionError(MaxRetryError('HTTPSConnectionPool(host=\'game.agaii.org\', port=443): Max retries exceeded with url: /mllm/v1/chat/completions (Caused by ReadTimeoutError("HTTPSConnectionPool(host=\'game.agaii.org\', port=443): Read timed out. (read timeout=180)"))'))
[ReasonBench] marked_unscorable example_id=ARC-Challenge:train:TIMSS_2011_4_pg67 strategy=budgeted_cascade error_records=503
[ReasonBench] error example_id=ARC-Challenge:train:TIMSS_2011_4_pg67 strategy=few_shot_exemplar error=ConnectionError(MaxRetryError('HTTPSConnectionPool(host=\'game.agaii.org\', port=443): Max retries exceeded with url: /mllm/v1/chat/completions (Caused by ReadTimeoutError("HTTPSConnectionPool(host=\'game.agaii.org\', port=443): Read timed out. (read timeout=180)"))'))
[ReasonBench] marked_unscorable example_id=ARC-Challenge:train:TIMSS_2011_4_pg67 strategy=few_shot_exemplar error_records=504
[ReasonBench] error example_id=ARC-Challenge:train:Mercury_402363 strategy=concise_cot error=ConnectionError(MaxRetryError('HTTPSConnectionPool(host=\'game.agaii.org\', port=443): Max retries exceeded with url: /mllm/v1/chat/completions (Caused by ReadTimeoutError("HTTPSConnectionPool(host=\'game.agaii.org\', port=443): Read timed out. (read timeout=180)"))'))
[ReasonBench] marked_unscorable example_id=ARC-Challenge:train:Mercury_402363 strategy=concise_cot error_records=505
[ReasonBench] error example_id=ARC-Challenge:train:Mercury_402363 strategy=least_to_most error=ConnectionError(MaxRetryError('HTTPSConnectionPool(host=\'game.agaii.org\', port=443): Max retries exceeded with url: /mllm/v1/chat/completions (Caused by ReadTimeoutError("HTTPSConnectionPool(host=\'game.agaii.org\', port=443): Read timed out. (read timeout=180)"))'))
[ReasonBench] marked_unscorable example_id=ARC-Challenge:train:Mercury_402363 strategy=least_to_most error_records=506
[ReasonBench] error example_id=ARC-Challenge:train:Mercury_402363 strategy=constraint_decompose error=ConnectionError(MaxRetryError('HTTPSConnectionPool(host=\'game.agaii.org\', port=443): Max retries exceeded with url: /mllm/v1/chat/completions (Caused by ReadTimeoutError("HTTPSConnectionPool(host=\'game.agaii.org\', port=443): Read timed out. (read timeout=180)"))'))
[ReasonBench] marked_unscorable example_id=ARC-Challenge:train:Mercury_402363 strategy=constraint_decompose error_records=507
[ReasonBench] error example_id=ARC-Challenge:train:Mercury_402363 strategy=self_verify error=ConnectionError(MaxRetryError('HTTPSConnectionPool(host=\'game.agaii.org\', port=443): Max retries exceeded with url: /mllm/v1/chat/completions (Caused by ReadTimeoutError("HTTPSConnectionPool(host=\'game.agaii.org\', port=443): Read timed out. (read timeout=180)"))'))
[ReasonBench] marked_unscorable example_id=ARC-Challenge:train:Mercury_402363 strategy=self_verify error_records=508
[ReasonBench] error example_id=ARC-Challenge:train:Mercury_402363 strategy=few_shot_exemplar error=ConnectionError(MaxRetryError('HTTPSConnectionPool(host=\'game.agaii.org\', port=443): Max retries exceeded with url: /mllm/v1/chat/completions (Caused by ReadTimeoutError("HTTPSConnectionPool(host=\'game.agaii.org\', port=443): Read timed out. (read timeout=180)"))'))
[ReasonBench] marked_unscorable example_id=ARC-Challenge:train:Mercury_402363 strategy=few_shot_exemplar error_records=509
[ReasonBench] error example_id=ARC-Challenge:train:Mercury_402363 strategy=critique_refine error=ConnectionError(MaxRetryError('HTTPSConnectionPool(host=\'game.agaii.org\', port=443): Max retries exceeded with url: /mllm/v1/chat/completions (Caused by ReadTimeoutError("HTTPSConnectionPool(host=\'game.agaii.org\', port=443): Read timed out. (read timeout=180)"))'))
[ReasonBench] marked_unscorable example_id=ARC-Challenge:train:Mercury_402363 strategy=critique_refine error_records=510
[ReasonBench] error example_id=ARC-Challenge:train:MDSA_2010_4_14 strategy=direct error=ConnectionError(MaxRetryError('HTTPSConnectionPool(host=\'game.agaii.org\', port=443): Max retries exceeded with url: /mllm/v1/chat/completions (Caused by ReadTimeoutError("HTTPSConnectionPool(host=\'game.agaii.org\', port=443): Read timed out. (read timeout=180)"))'))
[ReasonBench] marked_unscorable example_id=ARC-Challenge:train:MDSA_2010_4_14 strategy=direct error_records=511
[ReasonBench] error example_id=ARC-Challenge:train:MDSA_2010_4_14 strategy=concise_cot error=ConnectionError(MaxRetryError('HTTPSConnectionPool(host=\'game.agaii.org\', port=443): Max retries exceeded with url: /mllm/v1/chat/completions (Caused by ReadTimeoutError("HTTPSConnectionPool(host=\'game.agaii.org\', port=443): Read timed out. (read timeout=180)"))'))
[ReasonBench] marked_unscorable example_id=ARC-Challenge:train:MDSA_2010_4_14 strategy=concise_cot error_records=512
[ReasonBench] error example_id=ARC-Challenge:train:MDSA_2010_4_14 strategy=least_to_most error=ConnectionError(MaxRetryError('HTTPSConnectionPool(host=\'game.agaii.org\', port=443): Max retries exceeded with url: /mllm/v1/chat/completions (Caused by ReadTimeoutError("HTTPSConnectionPool(host=\'game.agaii.org\', port=443): Read timed out. (read timeout=180)"))'))
[ReasonBench] marked_unscorable example_id=ARC-Challenge:train:MDSA_2010_4_14 strategy=least_to_most error_records=513
[ReasonBench] error example_id=ARC-Challenge:train:MDSA_2010_4_14 strategy=constraint_decompose error=ConnectionError(MaxRetryError('HTTPSConnectionPool(host=\'game.agaii.org\', port=443): Max retries exceeded with url: /mllm/v1/chat/completions (Caused by ReadTimeoutError("HTTPSConnectionPool(host=\'game.agaii.org\', port=443): Read timed out. (read timeout=180)"))'))
[ReasonBench] marked_unscorable example_id=ARC-Challenge:train:MDSA_2010_4_14 strategy=constraint_decompose error_records=514
[ReasonBench] error example_id=ARC-Challenge:train:MDSA_2010_4_14 strategy=self_verify error=ConnectionError(MaxRetryError('HTTPSConnectionPool(host=\'game.agaii.org\', port=443): Max retries exceeded with url: /mllm/v1/chat/completions (Caused by ReadTimeoutError("HTTPSConnectionPool(host=\'game.agaii.org\', port=443): Read timed out. (read timeout=180)"))'))
[ReasonBench] marked_unscorable example_id=ARC-Challenge:train:MDSA_2010_4_14 strategy=self_verify error_records=515
[ReasonBench] error example_id=ARC-Challenge:train:MDSA_2010_4_14 strategy=critique_refine error=ConnectionError(MaxRetryError('HTTPSConnectionPool(host=\'game.agaii.org\', port=443): Max retries exceeded with url: /mllm/v1/chat/completions (Caused by ReadTimeoutError("HTTPSConnectionPool(host=\'game.agaii.org\', port=443): Read timed out. (read timeout=180)"))'))
[ReasonBench] marked_unscorable example_id=ARC-Challenge:train:MDSA_2010_4_14 strategy=critique_refine error_records=516
[ReasonBench] error example_id=ARC-Challenge:train:MDSA_2010_4_14 strategy=self_consistency error=ConnectionError(MaxRetryError('HTTPSConnectionPool(host=\'game.agaii.org\', port=443): Max retries exceeded with url: /mllm/v1/chat/completions (Caused by ReadTimeoutError("HTTPSConnectionPool(host=\'game.agaii.org\', port=443): Read timed out. (read timeout=180)"))'))
[ReasonBench] marked_unscorable example_id=ARC-Challenge:train:MDSA_2010_4_14 strategy=self_consistency error_records=517
[ReasonBench] error example_id=ARC-Challenge:train:MDSA_2010_4_14 strategy=selective_self_consistency error=ConnectionError(MaxRetryError('HTTPSConnectionPool(host=\'game.agaii.org\', port=443): Max retries exceeded with url: /mllm/v1/chat/completions (Caused by ReadTimeoutError("HTTPSConnectionPool(host=\'game.agaii.org\', port=443): Read timed out. (read timeout=180)"))'))
[ReasonBench] marked_unscorable example_id=ARC-Challenge:train:MDSA_2010_4_14 strategy=selective_self_consistency error_records=518
[ReasonBench] error example_id=ARC-Challenge:train:MDSA_2010_4_14 strategy=budgeted_cascade error=ConnectionError(MaxRetryError('HTTPSConnectionPool(host=\'game.agaii.org\', port=443): Max retries exceeded with url: /mllm/v1/chat/completions (Caused by ReadTimeoutError("HTTPSConnectionPool(host=\'game.agaii.org\', port=443): Read timed out. (read timeout=180)"))'))
[ReasonBench] marked_unscorable example_id=ARC-Challenge:train:MDSA_2010_4_14 strategy=budgeted_cascade error_records=519
[ReasonBench] error example_id=ARC-Challenge:train:MDSA_2010_4_14 strategy=few_shot_exemplar error=ConnectionError(MaxRetryError('HTTPSConnectionPool(host=\'game.agaii.org\', port=443): Max retries exceeded with url: /mllm/v1/chat/completions (Caused by ReadTimeoutError("HTTPSConnectionPool(host=\'game.agaii.org\', port=443): Read timed out. (read timeout=180)"))'))
[ReasonBench] marked_unscorable example_id=ARC-Challenge:train:MDSA_2010_4_14 strategy=few_shot_exemplar error_records=520
[ReasonBench] error example_id=ARC-Challenge:train:Mercury_7163258 strategy=direct error=ConnectionError(MaxRetryError('HTTPSConnectionPool(host=\'game.agaii.org\', port=443): Max retries exceeded with url: /mllm/v1/chat/completions (Caused by ReadTimeoutError("HTTPSConnectionPool(host=\'game.agaii.org\', port=443): Read timed out. (read timeout=180)"))'))
[ReasonBench] marked_unscorable example_id=ARC-Challenge:train:Mercury_7163258 strategy=direct error_records=521
[ReasonBench] error example_id=ARC-Challenge:train:Mercury_7163258 strategy=concise_cot error=ConnectionError(MaxRetryError('HTTPSConnectionPool(host=\'game.agaii.org\', port=443): Max retries exceeded with url: /mllm/v1/chat/completions (Caused by ReadTimeoutError("HTTPSConnectionPool(host=\'game.agaii.org\', port=443): Read timed out. (read timeout=180)"))'))
[ReasonBench] marked_unscorable example_id=ARC-Challenge:train:Mercury_7163258 strategy=concise_cot error_records=522
[ReasonBench] error example_id=ARC-Challenge:train:Mercury_7163258 strategy=least_to_most error=ConnectionError(MaxRetryError('HTTPSConnectionPool(host=\'game.agaii.org\', port=443): Max retries exceeded with url: /mllm/v1/chat/completions (Caused by ReadTimeoutError("HTTPSConnectionPool(host=\'game.agaii.org\', port=443): Read timed out. (read timeout=180)"))'))
[ReasonBench] marked_unscorable example_id=ARC-Challenge:train:Mercury_7163258 strategy=least_to_most error_records=523
[ReasonBench] error example_id=ARC-Challenge:train:Mercury_7163258 strategy=constraint_decompose error=ConnectionError(MaxRetryError('HTTPSConnectionPool(host=\'game.agaii.org\', port=443): Max retries exceeded with url: /mllm/v1/chat/completions (Caused by ReadTimeoutError("HTTPSConnectionPool(host=\'game.agaii.org\', port=443): Read timed out. (read timeout=180)"))'))
[ReasonBench] marked_unscorable example_id=ARC-Challenge:train:Mercury_7163258 strategy=constraint_decompose error_records=524
[ReasonBench] error example_id=ARC-Challenge:train:Mercury_7163258 strategy=self_verify error=ConnectionError(MaxRetryError('HTTPSConnectionPool(host=\'game.agaii.org\', port=443): Max retries exceeded with url: /mllm/v1/chat/completions (Caused by ReadTimeoutError("HTTPSConnectionPool(host=\'game.agaii.org\', port=443): Read timed out. (read timeout=180)"))'))
[ReasonBench] marked_unscorable example_id=ARC-Challenge:train:Mercury_7163258 strategy=self_verify error_records=525
[ReasonBench] error example_id=ARC-Challenge:train:Mercury_7163258 strategy=critique_refine error=ConnectionError(MaxRetryError('HTTPSConnectionPool(host=\'game.agaii.org\', port=443): Max retries exceeded with url: /mllm/v1/chat/completions (Caused by ReadTimeoutError("HTTPSConnectionPool(host=\'game.agaii.org\', port=443): Read timed out. (read timeout=180)"))'))
[ReasonBench] marked_unscorable example_id=ARC-Challenge:train:Mercury_7163258 strategy=critique_refine error_records=526
[ReasonBench] error example_id=ARC-Challenge:train:Mercury_7163258 strategy=self_consistency error=ConnectionError(MaxRetryError('HTTPSConnectionPool(host=\'game.agaii.org\', port=443): Max retries exceeded with url: /mllm/v1/chat/completions (Caused by ReadTimeoutError("HTTPSConnectionPool(host=\'game.agaii.org\', port=443): Read timed out. (read timeout=180)"))'))
[ReasonBench] marked_unscorable example_id=ARC-Challenge:train:Mercury_7163258 strategy=self_consistency error_records=527
[ReasonBench] error example_id=ARC-Challenge:train:Mercury_7163258 strategy=selective_self_consistency error=ConnectionError(MaxRetryError('HTTPSConnectionPool(host=\'game.agaii.org\', port=443): Max retries exceeded with url: /mllm/v1/chat/completions (Caused by ReadTimeoutError("HTTPSConnectionPool(host=\'game.agaii.org\', port=443): Read timed out. (read timeout=180)"))'))
[ReasonBench] marked_unscorable example_id=ARC-Challenge:train:Mercury_7163258 strategy=selective_self_consistency error_records=528
[ReasonBench] error example_id=ARC-Challenge:train:Mercury_7163258 strategy=budgeted_cascade error=ConnectionError(MaxRetryError('HTTPSConnectionPool(host=\'game.agaii.org\', port=443): Max retries exceeded with url: /mllm/v1/chat/completions (Caused by ReadTimeoutError("HTTPSConnectionPool(host=\'game.agaii.org\', port=443): Read timed out. (read timeout=180)"))'))
[ReasonBench] marked_unscorable example_id=ARC-Challenge:train:Mercury_7163258 strategy=budgeted_cascade error_records=529
[ReasonBench] error example_id=ARC-Challenge:train:Mercury_7163258 strategy=few_shot_exemplar error=ConnectionError(MaxRetryError('HTTPSConnectionPool(host=\'game.agaii.org\', port=443): Max retries exceeded with url: /mllm/v1/chat/completions (Caused by ReadTimeoutError("HTTPSConnectionPool(host=\'game.agaii.org\', port=443): Read timed out. (read timeout=180)"))'))
[ReasonBench] marked_unscorable example_id=ARC-Challenge:train:Mercury_7163258 strategy=few_shot_exemplar error_records=530
[ReasonBench] error example_id=ARC-Challenge:train:Mercury_7083808 strategy=direct error=ConnectionError(MaxRetryError('HTTPSConnectionPool(host=\'game.agaii.org\', port=443): Max retries exceeded with url: /mllm/v1/chat/completions (Caused by ReadTimeoutError("HTTPSConnectionPool(host=\'game.agaii.org\', port=443): Read timed out. (read timeout=180)"))'))
[ReasonBench] marked_unscorable example_id=ARC-Challenge:train:Mercury_7083808 strategy=direct error_records=531
[ReasonBench] error example_id=ARC-Challenge:train:Mercury_7083808 strategy=concise_cot error=ConnectionError(MaxRetryError('HTTPSConnectionPool(host=\'game.agaii.org\', port=443): Max retries exceeded with url: /mllm/v1/chat/completions (Caused by ReadTimeoutError("HTTPSConnectionPool(host=\'game.agaii.org\', port=443): Read timed out. (read timeout=180)"))'))
[ReasonBench] marked_unscorable example_id=ARC-Challenge:train:Mercury_7083808 strategy=concise_cot error_records=532
[ReasonBench] error example_id=ARC-Challenge:train:Mercury_7083808 strategy=least_to_most error=ConnectionError(MaxRetryError('HTTPSConnectionPool(host=\'game.agaii.org\', port=443): Max retries exceeded with url: /mllm/v1/chat/completions (Caused by ReadTimeoutError("HTTPSConnectionPool(host=\'game.agaii.org\', port=443): Read timed out. (read timeout=180)"))'))
[ReasonBench] marked_unscorable example_id=ARC-Challenge:train:Mercury_7083808 strategy=least_to_most error_records=533
[ReasonBench] error example_id=ARC-Challenge:train:Mercury_7083808 strategy=constraint_decompose error=ConnectionError(MaxRetryError('HTTPSConnectionPool(host=\'game.agaii.org\', port=443): Max retries exceeded with url: /mllm/v1/chat/completions (Caused by ReadTimeoutError("HTTPSConnectionPool(host=\'game.agaii.org\', port=443): Read timed out. (read timeout=180)"))'))
[ReasonBench] marked_unscorable example_id=ARC-Challenge:train:Mercury_7083808 strategy=constraint_decompose error_records=534
[ReasonBench] error example_id=ARC-Challenge:train:Mercury_7083808 strategy=self_verify error=ConnectionError(MaxRetryError('HTTPSConnectionPool(host=\'game.agaii.org\', port=443): Max retries exceeded with url: /mllm/v1/chat/completions (Caused by ReadTimeoutError("HTTPSConnectionPool(host=\'game.agaii.org\', port=443): Read timed out. (read timeout=180)"))'))
[ReasonBench] marked_unscorable example_id=ARC-Challenge:train:Mercury_7083808 strategy=self_verify error_records=535
[ReasonBench] error example_id=ARC-Challenge:train:Mercury_7083808 strategy=critique_refine error=ConnectionError(MaxRetryError('HTTPSConnectionPool(host=\'game.agaii.org\', port=443): Max retries exceeded with url: /mllm/v1/chat/completions (Caused by ReadTimeoutError("HTTPSConnectionPool(host=\'game.agaii.org\', port=443): Read timed out. (read timeout=180)"))'))
[ReasonBench] marked_unscorable example_id=ARC-Challenge:train:Mercury_7083808 strategy=critique_refine error_records=536
[ReasonBench] error example_id=ARC-Challenge:train:Mercury_7083808 strategy=self_consistency error=ConnectionError(MaxRetryError('HTTPSConnectionPool(host=\'game.agaii.org\', port=443): Max retries exceeded with url: /mllm/v1/chat/completions (Caused by ReadTimeoutError("HTTPSConnectionPool(host=\'game.agaii.org\', port=443): Read timed out. (read timeout=180)"))'))
[ReasonBench] marked_unscorable example_id=ARC-Challenge:train:Mercury_7083808 strategy=self_consistency error_records=537
[ReasonBench] error example_id=ARC-Challenge:train:Mercury_7083808 strategy=selective_self_consistency error=ConnectionError(MaxRetryError('HTTPSConnectionPool(host=\'game.agaii.org\', port=443): Max retries exceeded with url: /mllm/v1/chat/completions (Caused by ReadTimeoutError("HTTPSConnectionPool(host=\'game.agaii.org\', port=443): Read timed out. (read timeout=180)"))'))
[ReasonBench] marked_unscorable example_id=ARC-Challenge:train:Mercury_7083808 strategy=selective_self_consistency error_records=538
[ReasonBench] error example_id=ARC-Challenge:train:Mercury_7083808 strategy=budgeted_cascade error=ConnectionError(MaxRetryError('HTTPSConnectionPool(host=\'game.agaii.org\', port=443): Max retries exceeded with url: /mllm/v1/chat/completions (Caused by ReadTimeoutError("HTTPSConnectionPool(host=\'game.agaii.org\', port=443): Read timed out. (read timeout=180)"))'))
[ReasonBench] marked_unscorable example_id=ARC-Challenge:train:Mercury_7083808 strategy=budgeted_cascade error_records=539
[ReasonBench] error example_id=ARC-Challenge:train:Mercury_7083808 strategy=few_shot_exemplar error=ConnectionError(MaxRetryError('HTTPSConnectionPool(host=\'game.agaii.org\', port=443): Max retries exceeded with url: /mllm/v1/chat/completions (Caused by ReadTimeoutError("HTTPSConnectionPool(host=\'game.agaii.org\', port=443): Read timed out. (read timeout=180)"))'))
[ReasonBench] marked_unscorable example_id=ARC-Challenge:train:Mercury_7083808 strategy=few_shot_exemplar error_records=540
[ReasonBench] error example_id=ARC-Challenge:train:MSA_2012_5_14 strategy=direct error=ConnectionError(MaxRetryError('HTTPSConnectionPool(host=\'game.agaii.org\', port=443): Max retries exceeded with url: /mllm/v1/chat/completions (Caused by ReadTimeoutError("HTTPSConnectionPool(host=\'game.agaii.org\', port=443): Read timed out. (read timeout=180)"))'))
[ReasonBench] marked_unscorable example_id=ARC-Challenge:train:MSA_2012_5_14 strategy=direct error_records=541
[ReasonBench] error example_id=ARC-Challenge:train:MSA_2012_5_14 strategy=concise_cot error=ConnectionError(MaxRetryError('HTTPSConnectionPool(host=\'game.agaii.org\', port=443): Max retries exceeded with url: /mllm/v1/chat/completions (Caused by ReadTimeoutError("HTTPSConnectionPool(host=\'game.agaii.org\', port=443): Read timed out. (read timeout=180)"))'))
[ReasonBench] marked_unscorable example_id=ARC-Challenge:train:MSA_2012_5_14 strategy=concise_cot error_records=542
[ReasonBench] error example_id=ARC-Challenge:train:MSA_2012_5_14 strategy=self_verify error=ConnectionError(MaxRetryError('HTTPSConnectionPool(host=\'game.agaii.org\', port=443): Max retries exceeded with url: /mllm/v1/chat/completions (Caused by ReadTimeoutError("HTTPSConnectionPool(host=\'game.agaii.org\', port=443): Read timed out. (read timeout=180)"))'))
[ReasonBench] marked_unscorable example_id=ARC-Challenge:train:MSA_2012_5_14 strategy=self_verify error_records=543
[ReasonBench] error example_id=ARC-Challenge:train:MSA_2012_5_14 strategy=critique_refine error=ConnectionError(MaxRetryError('HTTPSConnectionPool(host=\'game.agaii.org\', port=443): Max retries exceeded with url: /mllm/v1/chat/completions (Caused by ReadTimeoutError("HTTPSConnectionPool(host=\'game.agaii.org\', port=443): Read timed out. (read timeout=180)"))'))
[ReasonBench] marked_unscorable example_id=ARC-Challenge:train:MSA_2012_5_14 strategy=critique_refine error_records=544
[ReasonBench] error example_id=ARC-Challenge:train:MSA_2012_5_14 strategy=self_consistency error=ConnectionError(MaxRetryError('HTTPSConnectionPool(host=\'game.agaii.org\', port=443): Max retries exceeded with url: /mllm/v1/chat/completions (Caused by ReadTimeoutError("HTTPSConnectionPool(host=\'game.agaii.org\', port=443): Read timed out. (read timeout=180)"))'))
[ReasonBench] marked_unscorable example_id=ARC-Challenge:train:MSA_2012_5_14 strategy=self_consistency error_records=545
[ReasonBench] error example_id=ARC-Challenge:train:MSA_2012_5_14 strategy=selective_self_consistency error=ConnectionError(MaxRetryError('HTTPSConnectionPool(host=\'game.agaii.org\', port=443): Max retries exceeded with url: /mllm/v1/chat/completions (Caused by ReadTimeoutError("HTTPSConnectionPool(host=\'game.agaii.org\', port=443): Read timed out. (read timeout=180)"))'))
[ReasonBench] marked_unscorable example_id=ARC-Challenge:train:MSA_2012_5_14 strategy=selective_self_consistency error_records=546
[ReasonBench] error example_id=ARC-Challenge:train:MSA_2012_5_14 strategy=budgeted_cascade error=ConnectionError(MaxRetryError('HTTPSConnectionPool(host=\'game.agaii.org\', port=443): Max retries exceeded with url: /mllm/v1/chat/completions (Caused by ReadTimeoutError("HTTPSConnectionPool(host=\'game.agaii.org\', port=443): Read timed out. (read timeout=180)"))'))
[ReasonBench] marked_unscorable example_id=ARC-Challenge:train:MSA_2012_5_14 strategy=budgeted_cascade error_records=547
[ReasonBench] error example_id=ARC-Challenge:train:MSA_2012_5_14 strategy=few_shot_exemplar error=ConnectionError(MaxRetryError('HTTPSConnectionPool(host=\'game.agaii.org\', port=443): Max retries exceeded with url: /mllm/v1/chat/completions (Caused by ReadTimeoutError("HTTPSConnectionPool(host=\'game.agaii.org\', port=443): Read timed out. (read timeout=180)"))'))
[ReasonBench] marked_unscorable example_id=ARC-Challenge:train:MSA_2012_5_14 strategy=few_shot_exemplar error_records=548
[ReasonBench] error example_id=ARC-Challenge:train:Mercury_SC_417556 strategy=concise_cot error=ConnectionError(MaxRetryError('HTTPSConnectionPool(host=\'game.agaii.org\', port=443): Max retries exceeded with url: /mllm/v1/chat/completions (Caused by ReadTimeoutError("HTTPSConnectionPool(host=\'game.agaii.org\', port=443): Read timed out. (read timeout=180)"))'))
[ReasonBench] marked_unscorable example_id=ARC-Challenge:train:Mercury_SC_417556 strategy=concise_cot error_records=549
[ReasonBench] error example_id=ARC-Challenge:train:Mercury_SC_417556 strategy=least_to_most error=ConnectionError(MaxRetryError('HTTPSConnectionPool(host=\'game.agaii.org\', port=443): Max retries exceeded with url: /mllm/v1/chat/completions (Caused by ReadTimeoutError("HTTPSConnectionPool(host=\'game.agaii.org\', port=443): Read timed out. (read timeout=180)"))'))
[ReasonBench] marked_unscorable example_id=ARC-Challenge:train:Mercury_SC_417556 strategy=least_to_most error_records=550
[ReasonBench] error example_id=ARC-Challenge:train:Mercury_SC_417556 strategy=constraint_decompose error=ConnectionError(MaxRetryError('HTTPSConnectionPool(host=\'game.agaii.org\', port=443): Max retries exceeded with url: /mllm/v1/chat/completions (Caused by ReadTimeoutError("HTTPSConnectionPool(host=\'game.agaii.org\', port=443): Read timed out. (read timeout=180)"))'))
[ReasonBench] marked_unscorable example_id=ARC-Challenge:train:Mercury_SC_417556 strategy=constraint_decompose error_records=551
[ReasonBench] error example_id=ARC-Challenge:train:Mercury_SC_417556 strategy=self_verify error=ConnectionError(MaxRetryError('HTTPSConnectionPool(host=\'game.agaii.org\', port=443): Max retries exceeded with url: /mllm/v1/chat/completions (Caused by ReadTimeoutError("HTTPSConnectionPool(host=\'game.agaii.org\', port=443): Read timed out. (read timeout=180)"))'))
[ReasonBench] marked_unscorable example_id=ARC-Challenge:train:Mercury_SC_417556 strategy=self_verify error_records=552
[ReasonBench] error example_id=ARC-Challenge:train:Mercury_SC_417556 strategy=critique_refine error=ConnectionError(MaxRetryError('HTTPSConnectionPool(host=\'game.agaii.org\', port=443): Max retries exceeded with url: /mllm/v1/chat/completions (Caused by ReadTimeoutError("HTTPSConnectionPool(host=\'game.agaii.org\', port=443): Read timed out. (read timeout=180)"))'))
[ReasonBench] marked_unscorable example_id=ARC-Challenge:train:Mercury_SC_417556 strategy=critique_refine error_records=553
[ReasonBench] error example_id=ARC-Challenge:train:Mercury_SC_417556 strategy=self_consistency error=ConnectionError(MaxRetryError('HTTPSConnectionPool(host=\'game.agaii.org\', port=443): Max retries exceeded with url: /mllm/v1/chat/completions (Caused by ReadTimeoutError("HTTPSConnectionPool(host=\'game.agaii.org\', port=443): Read timed out. (read timeout=180)"))'))
[ReasonBench] marked_unscorable example_id=ARC-Challenge:train:Mercury_SC_417556 strategy=self_consistency error_records=554
[ReasonBench] error example_id=ARC-Challenge:train:Mercury_SC_417556 strategy=selective_self_consistency error=ConnectionError(MaxRetryError('HTTPSConnectionPool(host=\'game.agaii.org\', port=443): Max retries exceeded with url: /mllm/v1/chat/completions (Caused by ReadTimeoutError("HTTPSConnectionPool(host=\'game.agaii.org\', port=443): Read timed out. (read timeout=180)"))'))
[ReasonBench] marked_unscorable example_id=ARC-Challenge:train:Mercury_SC_417556 strategy=selective_self_consistency error_records=555
[ReasonBench] error example_id=ARC-Challenge:train:Mercury_SC_417556 strategy=few_shot_exemplar error=ConnectionError(MaxRetryError('HTTPSConnectionPool(host=\'game.agaii.org\', port=443): Max retries exceeded with url: /mllm/v1/chat/completions (Caused by ReadTimeoutError("HTTPSConnectionPool(host=\'game.agaii.org\', port=443): Read timed out. (read timeout=180)"))'))
[ReasonBench] marked_unscorable example_id=ARC-Challenge:train:Mercury_SC_417556 strategy=few_shot_exemplar error_records=556
[ReasonBench] error example_id=ARC-Challenge:train:LEAP__7_10338 strategy=direct error=ConnectionError(MaxRetryError('HTTPSConnectionPool(host=\'game.agaii.org\', port=443): Max retries exceeded with url: /mllm/v1/chat/completions (Caused by ReadTimeoutError("HTTPSConnectionPool(host=\'game.agaii.org\', port=443): Read timed out. (read timeout=180)"))'))
[ReasonBench] marked_unscorable example_id=ARC-Challenge:train:LEAP__7_10338 strategy=direct error_records=557
[ReasonBench] error example_id=ARC-Challenge:train:LEAP__7_10338 strategy=concise_cot error=ConnectionError(MaxRetryError('HTTPSConnectionPool(host=\'game.agaii.org\', port=443): Max retries exceeded with url: /mllm/v1/chat/completions (Caused by ReadTimeoutError("HTTPSConnectionPool(host=\'game.agaii.org\', port=443): Read timed out. (read timeout=180)"))'))
[ReasonBench] marked_unscorable example_id=ARC-Challenge:train:LEAP__7_10338 strategy=concise_cot error_records=558
[ReasonBench] error example_id=ARC-Challenge:train:LEAP__7_10338 strategy=least_to_most error=ConnectionError(MaxRetryError('HTTPSConnectionPool(host=\'game.agaii.org\', port=443): Max retries exceeded with url: /mllm/v1/chat/completions (Caused by ReadTimeoutError("HTTPSConnectionPool(host=\'game.agaii.org\', port=443): Read timed out. (read timeout=180)"))'))
[ReasonBench] marked_unscorable example_id=ARC-Challenge:train:LEAP__7_10338 strategy=least_to_most error_records=559
[ReasonBench] error example_id=ARC-Challenge:train:LEAP__7_10338 strategy=constraint_decompose error=ConnectionError(MaxRetryError('HTTPSConnectionPool(host=\'game.agaii.org\', port=443): Max retries exceeded with url: /mllm/v1/chat/completions (Caused by ReadTimeoutError("HTTPSConnectionPool(host=\'game.agaii.org\', port=443): Read timed out. (read timeout=180)"))'))
[ReasonBench] marked_unscorable example_id=ARC-Challenge:train:LEAP__7_10338 strategy=constraint_decompose error_records=560
[ReasonBench] error example_id=ARC-Challenge:train:LEAP__7_10338 strategy=self_verify error=ConnectionError(MaxRetryError('HTTPSConnectionPool(host=\'game.agaii.org\', port=443): Max retries exceeded with url: /mllm/v1/chat/completions (Caused by ReadTimeoutError("HTTPSConnectionPool(host=\'game.agaii.org\', port=443): Read timed out. (read timeout=180)"))'))
[ReasonBench] marked_unscorable example_id=ARC-Challenge:train:LEAP__7_10338 strategy=self_verify error_records=561
[ReasonBench] error example_id=ARC-Challenge:train:LEAP__7_10338 strategy=critique_refine error=ConnectionError(MaxRetryError('HTTPSConnectionPool(host=\'game.agaii.org\', port=443): Max retries exceeded with url: /mllm/v1/chat/completions (Caused by ReadTimeoutError("HTTPSConnectionPool(host=\'game.agaii.org\', port=443): Read timed out. (read timeout=180)"))'))
[ReasonBench] marked_unscorable example_id=ARC-Challenge:train:LEAP__7_10338 strategy=critique_refine error_records=562
[ReasonBench] error example_id=ARC-Challenge:train:LEAP__7_10338 strategy=self_consistency error=ConnectionError(MaxRetryError('HTTPSConnectionPool(host=\'game.agaii.org\', port=443): Max retries exceeded with url: /mllm/v1/chat/completions (Caused by ReadTimeoutError("HTTPSConnectionPool(host=\'game.agaii.org\', port=443): Read timed out. (read timeout=180)"))'))
[ReasonBench] marked_unscorable example_id=ARC-Challenge:train:LEAP__7_10338 strategy=self_consistency error_records=563
[ReasonBench] error example_id=ARC-Challenge:train:LEAP__7_10338 strategy=selective_self_consistency error=ConnectionError(MaxRetryError('HTTPSConnectionPool(host=\'game.agaii.org\', port=443): Max retries exceeded with url: /mllm/v1/chat/completions (Caused by ReadTimeoutError("HTTPSConnectionPool(host=\'game.agaii.org\', port=443): Read timed out. (read timeout=180)"))'))
[ReasonBench] marked_unscorable example_id=ARC-Challenge:train:LEAP__7_10338 strategy=selective_self_consistency error_records=564
[ReasonBench] error example_id=ARC-Challenge:train:LEAP__7_10338 strategy=few_shot_exemplar error=ConnectionError(MaxRetryError('HTTPSConnectionPool(host=\'game.agaii.org\', port=443): Max retries exceeded with url: /mllm/v1/chat/completions (Caused by ReadTimeoutError("HTTPSConnectionPool(host=\'game.agaii.org\', port=443): Read timed out. (read timeout=180)"))'))
[ReasonBench] marked_unscorable example_id=ARC-Challenge:train:LEAP__7_10338 strategy=few_shot_exemplar error_records=565
[ReasonBench] error example_id=ARC-Challenge:train:NCEOGA_2013_5_33 strategy=direct error=ConnectionError(MaxRetryError('HTTPSConnectionPool(host=\'game.agaii.org\', port=443): Max retries exceeded with url: /mllm/v1/chat/completions (Caused by ReadTimeoutError("HTTPSConnectionPool(host=\'game.agaii.org\', port=443): Read timed out. (read timeout=180)"))'))
[ReasonBench] marked_unscorable example_id=ARC-Challenge:train:NCEOGA_2013_5_33 strategy=direct error_records=566
[ReasonBench] error example_id=ARC-Challenge:train:NCEOGA_2013_5_33 strategy=concise_cot error=ConnectionError(MaxRetryError('HTTPSConnectionPool(host=\'game.agaii.org\', port=443): Max retries exceeded with url: /mllm/v1/chat/completions (Caused by ReadTimeoutError("HTTPSConnectionPool(host=\'game.agaii.org\', port=443): Read timed out. (read timeout=180)"))'))
[ReasonBench] marked_unscorable example_id=ARC-Challenge:train:NCEOGA_2013_5_33 strategy=concise_cot error_records=567
[ReasonBench] error example_id=ARC-Challenge:train:NCEOGA_2013_5_33 strategy=least_to_most error=ConnectionError(MaxRetryError('HTTPSConnectionPool(host=\'game.agaii.org\', port=443): Max retries exceeded with url: /mllm/v1/chat/completions (Caused by ReadTimeoutError("HTTPSConnectionPool(host=\'game.agaii.org\', port=443): Read timed out. (read timeout=180)"))'))
[ReasonBench] marked_unscorable example_id=ARC-Challenge:train:NCEOGA_2013_5_33 strategy=least_to_most error_records=568
[ReasonBench] error example_id=ARC-Challenge:train:NCEOGA_2013_5_33 strategy=constraint_decompose error=ConnectionError(MaxRetryError('HTTPSConnectionPool(host=\'game.agaii.org\', port=443): Max retries exceeded with url: /mllm/v1/chat/completions (Caused by ReadTimeoutError("HTTPSConnectionPool(host=\'game.agaii.org\', port=443): Read timed out. (read timeout=180)"))'))
[ReasonBench] marked_unscorable example_id=ARC-Challenge:train:NCEOGA_2013_5_33 strategy=constraint_decompose error_records=569
[ReasonBench] error example_id=ARC-Challenge:train:NCEOGA_2013_5_33 strategy=self_verify error=ConnectionError(MaxRetryError('HTTPSConnectionPool(host=\'game.agaii.org\', port=443): Max retries exceeded with url: /mllm/v1/chat/completions (Caused by ReadTimeoutError("HTTPSConnectionPool(host=\'game.agaii.org\', port=443): Read timed out. (read timeout=180)"))'))
[ReasonBench] marked_unscorable example_id=ARC-Challenge:train:NCEOGA_2013_5_33 strategy=self_verify error_records=570
[ReasonBench] error example_id=ARC-Challenge:train:NCEOGA_2013_5_33 strategy=critique_refine error=ConnectionError(MaxRetryError('HTTPSConnectionPool(host=\'game.agaii.org\', port=443): Max retries exceeded with url: /mllm/v1/chat/completions (Caused by ReadTimeoutError("HTTPSConnectionPool(host=\'game.agaii.org\', port=443): Read timed out. (read timeout=180)"))'))
[ReasonBench] marked_unscorable example_id=ARC-Challenge:train:NCEOGA_2013_5_33 strategy=critique_refine error_records=571
[ReasonBench] error example_id=ARC-Challenge:train:NCEOGA_2013_5_33 strategy=self_consistency error=ConnectionError(MaxRetryError('HTTPSConnectionPool(host=\'game.agaii.org\', port=443): Max retries exceeded with url: /mllm/v1/chat/completions (Caused by ReadTimeoutError("HTTPSConnectionPool(host=\'game.agaii.org\', port=443): Read timed out. (read timeout=180)"))'))
[ReasonBench] marked_unscorable example_id=ARC-Challenge:train:NCEOGA_2013_5_33 strategy=self_consistency error_records=572
[ReasonBench] error example_id=ARC-Challenge:train:NCEOGA_2013_5_33 strategy=selective_self_consistency error=ConnectionError(MaxRetryError('HTTPSConnectionPool(host=\'game.agaii.org\', port=443): Max retries exceeded with url: /mllm/v1/chat/completions (Caused by ReadTimeoutError("HTTPSConnectionPool(host=\'game.agaii.org\', port=443): Read timed out. (read timeout=180)"))'))
[ReasonBench] marked_unscorable example_id=ARC-Challenge:train:NCEOGA_2013_5_33 strategy=selective_self_consistency error_records=573
[ReasonBench] error example_id=ARC-Challenge:train:NCEOGA_2013_5_33 strategy=budgeted_cascade error=ConnectionError(MaxRetryError('HTTPSConnectionPool(host=\'game.agaii.org\', port=443): Max retries exceeded with url: /mllm/v1/chat/completions (Caused by ReadTimeoutError("HTTPSConnectionPool(host=\'game.agaii.org\', port=443): Read timed out. (read timeout=180)"))'))
[ReasonBench] marked_unscorable example_id=ARC-Challenge:train:NCEOGA_2013_5_33 strategy=budgeted_cascade error_records=574
[ReasonBench] error example_id=ARC-Challenge:train:NCEOGA_2013_5_33 strategy=few_shot_exemplar error=ConnectionError(MaxRetryError('HTTPSConnectionPool(host=\'game.agaii.org\', port=443): Max retries exceeded with url: /mllm/v1/chat/completions (Caused by ReadTimeoutError("HTTPSConnectionPool(host=\'game.agaii.org\', port=443): Read timed out. (read timeout=180)"))'))
[ReasonBench] marked_unscorable example_id=ARC-Challenge:train:NCEOGA_2013_5_33 strategy=few_shot_exemplar error_records=575
[ReasonBench] error example_id=ARC-Challenge:train:MCAS_2006_8_34 strategy=direct error=ConnectionError(MaxRetryError('HTTPSConnectionPool(host=\'game.agaii.org\', port=443): Max retries exceeded with url: /mllm/v1/chat/completions (Caused by ReadTimeoutError("HTTPSConnectionPool(host=\'game.agaii.org\', port=443): Read timed out. (read timeout=180)"))'))
[ReasonBench] marked_unscorable example_id=ARC-Challenge:train:MCAS_2006_8_34 strategy=direct error_records=576
[ReasonBench] error example_id=ARC-Challenge:train:MCAS_2006_8_34 strategy=constraint_decompose error=ConnectionError(MaxRetryError('HTTPSConnectionPool(host=\'game.agaii.org\', port=443): Max retries exceeded with url: /mllm/v1/chat/completions (Caused by ReadTimeoutError("HTTPSConnectionPool(host=\'game.agaii.org\', port=443): Read timed out. (read timeout=180)"))'))
[ReasonBench] marked_unscorable example_id=ARC-Challenge:train:MCAS_2006_8_34 strategy=constraint_decompose error_records=577
[ReasonBench] error example_id=ARC-Challenge:train:MCAS_2006_8_34 strategy=self_verify error=ConnectionError(MaxRetryError('HTTPSConnectionPool(host=\'game.agaii.org\', port=443): Max retries exceeded with url: /mllm/v1/chat/completions (Caused by ReadTimeoutError("HTTPSConnectionPool(host=\'game.agaii.org\', port=443): Read timed out. (read timeout=180)"))'))
[ReasonBench] marked_unscorable example_id=ARC-Challenge:train:MCAS_2006_8_34 strategy=self_verify error_records=578
[ReasonBench] error example_id=ARC-Challenge:train:MCAS_2006_8_34 strategy=critique_refine error=ConnectionError(MaxRetryError('HTTPSConnectionPool(host=\'game.agaii.org\', port=443): Max retries exceeded with url: /mllm/v1/chat/completions (Caused by ReadTimeoutError("HTTPSConnectionPool(host=\'game.agaii.org\', port=443): Read timed out. (read timeout=180)"))'))
[ReasonBench] marked_unscorable example_id=ARC-Challenge:train:MCAS_2006_8_34 strategy=critique_refine error_records=579
[ReasonBench] error example_id=ARC-Challenge:train:MCAS_2006_8_34 strategy=self_consistency error=ConnectionError(MaxRetryError('HTTPSConnectionPool(host=\'game.agaii.org\', port=443): Max retries exceeded with url: /mllm/v1/chat/completions (Caused by ReadTimeoutError("HTTPSConnectionPool(host=\'game.agaii.org\', port=443): Read timed out. (read timeout=180)"))'))
[ReasonBench] marked_unscorable example_id=ARC-Challenge:train:MCAS_2006_8_34 strategy=self_consistency error_records=580
[ReasonBench] error example_id=ARC-Challenge:train:MCAS_2006_8_34 strategy=selective_self_consistency error=ConnectionError(MaxRetryError('HTTPSConnectionPool(host=\'game.agaii.org\', port=443): Max retries exceeded with url: /mllm/v1/chat/completions (Caused by ReadTimeoutError("HTTPSConnectionPool(host=\'game.agaii.org\', port=443): Read timed out. (read timeout=180)"))'))
[ReasonBench] marked_unscorable example_id=ARC-Challenge:train:MCAS_2006_8_34 strategy=selective_self_consistency error_records=581
[ReasonBench] error example_id=ARC-Challenge:train:MCAS_2006_8_34 strategy=budgeted_cascade error=ConnectionError(MaxRetryError('HTTPSConnectionPool(host=\'game.agaii.org\', port=443): Max retries exceeded with url: /mllm/v1/chat/completions (Caused by ReadTimeoutError("HTTPSConnectionPool(host=\'game.agaii.org\', port=443): Read timed out. (read timeout=180)"))'))
[ReasonBench] marked_unscorable example_id=ARC-Challenge:train:MCAS_2006_8_34 strategy=budgeted_cascade error_records=582
[ReasonBench] error example_id=ARC-Challenge:train:MCAS_2006_8_34 strategy=few_shot_exemplar error=ConnectionError(MaxRetryError('HTTPSConnectionPool(host=\'game.agaii.org\', port=443): Max retries exceeded with url: /mllm/v1/chat/completions (Caused by ReadTimeoutError("HTTPSConnectionPool(host=\'game.agaii.org\', port=443): Read timed out. (read timeout=180)"))'))
[ReasonBench] marked_unscorable example_id=ARC-Challenge:train:MCAS_2006_8_34 strategy=few_shot_exemplar error_records=583
[ReasonBench] error example_id=ARC-Challenge:train:MCAS_2004_9_20-v1 strategy=direct error=ConnectionError(MaxRetryError('HTTPSConnectionPool(host=\'game.agaii.org\', port=443): Max retries exceeded with url: /mllm/v1/chat/completions (Caused by ReadTimeoutError("HTTPSConnectionPool(host=\'game.agaii.org\', port=443): Read timed out. (read timeout=180)"))'))
[ReasonBench] marked_unscorable example_id=ARC-Challenge:train:MCAS_2004_9_20-v1 strategy=direct error_records=584
[ReasonBench] error example_id=ARC-Challenge:train:MCAS_2004_9_20-v1 strategy=concise_cot error=ConnectionError(MaxRetryError('HTTPSConnectionPool(host=\'game.agaii.org\', port=443): Max retries exceeded with url: /mllm/v1/chat/completions (Caused by ReadTimeoutError("HTTPSConnectionPool(host=\'game.agaii.org\', port=443): Read timed out. (read timeout=180)"))'))
[ReasonBench] marked_unscorable example_id=ARC-Challenge:train:MCAS_2004_9_20-v1 strategy=concise_cot error_records=585
[ReasonBench] error example_id=ARC-Challenge:train:MCAS_2004_9_20-v1 strategy=least_to_most error=ConnectionError(MaxRetryError('HTTPSConnectionPool(host=\'game.agaii.org\', port=443): Max retries exceeded with url: /mllm/v1/chat/completions (Caused by ReadTimeoutError("HTTPSConnectionPool(host=\'game.agaii.org\', port=443): Read timed out. (read timeout=180)"))'))
[ReasonBench] marked_unscorable example_id=ARC-Challenge:train:MCAS_2004_9_20-v1 strategy=least_to_most error_records=586
[ReasonBench] error example_id=ARC-Challenge:train:MCAS_2004_9_20-v1 strategy=constraint_decompose error=ConnectionError(MaxRetryError('HTTPSConnectionPool(host=\'game.agaii.org\', port=443): Max retries exceeded with url: /mllm/v1/chat/completions (Caused by ReadTimeoutError("HTTPSConnectionPool(host=\'game.agaii.org\', port=443): Read timed out. (read timeout=180)"))'))
[ReasonBench] marked_unscorable example_id=ARC-Challenge:train:MCAS_2004_9_20-v1 strategy=constraint_decompose error_records=587
[ReasonBench] error example_id=ARC-Challenge:train:MCAS_2004_9_20-v1 strategy=self_verify error=ConnectionError(MaxRetryError('HTTPSConnectionPool(host=\'game.agaii.org\', port=443): Max retries exceeded with url: /mllm/v1/chat/completions (Caused by ReadTimeoutError("HTTPSConnectionPool(host=\'game.agaii.org\', port=443): Read timed out. (read timeout=180)"))'))
[ReasonBench] marked_unscorable example_id=ARC-Challenge:train:MCAS_2004_9_20-v1 strategy=self_verify error_records=588
[ReasonBench] error example_id=ARC-Challenge:train:MCAS_2004_9_20-v1 strategy=critique_refine error=ConnectionError(MaxRetryError('HTTPSConnectionPool(host=\'game.agaii.org\', port=443): Max retries exceeded with url: /mllm/v1/chat/completions (Caused by ReadTimeoutError("HTTPSConnectionPool(host=\'game.agaii.org\', port=443): Read timed out. (read timeout=180)"))'))
[ReasonBench] marked_unscorable example_id=ARC-Challenge:train:MCAS_2004_9_20-v1 strategy=critique_refine error_records=589
[ReasonBench] error example_id=ARC-Challenge:train:MCAS_2004_9_20-v1 strategy=budgeted_cascade error=ConnectionError(MaxRetryError('HTTPSConnectionPool(host=\'game.agaii.org\', port=443): Max retries exceeded with url: /mllm/v1/chat/completions (Caused by ReadTimeoutError("HTTPSConnectionPool(host=\'game.agaii.org\', port=443): Read timed out. (read timeout=180)"))'))
[ReasonBench] marked_unscorable example_id=ARC-Challenge:train:MCAS_2004_9_20-v1 strategy=budgeted_cascade error_records=590
[ReasonBench] error example_id=ARC-Challenge:train:MCAS_2004_9_20-v1 strategy=few_shot_exemplar error=ConnectionError(MaxRetryError('HTTPSConnectionPool(host=\'game.agaii.org\', port=443): Max retries exceeded with url: /mllm/v1/chat/completions (Caused by ReadTimeoutError("HTTPSConnectionPool(host=\'game.agaii.org\', port=443): Read timed out. (read timeout=180)"))'))
[ReasonBench] marked_unscorable example_id=ARC-Challenge:train:MCAS_2004_9_20-v1 strategy=few_shot_exemplar error_records=591
[ReasonBench] error example_id=ARC-Challenge:train:TIMSS_2011_8_pg136 strategy=direct error=ConnectionError(MaxRetryError('HTTPSConnectionPool(host=\'game.agaii.org\', port=443): Max retries exceeded with url: /mllm/v1/chat/completions (Caused by ReadTimeoutError("HTTPSConnectionPool(host=\'game.agaii.org\', port=443): Read timed out. (read timeout=180)"))'))
[ReasonBench] marked_unscorable example_id=ARC-Challenge:train:TIMSS_2011_8_pg136 strategy=direct error_records=592
[ReasonBench] error example_id=ARC-Challenge:train:TIMSS_2011_8_pg136 strategy=concise_cot error=ConnectionError(MaxRetryError('HTTPSConnectionPool(host=\'game.agaii.org\', port=443): Max retries exceeded with url: /mllm/v1/chat/completions (Caused by ReadTimeoutError("HTTPSConnectionPool(host=\'game.agaii.org\', port=443): Read timed out. (read timeout=180)"))'))
[ReasonBench] marked_unscorable example_id=ARC-Challenge:train:TIMSS_2011_8_pg136 strategy=concise_cot error_records=593
[ReasonBench] error example_id=ARC-Challenge:train:TIMSS_2011_8_pg136 strategy=least_to_most error=ConnectionError(MaxRetryError('HTTPSConnectionPool(host=\'game.agaii.org\', port=443): Max retries exceeded with url: /mllm/v1/chat/completions (Caused by ReadTimeoutError("HTTPSConnectionPool(host=\'game.agaii.org\', port=443): Read timed out. (read timeout=180)"))'))
[ReasonBench] marked_unscorable example_id=ARC-Challenge:train:TIMSS_2011_8_pg136 strategy=least_to_most error_records=594
[ReasonBench] error example_id=ARC-Challenge:train:TIMSS_2011_8_pg136 strategy=constraint_decompose error=ConnectionError(MaxRetryError('HTTPSConnectionPool(host=\'game.agaii.org\', port=443): Max retries exceeded with url: /mllm/v1/chat/completions (Caused by ReadTimeoutError("HTTPSConnectionPool(host=\'game.agaii.org\', port=443): Read timed out. (read timeout=180)"))'))
[ReasonBench] marked_unscorable example_id=ARC-Challenge:train:TIMSS_2011_8_pg136 strategy=constraint_decompose error_records=595
[ReasonBench] error example_id=ARC-Challenge:train:TIMSS_2011_8_pg136 strategy=self_verify error=ConnectionError(MaxRetryError('HTTPSConnectionPool(host=\'game.agaii.org\', port=443): Max retries exceeded with url: /mllm/v1/chat/completions (Caused by ReadTimeoutError("HTTPSConnectionPool(host=\'game.agaii.org\', port=443): Read timed out. (read timeout=180)"))'))
[ReasonBench] marked_unscorable example_id=ARC-Challenge:train:TIMSS_2011_8_pg136 strategy=self_verify error_records=596
[ReasonBench] error example_id=ARC-Challenge:train:TIMSS_2011_8_pg136 strategy=critique_refine error=ConnectionError(MaxRetryError('HTTPSConnectionPool(host=\'game.agaii.org\', port=443): Max retries exceeded with url: /mllm/v1/chat/completions (Caused by ReadTimeoutError("HTTPSConnectionPool(host=\'game.agaii.org\', port=443): Read timed out. (read timeout=180)"))'))
[ReasonBench] marked_unscorable example_id=ARC-Challenge:train:TIMSS_2011_8_pg136 strategy=critique_refine error_records=597
[ReasonBench] error example_id=ARC-Challenge:train:TIMSS_2011_8_pg136 strategy=self_consistency error=ConnectionError(MaxRetryError('HTTPSConnectionPool(host=\'game.agaii.org\', port=443): Max retries exceeded with url: /mllm/v1/chat/completions (Caused by ReadTimeoutError("HTTPSConnectionPool(host=\'game.agaii.org\', port=443): Read timed out. (read timeout=180)"))'))
[ReasonBench] marked_unscorable example_id=ARC-Challenge:train:TIMSS_2011_8_pg136 strategy=self_consistency error_records=598
[ReasonBench] error example_id=ARC-Challenge:train:TIMSS_2011_8_pg136 strategy=selective_self_consistency error=ConnectionError(MaxRetryError('HTTPSConnectionPool(host=\'game.agaii.org\', port=443): Max retries exceeded with url: /mllm/v1/chat/completions (Caused by ReadTimeoutError("HTTPSConnectionPool(host=\'game.agaii.org\', port=443): Read timed out. (read timeout=180)"))'))
[ReasonBench] marked_unscorable example_id=ARC-Challenge:train:TIMSS_2011_8_pg136 strategy=selective_self_consistency error_records=599
[ReasonBench] error example_id=ARC-Challenge:train:TIMSS_2011_8_pg136 strategy=budgeted_cascade error=ConnectionError(MaxRetryError('HTTPSConnectionPool(host=\'game.agaii.org\', port=443): Max retries exceeded with url: /mllm/v1/chat/completions (Caused by ReadTimeoutError("HTTPSConnectionPool(host=\'game.agaii.org\', port=443): Read timed out. (read timeout=180)"))'))
[ReasonBench] marked_unscorable example_id=ARC-Challenge:train:TIMSS_2011_8_pg136 strategy=budgeted_cascade error_records=600
[ReasonBench] error example_id=ARC-Challenge:train:TIMSS_2011_8_pg136 strategy=few_shot_exemplar error=ConnectionError(MaxRetryError('HTTPSConnectionPool(host=\'game.agaii.org\', port=443): Max retries exceeded with url: /mllm/v1/chat/completions (Caused by ReadTimeoutError("HTTPSConnectionPool(host=\'game.agaii.org\', port=443): Read timed out. (read timeout=180)"))'))
[ReasonBench] marked_unscorable example_id=ARC-Challenge:train:TIMSS_2011_8_pg136 strategy=few_shot_exemplar error_records=601
[ReasonBench] error example_id=ARC-Challenge:train:Mercury_7171990 strategy=direct error=ConnectionError(MaxRetryError('HTTPSConnectionPool(host=\'game.agaii.org\', port=443): Max retries exceeded with url: /mllm/v1/chat/completions (Caused by ReadTimeoutError("HTTPSConnectionPool(host=\'game.agaii.org\', port=443): Read timed out. (read timeout=180)"))'))
[ReasonBench] marked_unscorable example_id=ARC-Challenge:train:Mercury_7171990 strategy=direct error_records=602
[ReasonBench] error example_id=ARC-Challenge:train:Mercury_7171990 strategy=concise_cot error=ConnectionError(MaxRetryError('HTTPSConnectionPool(host=\'game.agaii.org\', port=443): Max retries exceeded with url: /mllm/v1/chat/completions (Caused by ReadTimeoutError("HTTPSConnectionPool(host=\'game.agaii.org\', port=443): Read timed out. (read timeout=180)"))'))
[ReasonBench] marked_unscorable example_id=ARC-Challenge:train:Mercury_7171990 strategy=concise_cot error_records=603
[ReasonBench] error example_id=ARC-Challenge:train:Mercury_7171990 strategy=constraint_decompose error=ConnectionError(MaxRetryError('HTTPSConnectionPool(host=\'game.agaii.org\', port=443): Max retries exceeded with url: /mllm/v1/chat/completions (Caused by ReadTimeoutError("HTTPSConnectionPool(host=\'game.agaii.org\', port=443): Read timed out. (read timeout=180)"))'))
[ReasonBench] marked_unscorable example_id=ARC-Challenge:train:Mercury_7171990 strategy=constraint_decompose error_records=604
[ReasonBench] error example_id=ARC-Challenge:train:Mercury_7171990 strategy=self_verify error=ConnectionError(MaxRetryError('HTTPSConnectionPool(host=\'game.agaii.org\', port=443): Max retries exceeded with url: /mllm/v1/chat/completions (Caused by ReadTimeoutError("HTTPSConnectionPool(host=\'game.agaii.org\', port=443): Read timed out. (read timeout=180)"))'))
[ReasonBench] marked_unscorable example_id=ARC-Challenge:train:Mercury_7171990 strategy=self_verify error_records=605
[ReasonBench] error example_id=ARC-Challenge:train:Mercury_7171990 strategy=critique_refine error=ConnectionError(MaxRetryError('HTTPSConnectionPool(host=\'game.agaii.org\', port=443): Max retries exceeded with url: /mllm/v1/chat/completions (Caused by ReadTimeoutError("HTTPSConnectionPool(host=\'game.agaii.org\', port=443): Read timed out. (read timeout=180)"))'))
[ReasonBench] marked_unscorable example_id=ARC-Challenge:train:Mercury_7171990 strategy=critique_refine error_records=606
[ReasonBench] error example_id=ARC-Challenge:train:Mercury_7171990 strategy=self_consistency error=ConnectionError(MaxRetryError('HTTPSConnectionPool(host=\'game.agaii.org\', port=443): Max retries exceeded with url: /mllm/v1/chat/completions (Caused by ReadTimeoutError("HTTPSConnectionPool(host=\'game.agaii.org\', port=443): Read timed out. (read timeout=180)"))'))
[ReasonBench] marked_unscorable example_id=ARC-Challenge:train:Mercury_7171990 strategy=self_consistency error_records=607
[ReasonBench] error example_id=ARC-Challenge:train:Mercury_7171990 strategy=selective_self_consistency error=ConnectionError(MaxRetryError('HTTPSConnectionPool(host=\'game.agaii.org\', port=443): Max retries exceeded with url: /mllm/v1/chat/completions (Caused by ReadTimeoutError("HTTPSConnectionPool(host=\'game.agaii.org\', port=443): Read timed out. (read timeout=180)"))'))
[ReasonBench] marked_unscorable example_id=ARC-Challenge:train:Mercury_7171990 strategy=selective_self_consistency error_records=608
[ReasonBench] error example_id=ARC-Challenge:train:Mercury_7171990 strategy=budgeted_cascade error=ConnectionError(MaxRetryError('HTTPSConnectionPool(host=\'game.agaii.org\', port=443): Max retries exceeded with url: /mllm/v1/chat/completions (Caused by ReadTimeoutError("HTTPSConnectionPool(host=\'game.agaii.org\', port=443): Read timed out. (read timeout=180)"))'))
[ReasonBench] marked_unscorable example_id=ARC-Challenge:train:Mercury_7171990 strategy=budgeted_cascade error_records=609
[ReasonBench] error example_id=ARC-Challenge:train:Mercury_7171990 strategy=few_shot_exemplar error=ConnectionError(MaxRetryError('HTTPSConnectionPool(host=\'game.agaii.org\', port=443): Max retries exceeded with url: /mllm/v1/chat/completions (Caused by ReadTimeoutError("HTTPSConnectionPool(host=\'game.agaii.org\', port=443): Read timed out. (read timeout=180)"))'))
[ReasonBench] marked_unscorable example_id=ARC-Challenge:train:Mercury_7171990 strategy=few_shot_exemplar error_records=610
[ReasonBench] error example_id=ARC-Challenge:train:MEA_2016_5_1 strategy=direct error=ConnectionError(MaxRetryError('HTTPSConnectionPool(host=\'game.agaii.org\', port=443): Max retries exceeded with url: /mllm/v1/chat/completions (Caused by ReadTimeoutError("HTTPSConnectionPool(host=\'game.agaii.org\', port=443): Read timed out. (read timeout=180)"))'))
[ReasonBench] marked_unscorable example_id=ARC-Challenge:train:MEA_2016_5_1 strategy=direct error_records=611
[ReasonBench] error example_id=ARC-Challenge:train:MEA_2016_5_1 strategy=concise_cot error=ConnectionError(MaxRetryError('HTTPSConnectionPool(host=\'game.agaii.org\', port=443): Max retries exceeded with url: /mllm/v1/chat/completions (Caused by ReadTimeoutError("HTTPSConnectionPool(host=\'game.agaii.org\', port=443): Read timed out. (read timeout=180)"))'))
[ReasonBench] marked_unscorable example_id=ARC-Challenge:train:MEA_2016_5_1 strategy=concise_cot error_records=612
[ReasonBench] error example_id=ARC-Challenge:train:MEA_2016_5_1 strategy=least_to_most error=ConnectionError(MaxRetryError('HTTPSConnectionPool(host=\'game.agaii.org\', port=443): Max retries exceeded with url: /mllm/v1/chat/completions (Caused by ReadTimeoutError("HTTPSConnectionPool(host=\'game.agaii.org\', port=443): Read timed out. (read timeout=180)"))'))
[ReasonBench] marked_unscorable example_id=ARC-Challenge:train:MEA_2016_5_1 strategy=least_to_most error_records=613
[ReasonBench] error example_id=ARC-Challenge:train:MEA_2016_5_1 strategy=constraint_decompose error=ConnectionError(MaxRetryError('HTTPSConnectionPool(host=\'game.agaii.org\', port=443): Max retries exceeded with url: /mllm/v1/chat/completions (Caused by ReadTimeoutError("HTTPSConnectionPool(host=\'game.agaii.org\', port=443): Read timed out. (read timeout=180)"))'))
[ReasonBench] marked_unscorable example_id=ARC-Challenge:train:MEA_2016_5_1 strategy=constraint_decompose error_records=614
[ReasonBench] progress total=4304/77870 (5.53%) new=4279/77845 elapsed_s=254611.7
[ReasonBench] error example_id=ARC-Challenge:train:MEA_2016_5_1 strategy=self_verify error=ConnectionError(MaxRetryError('HTTPSConnectionPool(host=\'game.agaii.org\', port=443): Max retries exceeded with url: /mllm/v1/chat/completions (Caused by ReadTimeoutError("HTTPSConnectionPool(host=\'game.agaii.org\', port=443): Read timed out. (read timeout=180)"))'))
[ReasonBench] marked_unscorable example_id=ARC-Challenge:train:MEA_2016_5_1 strategy=self_verify error_records=615
[ReasonBench] error example_id=ARC-Challenge:train:MEA_2016_5_1 strategy=critique_refine error=ConnectionError(MaxRetryError('HTTPSConnectionPool(host=\'game.agaii.org\', port=443): Max retries exceeded with url: /mllm/v1/chat/completions (Caused by ReadTimeoutError("HTTPSConnectionPool(host=\'game.agaii.org\', port=443): Read timed out. (read timeout=180)"))'))
[ReasonBench] marked_unscorable example_id=ARC-Challenge:train:MEA_2016_5_1 strategy=critique_refine error_records=616
[ReasonBench] error example_id=ARC-Challenge:train:MEA_2016_5_1 strategy=self_consistency error=ConnectionError(MaxRetryError('HTTPSConnectionPool(host=\'game.agaii.org\', port=443): Max retries exceeded with url: /mllm/v1/chat/completions (Caused by ReadTimeoutError("HTTPSConnectionPool(host=\'game.agaii.org\', port=443): Read timed out. (read timeout=180)"))'))
[ReasonBench] marked_unscorable example_id=ARC-Challenge:train:MEA_2016_5_1 strategy=self_consistency error_records=617
[ReasonBench] error example_id=ARC-Challenge:train:MEA_2016_5_1 strategy=selective_self_consistency error=ConnectionError(MaxRetryError('HTTPSConnectionPool(host=\'game.agaii.org\', port=443): Max retries exceeded with url: /mllm/v1/chat/completions (Caused by ReadTimeoutError("HTTPSConnectionPool(host=\'game.agaii.org\', port=443): Read timed out. (read timeout=180)"))'))
[ReasonBench] marked_unscorable example_id=ARC-Challenge:train:MEA_2016_5_1 strategy=selective_self_consistency error_records=618
[ReasonBench] error example_id=ARC-Challenge:train:MEA_2016_5_1 strategy=budgeted_cascade error=ConnectionError(MaxRetryError('HTTPSConnectionPool(host=\'game.agaii.org\', port=443): Max retries exceeded with url: /mllm/v1/chat/completions (Caused by ReadTimeoutError("HTTPSConnectionPool(host=\'game.agaii.org\', port=443): Read timed out. (read timeout=180)"))'))
[ReasonBench] marked_unscorable example_id=ARC-Challenge:train:MEA_2016_5_1 strategy=budgeted_cascade error_records=619
[ReasonBench] error example_id=ARC-Challenge:train:MEA_2016_5_1 strategy=few_shot_exemplar error=ConnectionError(MaxRetryError('HTTPSConnectionPool(host=\'game.agaii.org\', port=443): Max retries exceeded with url: /mllm/v1/chat/completions (Caused by ReadTimeoutError("HTTPSConnectionPool(host=\'game.agaii.org\', port=443): Read timed out. (read timeout=180)"))'))
[ReasonBench] marked_unscorable example_id=ARC-Challenge:train:MEA_2016_5_1 strategy=few_shot_exemplar error_records=620
[ReasonBench] error example_id=ARC-Challenge:train:Mercury_7168665 strategy=least_to_most error=ConnectionError(MaxRetryError('HTTPSConnectionPool(host=\'game.agaii.org\', port=443): Max retries exceeded with url: /mllm/v1/chat/completions (Caused by ReadTimeoutError("HTTPSConnectionPool(host=\'game.agaii.org\', port=443): Read timed out. (read timeout=180)"))'))
[ReasonBench] marked_unscorable example_id=ARC-Challenge:train:Mercury_7168665 strategy=least_to_most error_records=621
[ReasonBench] error example_id=ARC-Challenge:train:Mercury_7168665 strategy=constraint_decompose error=ConnectionError(MaxRetryError('HTTPSConnectionPool(host=\'game.agaii.org\', port=443): Max retries exceeded with url: /mllm/v1/chat/completions (Caused by ReadTimeoutError("HTTPSConnectionPool(host=\'game.agaii.org\', port=443): Read timed out. (read timeout=180)"))'))
[ReasonBench] marked_unscorable example_id=ARC-Challenge:train:Mercury_7168665 strategy=constraint_decompose error_records=622
[ReasonBench] error example_id=ARC-Challenge:train:Mercury_7168665 strategy=self_verify error=ConnectionError(MaxRetryError('HTTPSConnectionPool(host=\'game.agaii.org\', port=443): Max retries exceeded with url: /mllm/v1/chat/completions (Caused by ReadTimeoutError("HTTPSConnectionPool(host=\'game.agaii.org\', port=443): Read timed out. (read timeout=180)"))'))
[ReasonBench] marked_unscorable example_id=ARC-Challenge:train:Mercury_7168665 strategy=self_verify error_records=623
[ReasonBench] error example_id=ARC-Challenge:train:Mercury_7168665 strategy=critique_refine error=ConnectionError(MaxRetryError('HTTPSConnectionPool(host=\'game.agaii.org\', port=443): Max retries exceeded with url: /mllm/v1/chat/completions (Caused by ReadTimeoutError("HTTPSConnectionPool(host=\'game.agaii.org\', port=443): Read timed out. (read timeout=180)"))'))
[ReasonBench] marked_unscorable example_id=ARC-Challenge:train:Mercury_7168665 strategy=critique_refine error_records=624
[ReasonBench] error example_id=ARC-Challenge:train:Mercury_7168665 strategy=self_consistency error=ConnectionError(MaxRetryError('HTTPSConnectionPool(host=\'game.agaii.org\', port=443): Max retries exceeded with url: /mllm/v1/chat/completions (Caused by ReadTimeoutError("HTTPSConnectionPool(host=\'game.agaii.org\', port=443): Read timed out. (read timeout=180)"))'))
[ReasonBench] marked_unscorable example_id=ARC-Challenge:train:Mercury_7168665 strategy=self_consistency error_records=625
[ReasonBench] error example_id=ARC-Challenge:train:Mercury_7168665 strategy=selective_self_consistency error=ConnectionError(MaxRetryError('HTTPSConnectionPool(host=\'game.agaii.org\', port=443): Max retries exceeded with url: /mllm/v1/chat/completions (Caused by ReadTimeoutError("HTTPSConnectionPool(host=\'game.agaii.org\', port=443): Read timed out. (read timeout=180)"))'))
[ReasonBench] marked_unscorable example_id=ARC-Challenge:train:Mercury_7168665 strategy=selective_self_consistency error_records=626
[ReasonBench] error example_id=ARC-Challenge:train:Mercury_7168665 strategy=few_shot_exemplar error=ConnectionError(MaxRetryError('HTTPSConnectionPool(host=\'game.agaii.org\', port=443): Max retries exceeded with url: /mllm/v1/chat/completions (Caused by ReadTimeoutError("HTTPSConnectionPool(host=\'game.agaii.org\', port=443): Read timed out. (read timeout=180)"))'))
[ReasonBench] marked_unscorable example_id=ARC-Challenge:train:Mercury_7168665 strategy=few_shot_exemplar error_records=627
[ReasonBench] error example_id=ARC-Challenge:train:Mercury_7211873 strategy=direct error=ConnectionError(MaxRetryError('HTTPSConnectionPool(host=\'game.agaii.org\', port=443): Max retries exceeded with url: /mllm/v1/chat/completions (Caused by ReadTimeoutError("HTTPSConnectionPool(host=\'game.agaii.org\', port=443): Read timed out. (read timeout=180)"))'))
[ReasonBench] marked_unscorable example_id=ARC-Challenge:train:Mercury_7211873 strategy=direct error_records=628
[ReasonBench] error example_id=ARC-Challenge:train:Mercury_7211873 strategy=concise_cot error=ConnectionError(MaxRetryError('HTTPSConnectionPool(host=\'game.agaii.org\', port=443): Max retries exceeded with url: /mllm/v1/chat/completions (Caused by ReadTimeoutError("HTTPSConnectionPool(host=\'game.agaii.org\', port=443): Read timed out. (read timeout=180)"))'))
[ReasonBench] marked_unscorable example_id=ARC-Challenge:train:Mercury_7211873 strategy=concise_cot error_records=629
[ReasonBench] error example_id=ARC-Challenge:train:Mercury_7211873 strategy=least_to_most error=ConnectionError(MaxRetryError('HTTPSConnectionPool(host=\'game.agaii.org\', port=443): Max retries exceeded with url: /mllm/v1/chat/completions (Caused by ReadTimeoutError("HTTPSConnectionPool(host=\'game.agaii.org\', port=443): Read timed out. (read timeout=180)"))'))
[ReasonBench] marked_unscorable example_id=ARC-Challenge:train:Mercury_7211873 strategy=least_to_most error_records=630
[ReasonBench] error example_id=ARC-Challenge:train:Mercury_7211873 strategy=constraint_decompose error=ConnectionError(MaxRetryError('HTTPSConnectionPool(host=\'game.agaii.org\', port=443): Max retries exceeded with url: /mllm/v1/chat/completions (Caused by ReadTimeoutError("HTTPSConnectionPool(host=\'game.agaii.org\', port=443): Read timed out. (read timeout=180)"))'))
[ReasonBench] marked_unscorable example_id=ARC-Challenge:train:Mercury_7211873 strategy=constraint_decompose error_records=631
[ReasonBench] error example_id=ARC-Challenge:train:Mercury_7211873 strategy=self_verify error=ConnectionError(MaxRetryError('HTTPSConnectionPool(host=\'game.agaii.org\', port=443): Max retries exceeded with url: /mllm/v1/chat/completions (Caused by ReadTimeoutError("HTTPSConnectionPool(host=\'game.agaii.org\', port=443): Read timed out. (read timeout=180)"))'))
[ReasonBench] marked_unscorable example_id=ARC-Challenge:train:Mercury_7211873 strategy=self_verify error_records=632
[ReasonBench] error example_id=ARC-Challenge:train:Mercury_7211873 strategy=critique_refine error=ConnectionError(MaxRetryError('HTTPSConnectionPool(host=\'game.agaii.org\', port=443): Max retries exceeded with url: /mllm/v1/chat/completions (Caused by ReadTimeoutError("HTTPSConnectionPool(host=\'game.agaii.org\', port=443): Read timed out. (read timeout=180)"))'))
[ReasonBench] marked_unscorable example_id=ARC-Challenge:train:Mercury_7211873 strategy=critique_refine error_records=633
[ReasonBench] error example_id=ARC-Challenge:train:Mercury_7211873 strategy=self_consistency error=ConnectionError(MaxRetryError('HTTPSConnectionPool(host=\'game.agaii.org\', port=443): Max retries exceeded with url: /mllm/v1/chat/completions (Caused by ReadTimeoutError("HTTPSConnectionPool(host=\'game.agaii.org\', port=443): Read timed out. (read timeout=180)"))'))
[ReasonBench] marked_unscorable example_id=ARC-Challenge:train:Mercury_7211873 strategy=self_consistency error_records=634
[ReasonBench] error example_id=ARC-Challenge:train:Mercury_7211873 strategy=selective_self_consistency error=ConnectionError(MaxRetryError('HTTPSConnectionPool(host=\'game.agaii.org\', port=443): Max retries exceeded with url: /mllm/v1/chat/completions (Caused by ReadTimeoutError("HTTPSConnectionPool(host=\'game.agaii.org\', port=443): Read timed out. (read timeout=180)"))'))
[ReasonBench] marked_unscorable example_id=ARC-Challenge:train:Mercury_7211873 strategy=selective_self_consistency error_records=635
[ReasonBench] error example_id=ARC-Challenge:train:Mercury_7211873 strategy=budgeted_cascade error=ConnectionError(MaxRetryError('HTTPSConnectionPool(host=\'game.agaii.org\', port=443): Max retries exceeded with url: /mllm/v1/chat/completions (Caused by ReadTimeoutError("HTTPSConnectionPool(host=\'game.agaii.org\', port=443): Read timed out. (read timeout=180)"))'))
[ReasonBench] marked_unscorable example_id=ARC-Challenge:train:Mercury_7211873 strategy=budgeted_cascade error_records=636
[ReasonBench] error example_id=ARC-Challenge:train:Mercury_7211873 strategy=few_shot_exemplar error=ConnectionError(MaxRetryError('HTTPSConnectionPool(host=\'game.agaii.org\', port=443): Max retries exceeded with url: /mllm/v1/chat/completions (Caused by ReadTimeoutError("HTTPSConnectionPool(host=\'game.agaii.org\', port=443): Read timed out. (read timeout=180)"))'))
[ReasonBench] marked_unscorable example_id=ARC-Challenge:train:Mercury_7211873 strategy=few_shot_exemplar error_records=637
[ReasonBench] error example_id=ARC-Challenge:train:Mercury_SC_402619 strategy=direct error=ConnectionError(MaxRetryError('HTTPSConnectionPool(host=\'game.agaii.org\', port=443): Max retries exceeded with url: /mllm/v1/chat/completions (Caused by ReadTimeoutError("HTTPSConnectionPool(host=\'game.agaii.org\', port=443): Read timed out. (read timeout=180)"))'))
[ReasonBench] marked_unscorable example_id=ARC-Challenge:train:Mercury_SC_402619 strategy=direct error_records=638
[ReasonBench] error example_id=ARC-Challenge:train:Mercury_SC_402619 strategy=concise_cot error=ConnectionError(MaxRetryError('HTTPSConnectionPool(host=\'game.agaii.org\', port=443): Max retries exceeded with url: /mllm/v1/chat/completions (Caused by ReadTimeoutError("HTTPSConnectionPool(host=\'game.agaii.org\', port=443): Read timed out. (read timeout=180)"))'))
[ReasonBench] marked_unscorable example_id=ARC-Challenge:train:Mercury_SC_402619 strategy=concise_cot error_records=639
[ReasonBench] error example_id=ARC-Challenge:train:Mercury_SC_402619 strategy=least_to_most error=ConnectionError(MaxRetryError('HTTPSConnectionPool(host=\'game.agaii.org\', port=443): Max retries exceeded with url: /mllm/v1/chat/completions (Caused by ReadTimeoutError("HTTPSConnectionPool(host=\'game.agaii.org\', port=443): Read timed out. (read timeout=180)"))'))
[ReasonBench] marked_unscorable example_id=ARC-Challenge:train:Mercury_SC_402619 strategy=least_to_most error_records=640
[ReasonBench] error example_id=ARC-Challenge:train:Mercury_SC_402619 strategy=self_verify error=ConnectionError(MaxRetryError('HTTPSConnectionPool(host=\'game.agaii.org\', port=443): Max retries exceeded with url: /mllm/v1/chat/completions (Caused by ReadTimeoutError("HTTPSConnectionPool(host=\'game.agaii.org\', port=443): Read timed out. (read timeout=180)"))'))
[ReasonBench] marked_unscorable example_id=ARC-Challenge:train:Mercury_SC_402619 strategy=self_verify error_records=641
[ReasonBench] error example_id=ARC-Challenge:train:Mercury_SC_402619 strategy=critique_refine error=ConnectionError(MaxRetryError('HTTPSConnectionPool(host=\'game.agaii.org\', port=443): Max retries exceeded with url: /mllm/v1/chat/completions (Caused by ReadTimeoutError("HTTPSConnectionPool(host=\'game.agaii.org\', port=443): Read timed out. (read timeout=180)"))'))
[ReasonBench] marked_unscorable example_id=ARC-Challenge:train:Mercury_SC_402619 strategy=critique_refine error_records=642
[ReasonBench] error example_id=ARC-Challenge:train:Mercury_SC_402619 strategy=self_consistency error=ConnectionError(MaxRetryError('HTTPSConnectionPool(host=\'game.agaii.org\', port=443): Max retries exceeded with url: /mllm/v1/chat/completions (Caused by ReadTimeoutError("HTTPSConnectionPool(host=\'game.agaii.org\', port=443): Read timed out. (read timeout=180)"))'))
[ReasonBench] marked_unscorable example_id=ARC-Challenge:train:Mercury_SC_402619 strategy=self_consistency error_records=643
[ReasonBench] error example_id=ARC-Challenge:train:Mercury_SC_402619 strategy=selective_self_consistency error=ConnectionError(MaxRetryError('HTTPSConnectionPool(host=\'game.agaii.org\', port=443): Max retries exceeded with url: /mllm/v1/chat/completions (Caused by ReadTimeoutError("HTTPSConnectionPool(host=\'game.agaii.org\', port=443): Read timed out. (read timeout=180)"))'))
[ReasonBench] marked_unscorable example_id=ARC-Challenge:train:Mercury_SC_402619 strategy=selective_self_consistency error_records=644
[ReasonBench] error example_id=ARC-Challenge:train:Mercury_SC_402619 strategy=budgeted_cascade error=ConnectionError(MaxRetryError('HTTPSConnectionPool(host=\'game.agaii.org\', port=443): Max retries exceeded with url: /mllm/v1/chat/completions (Caused by ReadTimeoutError("HTTPSConnectionPool(host=\'game.agaii.org\', port=443): Read timed out. (read timeout=180)"))'))
[ReasonBench] marked_unscorable example_id=ARC-Challenge:train:Mercury_SC_402619 strategy=budgeted_cascade error_records=645
[ReasonBench] error example_id=ARC-Challenge:train:Mercury_SC_402619 strategy=few_shot_exemplar error=ConnectionError(MaxRetryError('HTTPSConnectionPool(host=\'game.agaii.org\', port=443): Max retries exceeded with url: /mllm/v1/chat/completions (Caused by ReadTimeoutError("HTTPSConnectionPool(host=\'game.agaii.org\', port=443): Read timed out. (read timeout=180)"))'))
[ReasonBench] marked_unscorable example_id=ARC-Challenge:train:Mercury_SC_402619 strategy=few_shot_exemplar error_records=646
[ReasonBench] error example_id=ARC-Challenge:train:Mercury_7040740 strategy=direct error=ConnectionError(MaxRetryError('HTTPSConnectionPool(host=\'game.agaii.org\', port=443): Max retries exceeded with url: /mllm/v1/chat/completions (Caused by ReadTimeoutError("HTTPSConnectionPool(host=\'game.agaii.org\', port=443): Read timed out. (read timeout=180)"))'))
[ReasonBench] marked_unscorable example_id=ARC-Challenge:train:Mercury_7040740 strategy=direct error_records=647
[ReasonBench] error example_id=ARC-Challenge:train:Mercury_7040740 strategy=concise_cot error=ConnectionError(MaxRetryError('HTTPSConnectionPool(host=\'game.agaii.org\', port=443): Max retries exceeded with url: /mllm/v1/chat/completions (Caused by ReadTimeoutError("HTTPSConnectionPool(host=\'game.agaii.org\', port=443): Read timed out. (read timeout=180)"))'))
[ReasonBench] marked_unscorable example_id=ARC-Challenge:train:Mercury_7040740 strategy=concise_cot error_records=648
[ReasonBench] error example_id=ARC-Challenge:train:Mercury_7040740 strategy=least_to_most error=ConnectionError(MaxRetryError('HTTPSConnectionPool(host=\'game.agaii.org\', port=443): Max retries exceeded with url: /mllm/v1/chat/completions (Caused by ReadTimeoutError("HTTPSConnectionPool(host=\'game.agaii.org\', port=443): Read timed out. (read timeout=180)"))'))
[ReasonBench] marked_unscorable example_id=ARC-Challenge:train:Mercury_7040740 strategy=least_to_most error_records=649
[ReasonBench] error example_id=ARC-Challenge:train:Mercury_7040740 strategy=constraint_decompose error=ConnectionError(MaxRetryError('HTTPSConnectionPool(host=\'game.agaii.org\', port=443): Max retries exceeded with url: /mllm/v1/chat/completions (Caused by ReadTimeoutError("HTTPSConnectionPool(host=\'game.agaii.org\', port=443): Read timed out. (read timeout=180)"))'))
[ReasonBench] marked_unscorable example_id=ARC-Challenge:train:Mercury_7040740 strategy=constraint_decompose error_records=650
[ReasonBench] error example_id=ARC-Challenge:train:Mercury_7040740 strategy=self_verify error=ConnectionError(MaxRetryError('HTTPSConnectionPool(host=\'game.agaii.org\', port=443): Max retries exceeded with url: /mllm/v1/chat/completions (Caused by ReadTimeoutError("HTTPSConnectionPool(host=\'game.agaii.org\', port=443): Read timed out. (read timeout=180)"))'))
[ReasonBench] marked_unscorable example_id=ARC-Challenge:train:Mercury_7040740 strategy=self_verify error_records=651
[ReasonBench] error example_id=ARC-Challenge:train:Mercury_7040740 strategy=critique_refine error=ConnectionError(MaxRetryError('HTTPSConnectionPool(host=\'game.agaii.org\', port=443): Max retries exceeded with url: /mllm/v1/chat/completions (Caused by ReadTimeoutError("HTTPSConnectionPool(host=\'game.agaii.org\', port=443): Read timed out. (read timeout=180)"))'))
[ReasonBench] marked_unscorable example_id=ARC-Challenge:train:Mercury_7040740 strategy=critique_refine error_records=652
[ReasonBench] error example_id=ARC-Challenge:train:Mercury_7040740 strategy=self_consistency error=ConnectionError(MaxRetryError('HTTPSConnectionPool(host=\'game.agaii.org\', port=443): Max retries exceeded with url: /mllm/v1/chat/completions (Caused by ReadTimeoutError("HTTPSConnectionPool(host=\'game.agaii.org\', port=443): Read timed out. (read timeout=180)"))'))
[ReasonBench] marked_unscorable example_id=ARC-Challenge:train:Mercury_7040740 strategy=self_consistency error_records=653
[ReasonBench] error example_id=ARC-Challenge:train:Mercury_7040740 strategy=selective_self_consistency error=ConnectionError(MaxRetryError('HTTPSConnectionPool(host=\'game.agaii.org\', port=443): Max retries exceeded with url: /mllm/v1/chat/completions (Caused by ReadTimeoutError("HTTPSConnectionPool(host=\'game.agaii.org\', port=443): Read timed out. (read timeout=180)"))'))
[ReasonBench] marked_unscorable example_id=ARC-Challenge:train:Mercury_7040740 strategy=selective_self_consistency error_records=654
[ReasonBench] error example_id=ARC-Challenge:train:Mercury_7040740 strategy=budgeted_cascade error=ConnectionError(MaxRetryError('HTTPSConnectionPool(host=\'game.agaii.org\', port=443): Max retries exceeded with url: /mllm/v1/chat/completions (Caused by ReadTimeoutError("HTTPSConnectionPool(host=\'game.agaii.org\', port=443): Read timed out. (read timeout=180)"))'))
[ReasonBench] marked_unscorable example_id=ARC-Challenge:train:Mercury_7040740 strategy=budgeted_cascade error_records=655
[ReasonBench] error example_id=ARC-Challenge:train:Mercury_7040740 strategy=few_shot_exemplar error=ConnectionError(MaxRetryError('HTTPSConnectionPool(host=\'game.agaii.org\', port=443): Max retries exceeded with url: /mllm/v1/chat/completions (Caused by ReadTimeoutError("HTTPSConnectionPool(host=\'game.agaii.org\', port=443): Read timed out. (read timeout=180)"))'))
[ReasonBench] marked_unscorable example_id=ARC-Challenge:train:Mercury_7040740 strategy=few_shot_exemplar error_records=656
[ReasonBench] error example_id=ARC-Challenge:train:MSA_2012_8_8 strategy=direct error=ConnectionError(MaxRetryError('HTTPSConnectionPool(host=\'game.agaii.org\', port=443): Max retries exceeded with url: /mllm/v1/chat/completions (Caused by ReadTimeoutError("HTTPSConnectionPool(host=\'game.agaii.org\', port=443): Read timed out. (read timeout=180)"))'))
[ReasonBench] marked_unscorable example_id=ARC-Challenge:train:MSA_2012_8_8 strategy=direct error_records=657
[ReasonBench] error example_id=ARC-Challenge:train:MSA_2012_8_8 strategy=concise_cot error=ConnectionError(MaxRetryError('HTTPSConnectionPool(host=\'game.agaii.org\', port=443): Max retries exceeded with url: /mllm/v1/chat/completions (Caused by ReadTimeoutError("HTTPSConnectionPool(host=\'game.agaii.org\', port=443): Read timed out. (read timeout=180)"))'))
[ReasonBench] marked_unscorable example_id=ARC-Challenge:train:MSA_2012_8_8 strategy=concise_cot error_records=658
[ReasonBench] error example_id=ARC-Challenge:train:MSA_2012_8_8 strategy=least_to_most error=ConnectionError(MaxRetryError('HTTPSConnectionPool(host=\'game.agaii.org\', port=443): Max retries exceeded with url: /mllm/v1/chat/completions (Caused by ReadTimeoutError("HTTPSConnectionPool(host=\'game.agaii.org\', port=443): Read timed out. (read timeout=180)"))'))
[ReasonBench] marked_unscorable example_id=ARC-Challenge:train:MSA_2012_8_8 strategy=least_to_most error_records=659
[ReasonBench] error example_id=ARC-Challenge:train:MSA_2012_8_8 strategy=constraint_decompose error=ConnectionError(MaxRetryError('HTTPSConnectionPool(host=\'game.agaii.org\', port=443): Max retries exceeded with url: /mllm/v1/chat/completions (Caused by ReadTimeoutError("HTTPSConnectionPool(host=\'game.agaii.org\', port=443): Read timed out. (read timeout=180)"))'))
[ReasonBench] marked_unscorable example_id=ARC-Challenge:train:MSA_2012_8_8 strategy=constraint_decompose error_records=660
[ReasonBench] error example_id=ARC-Challenge:train:MSA_2012_8_8 strategy=self_verify error=ConnectionError(MaxRetryError('HTTPSConnectionPool(host=\'game.agaii.org\', port=443): Max retries exceeded with url: /mllm/v1/chat/completions (Caused by ReadTimeoutError("HTTPSConnectionPool(host=\'game.agaii.org\', port=443): Read timed out. (read timeout=180)"))'))
[ReasonBench] marked_unscorable example_id=ARC-Challenge:train:MSA_2012_8_8 strategy=self_verify error_records=661
[ReasonBench] error example_id=ARC-Challenge:train:MSA_2012_8_8 strategy=critique_refine error=ConnectionError(MaxRetryError('HTTPSConnectionPool(host=\'game.agaii.org\', port=443): Max retries exceeded with url: /mllm/v1/chat/completions (Caused by ReadTimeoutError("HTTPSConnectionPool(host=\'game.agaii.org\', port=443): Read timed out. (read timeout=180)"))'))
[ReasonBench] marked_unscorable example_id=ARC-Challenge:train:MSA_2012_8_8 strategy=critique_refine error_records=662
[ReasonBench] error example_id=ARC-Challenge:train:MSA_2012_8_8 strategy=self_consistency error=ConnectionError(MaxRetryError('HTTPSConnectionPool(host=\'game.agaii.org\', port=443): Max retries exceeded with url: /mllm/v1/chat/completions (Caused by ReadTimeoutError("HTTPSConnectionPool(host=\'game.agaii.org\', port=443): Read timed out. (read timeout=180)"))'))
[ReasonBench] marked_unscorable example_id=ARC-Challenge:train:MSA_2012_8_8 strategy=self_consistency error_records=663
[ReasonBench] error example_id=ARC-Challenge:train:MSA_2012_8_8 strategy=selective_self_consistency error=ConnectionError(MaxRetryError('HTTPSConnectionPool(host=\'game.agaii.org\', port=443): Max retries exceeded with url: /mllm/v1/chat/completions (Caused by ReadTimeoutError("HTTPSConnectionPool(host=\'game.agaii.org\', port=443): Read timed out. (read timeout=180)"))'))
[ReasonBench] marked_unscorable example_id=ARC-Challenge:train:MSA_2012_8_8 strategy=selective_self_consistency error_records=664
[ReasonBench] error example_id=ARC-Challenge:train:MSA_2012_8_8 strategy=budgeted_cascade error=ConnectionError(MaxRetryError('HTTPSConnectionPool(host=\'game.agaii.org\', port=443): Max retries exceeded with url: /mllm/v1/chat/completions (Caused by ReadTimeoutError("HTTPSConnectionPool(host=\'game.agaii.org\', port=443): Read timed out. (read timeout=180)"))'))
[ReasonBench] marked_unscorable example_id=ARC-Challenge:train:MSA_2012_8_8 strategy=budgeted_cascade error_records=665
[ReasonBench] error example_id=ARC-Challenge:train:MSA_2012_8_8 strategy=few_shot_exemplar error=ConnectionError(MaxRetryError('HTTPSConnectionPool(host=\'game.agaii.org\', port=443): Max retries exceeded with url: /mllm/v1/chat/completions (Caused by ReadTimeoutError("HTTPSConnectionPool(host=\'game.agaii.org\', port=443): Read timed out. (read timeout=180)"))'))
[ReasonBench] marked_unscorable example_id=ARC-Challenge:train:MSA_2012_8_8 strategy=few_shot_exemplar error_records=666
[ReasonBench] error example_id=ARC-Challenge:train:Mercury_7094238 strategy=direct error=ConnectionError(MaxRetryError('HTTPSConnectionPool(host=\'game.agaii.org\', port=443): Max retries exceeded with url: /mllm/v1/chat/completions (Caused by ReadTimeoutError("HTTPSConnectionPool(host=\'game.agaii.org\', port=443): Read timed out. (read timeout=180)"))'))
[ReasonBench] marked_unscorable example_id=ARC-Challenge:train:Mercury_7094238 strategy=direct error_records=667
[ReasonBench] error example_id=ARC-Challenge:train:Mercury_7094238 strategy=concise_cot error=ConnectionError(MaxRetryError('HTTPSConnectionPool(host=\'game.agaii.org\', port=443): Max retries exceeded with url: /mllm/v1/chat/completions (Caused by ReadTimeoutError("HTTPSConnectionPool(host=\'game.agaii.org\', port=443): Read timed out. (read timeout=180)"))'))
[ReasonBench] marked_unscorable example_id=ARC-Challenge:train:Mercury_7094238 strategy=concise_cot error_records=668
[ReasonBench] error example_id=ARC-Challenge:train:Mercury_7094238 strategy=constraint_decompose error=ConnectionError(MaxRetryError('HTTPSConnectionPool(host=\'game.agaii.org\', port=443): Max retries exceeded with url: /mllm/v1/chat/completions (Caused by ReadTimeoutError("HTTPSConnectionPool(host=\'game.agaii.org\', port=443): Read timed out. (read timeout=180)"))'))
[ReasonBench] marked_unscorable example_id=ARC-Challenge:train:Mercury_7094238 strategy=constraint_decompose error_records=669
[ReasonBench] error example_id=ARC-Challenge:train:Mercury_7094238 strategy=self_verify error=ConnectionError(MaxRetryError('HTTPSConnectionPool(host=\'game.agaii.org\', port=443): Max retries exceeded with url: /mllm/v1/chat/completions (Caused by ReadTimeoutError("HTTPSConnectionPool(host=\'game.agaii.org\', port=443): Read timed out. (read timeout=180)"))'))
[ReasonBench] marked_unscorable example_id=ARC-Challenge:train:Mercury_7094238 strategy=self_verify error_records=670
[ReasonBench] error example_id=ARC-Challenge:train:Mercury_7094238 strategy=critique_refine error=ConnectionError(MaxRetryError('HTTPSConnectionPool(host=\'game.agaii.org\', port=443): Max retries exceeded with url: /mllm/v1/chat/completions (Caused by ReadTimeoutError("HTTPSConnectionPool(host=\'game.agaii.org\', port=443): Read timed out. (read timeout=180)"))'))
[ReasonBench] marked_unscorable example_id=ARC-Challenge:train:Mercury_7094238 strategy=critique_refine error_records=671
[ReasonBench] error example_id=ARC-Challenge:train:Mercury_7094238 strategy=self_consistency error=ConnectionError(MaxRetryError('HTTPSConnectionPool(host=\'game.agaii.org\', port=443): Max retries exceeded with url: /mllm/v1/chat/completions (Caused by ReadTimeoutError("HTTPSConnectionPool(host=\'game.agaii.org\', port=443): Read timed out. (read timeout=180)"))'))
[ReasonBench] marked_unscorable example_id=ARC-Challenge:train:Mercury_7094238 strategy=self_consistency error_records=672
[ReasonBench] error example_id=ARC-Challenge:train:Mercury_7094238 strategy=selective_self_consistency error=ConnectionError(MaxRetryError('HTTPSConnectionPool(host=\'game.agaii.org\', port=443): Max retries exceeded with url: /mllm/v1/chat/completions (Caused by ReadTimeoutError("HTTPSConnectionPool(host=\'game.agaii.org\', port=443): Read timed out. (read timeout=180)"))'))
[ReasonBench] marked_unscorable example_id=ARC-Challenge:train:Mercury_7094238 strategy=selective_self_consistency error_records=673
[ReasonBench] error example_id=ARC-Challenge:train:Mercury_7094238 strategy=budgeted_cascade error=ConnectionError(MaxRetryError('HTTPSConnectionPool(host=\'game.agaii.org\', port=443): Max retries exceeded with url: /mllm/v1/chat/completions (Caused by ReadTimeoutError("HTTPSConnectionPool(host=\'game.agaii.org\', port=443): Read timed out. (read timeout=180)"))'))
[ReasonBench] marked_unscorable example_id=ARC-Challenge:train:Mercury_7094238 strategy=budgeted_cascade error_records=674
[ReasonBench] error example_id=ARC-Challenge:train:Mercury_7094238 strategy=few_shot_exemplar error=ConnectionError(MaxRetryError('HTTPSConnectionPool(host=\'game.agaii.org\', port=443): Max retries exceeded with url: /mllm/v1/chat/completions (Caused by ReadTimeoutError("HTTPSConnectionPool(host=\'game.agaii.org\', port=443): Read timed out. (read timeout=180)"))'))
[ReasonBench] marked_unscorable example_id=ARC-Challenge:train:Mercury_7094238 strategy=few_shot_exemplar error_records=675
[ReasonBench] error example_id=ARC-Challenge:train:Mercury_7146090 strategy=direct error=ConnectionError(MaxRetryError('HTTPSConnectionPool(host=\'game.agaii.org\', port=443): Max retries exceeded with url: /mllm/v1/chat/completions (Caused by ReadTimeoutError("HTTPSConnectionPool(host=\'game.agaii.org\', port=443): Read timed out. (read timeout=180)"))'))
[ReasonBench] marked_unscorable example_id=ARC-Challenge:train:Mercury_7146090 strategy=direct error_records=676
[ReasonBench] error example_id=ARC-Challenge:train:Mercury_7146090 strategy=concise_cot error=ConnectionError(MaxRetryError('HTTPSConnectionPool(host=\'game.agaii.org\', port=443): Max retries exceeded with url: /mllm/v1/chat/completions (Caused by ReadTimeoutError("HTTPSConnectionPool(host=\'game.agaii.org\', port=443): Read timed out. (read timeout=180)"))'))
[ReasonBench] marked_unscorable example_id=ARC-Challenge:train:Mercury_7146090 strategy=concise_cot error_records=677
